This is LuaHBTeX, Version 1.24.0 (TeX Live 2026)  (format=lualatex 2026.5.26)  30 AUG 2026 15:02
 restricted system commands enabled.
 file:line:error style messages enabled.
**/Volumes/SSD_LPF/sonicSolver/sonicSolver/papers/book/CN/Frontiers_CFD_2006_zh
(/Volumes/SSD_LPF/sonicSolver/sonicSolver/papers/book/CN/Frontiers_CFD_2006_zh.tex
LaTeX2e <2025-11-01>
L3 programming layer <2026-01-19>
Lua module: luaotfload 2024-12-03 v3.29 Lua based OpenType font support
Lua module: lualibs 2023-07-13 v2.76 ConTeXt Lua standard libraries.
Lua module: lualibs-extended 2023-07-13 v2.76 ConTeXt Lua libraries -- extended collection.
luaotfload | conf : Root cache directory is "/Users/lpf/Library/texlive/2026/texmf-var/luatex-cache/generic/names".
luaotfload | init : Loading fontloader "fontloader-2023-12-28.lua" from kpse-resolved path "/usr/local/texlive/2026/texmf-dist/tex/luatex/luaotfload/fontloader-2023-12-28.lua".
Lua-only attribute luaotfload@noligature = 1
luaotfload | init : Context OpenType loader version 3.134
Inserting `luaotfload.node_processor' in `pre_linebreak_filter'.
Inserting `luaotfload.node_processor' in `hpack_filter'.
Inserting `luaotfload.glyph_stream' in `glyph_stream_provider'.
Inserting `luaotfload.define_font' in `define_font'.
Lua-only attribute luaotfload_color_attribute = 2
luaotfload | conf : Root cache directory is "/Users/lpf/Library/texlive/2026/texmf-var/luatex-cache/generic/names".
Inserting `luaotfload.harf.strip_prefix' in `find_opentype_file'.
Inserting `luaotfload.harf.strip_prefix' in `find_truetype_file'.
Removing  `luaotfload.glyph_stream' from `glyph_stream_provider'.
Inserting `luaotfload.harf.glyphstream' in `glyph_stream_provider'.
Inserting `luaotfload.harf.finalize_vlist' in `post_linebreak_filter'.
Inserting `luaotfload.harf.finalize_hlist' in `hpack_filter'.
Inserting `luaotfload.cleanup_files' in `wrapup_run'.
Inserting `luaotfload.harf.finalize_unicode' in `finish_pdffile'.
Inserting `luaotfload.glyphinfo' in `glyph_info'.
Lua-only attribute luaotfload.letterspace_done = 3
Inserting `luaotfload.aux.set_sscale_dimens' in `luaotfload.patch_font'.
Inserting `luaotfload.aux.set_font_index' in `luaotfload.patch_font'.
Inserting `luaotfload.aux.patch_cambria_domh' in `luaotfload.patch_font'.
Inserting `luaotfload.aux.fixup_fontdata' in `luaotfload.patch_font_unsafe'.
Inserting `luaotfload.aux.set_capheight' in `luaotfload.patch_font'.
Inserting `luaotfload.aux.set_xheight' in `luaotfload.patch_font'.
Inserting `luaotfload.rewrite_fontname' in `luaotfload.patch_font'.
Inserting `tracingstacklevels' in `input_level_string'. (/usr/local/texlive/2026/texmf-dist/tex/latex/ctex/ctexbook.cls (/usr/local/texlive/2026/texmf-dist/tex/latex/ctex/config/ctexbackend.cfg
File: ctexbackend.cfg 2022/07/14 v2.5.10 Backend configuration file (CTEX)
) (/usr/local/texlive/2026/texmf-dist/tex/latex/l3kernel/expl3.sty
Package: expl3 2026-01-19 L3 programming layer (loader) 
 (/usr/local/texlive/2026/texmf-dist/tex/latex/l3backend/l3backend-luatex.def
File: l3backend-luatex.def 2025-10-09 L3 backend support: PDF output (LuaTeX)
\l__color_backend_stack_int=\count273
Inserting `l3color' in `luaotfload.parse_color'.))
Document Class: ctexbook 2022/07/14 v2.5.10 Chinese adapter for class book (CTEX)
(/usr/local/texlive/2026/texmf-dist/tex/latex/ctex/ctexhook.sty
Package: ctexhook 2022/07/14 v2.5.10 Document and package hooks (CTEX)
\c__ctex_package_cctab=\catcodetable14
) (/usr/local/texlive/2026/texmf-dist/tex/latex/ctex/ctexpatch.sty
Package: ctexpatch 2022/07/14 v2.5.10 Patching commands (CTEX)
) (/usr/local/texlive/2026/texmf-dist/tex/latex/base/fix-cm.sty
Package: fix-cm 2020/11/24 v1.1t fixes to LaTeX
 (/usr/local/texlive/2026/texmf-dist/tex/latex/base/ts1enc.def
File: ts1enc.def 2001/06/05 v3.0e (jk/car/fm) Standard LaTeX file
LaTeX Font Info:    Redeclaring font encoding TS1 on input line 47.
LaTeX Encoding Info:    Redeclaring text command \capitalcedilla (encoding TS1) on input line 49.
LaTeX Encoding Info:    Redeclaring text command \capitalogonek (encoding TS1) on input line 52.
LaTeX Encoding Info:    Redeclaring text command \capitalgrave (encoding TS1) on input line 55.
LaTeX Encoding Info:    Redeclaring text command \capitalacute (encoding TS1) on input line 56.
LaTeX Encoding Info:    Redeclaring text command \capitalcircumflex (encoding TS1) on input line 57.
LaTeX Encoding Info:    Redeclaring text command \capitaltilde (encoding TS1) on input line 58.
LaTeX Encoding Info:    Redeclaring text command \capitaldieresis (encoding TS1) on input line 59.
LaTeX Encoding Info:    Redeclaring text command \capitalhungarumlaut (encoding TS1) on input line 60.
LaTeX Encoding Info:    Redeclaring text command \capitalring (encoding TS1) on input line 61.
LaTeX Encoding Info:    Redeclaring text command \capitalcaron (encoding TS1) on input line 62.
LaTeX Encoding Info:    Redeclaring text command \capitalbreve (encoding TS1) on input line 63.
LaTeX Encoding Info:    Redeclaring text command \capitalmacron (encoding TS1) on input line 64.
LaTeX Encoding Info:    Redeclaring text command \capitaldotaccent (encoding TS1) on input line 65.
LaTeX Encoding Info:    Redeclaring text command \t (encoding TS1) on input line 66.
LaTeX Encoding Info:    Redeclaring text command \capitaltie (encoding TS1) on input line 67.
LaTeX Encoding Info:    Redeclaring text command \newtie (encoding TS1) on input line 68.
LaTeX Encoding Info:    Redeclaring text command \capitalnewtie (encoding TS1) on input line 69.
LaTeX Encoding Info:    Redeclaring text symbol \textcapitalcompwordmark (encoding TS1) on input line 70.
LaTeX Encoding Info:    Redeclaring text symbol \textascendercompwordmark (encoding TS1) on input line 71.
LaTeX Encoding Info:    Redeclaring text symbol \textquotestraightbase (encoding TS1) on input line 72.
LaTeX Encoding Info:    Redeclaring text symbol \textquotestraightdblbase (encoding TS1) on input line 73.
LaTeX Encoding Info:    Redeclaring text symbol \texttwelveudash (encoding TS1) on input line 74.
LaTeX Encoding Info:    Redeclaring text symbol \textthreequartersemdash (encoding TS1) on input line 75.
LaTeX Encoding Info:    Redeclaring text symbol \textleftarrow (encoding TS1) on input line 76.
LaTeX Encoding Info:    Redeclaring text symbol \textrightarrow (encoding TS1) on input line 77.
LaTeX Encoding Info:    Redeclaring text symbol \textblank (encoding TS1) on input line 78.
LaTeX Encoding Info:    Redeclaring text symbol \textdollar (encoding TS1) on input line 79.
LaTeX Encoding Info:    Redeclaring text symbol \textquotesingle (encoding TS1) on input line 80.
LaTeX Encoding Info:    Redeclaring text command \textasteriskcentered (encoding TS1) on input line 81.
LaTeX Encoding Info:    Redeclaring text symbol \textdblhyphen (encoding TS1) on input line 92.
LaTeX Encoding Info:    Redeclaring text symbol \textfractionsolidus (encoding TS1) on input line 93.
LaTeX Encoding Info:    Redeclaring text symbol \textzerooldstyle (encoding TS1) on input line 94.
LaTeX Encoding Info:    Redeclaring text symbol \textoneoldstyle (encoding TS1) on input line 95.
LaTeX Encoding Info:    Redeclaring text symbol \texttwooldstyle (encoding TS1) on input line 96.
LaTeX Encoding Info:    Redeclaring text symbol \textthreeoldstyle (encoding TS1) on input line 97.
LaTeX Encoding Info:    Redeclaring text symbol \textfouroldstyle (encoding TS1) on input line 98.
LaTeX Encoding Info:    Redeclaring text symbol \textfiveoldstyle (encoding TS1) on input line 99.
LaTeX Encoding Info:    Redeclaring text symbol \textsixoldstyle (encoding TS1) on input line 100.
LaTeX Encoding Info:    Redeclaring text symbol \textsevenoldstyle (encoding TS1) on input line 101.
LaTeX Encoding Info:    Redeclaring text symbol \texteightoldstyle (encoding TS1) on input line 102.
LaTeX Encoding Info:    Redeclaring text symbol \textnineoldstyle (encoding TS1) on input line 103.
LaTeX Encoding Info:    Redeclaring text symbol \textlangle (encoding TS1) on input line 104.
LaTeX Encoding Info:    Redeclaring text symbol \textminus (encoding TS1) on input line 105.
LaTeX Encoding Info:    Redeclaring text symbol \textrangle (encoding TS1) on input line 106.
LaTeX Encoding Info:    Redeclaring text symbol \textmho (encoding TS1) on input line 107.
LaTeX Encoding Info:    Redeclaring text symbol \textbigcircle (encoding TS1) on input line 108.
LaTeX Encoding Info:    Redeclaring text command \textcircled (encoding TS1) on input line 109.
LaTeX Encoding Info:    Redeclaring text symbol \textohm (encoding TS1) on input line 115.
LaTeX Encoding Info:    Redeclaring text symbol \textlbrackdbl (encoding TS1) on input line 116.
LaTeX Encoding Info:    Redeclaring text symbol \textrbrackdbl (encoding TS1) on input line 117.
LaTeX Encoding Info:    Redeclaring text symbol \textuparrow (encoding TS1) on input line 118.
LaTeX Encoding Info:    Redeclaring text symbol \textdownarrow (encoding TS1) on input line 119.
LaTeX Encoding Info:    Redeclaring text symbol \textasciigrave (encoding TS1) on input line 120.
LaTeX Encoding Info:    Redeclaring text symbol \textborn (encoding TS1) on input line 121.
LaTeX Encoding Info:    Redeclaring text symbol \textdivorced (encoding TS1) on input line 122.
LaTeX Encoding Info:    Redeclaring text symbol \textdied (encoding TS1) on input line 123.
LaTeX Encoding Info:    Redeclaring text symbol \textleaf (encoding TS1) on input line 124.
LaTeX Encoding Info:    Redeclaring text symbol \textmarried (encoding TS1) on input line 125.
LaTeX Encoding Info:    Redeclaring text symbol \textmusicalnote (encoding TS1) on input line 126.
LaTeX Encoding Info:    Redeclaring text symbol \texttildelow (encoding TS1) on input line 127.
LaTeX Encoding Info:    Redeclaring text symbol \textdblhyphenchar (encoding TS1) on input line 128.
LaTeX Encoding Info:    Redeclaring text symbol \textasciibreve (encoding TS1) on input line 129.
LaTeX Encoding Info:    Redeclaring text symbol \textasciicaron (encoding TS1) on input line 130.
LaTeX Encoding Info:    Redeclaring text symbol \textacutedbl (encoding TS1) on input line 131.
LaTeX Encoding Info:    Redeclaring text symbol \textgravedbl (encoding TS1) on input line 132.
LaTeX Encoding Info:    Redeclaring text symbol \textdagger (encoding TS1) on input line 133.
LaTeX Encoding Info:    Redeclaring text symbol \textdaggerdbl (encoding TS1) on input line 134.
LaTeX Encoding Info:    Redeclaring text symbol \textbardbl (encoding TS1) on input line 135.
LaTeX Encoding Info:    Redeclaring text symbol \textperthousand (encoding TS1) on input line 136.
LaTeX Encoding Info:    Redeclaring text symbol \textbullet (encoding TS1) on input line 137.
LaTeX Encoding Info:    Redeclaring text symbol \textcelsius (encoding TS1) on input line 138.
LaTeX Encoding Info:    Redeclaring text symbol \textdollaroldstyle (encoding TS1) on input line 139.
LaTeX Encoding Info:    Redeclaring text symbol \textcentoldstyle (encoding TS1) on input line 140.
LaTeX Encoding Info:    Redeclaring text symbol \textflorin (encoding TS1) on input line 141.
LaTeX Encoding Info:    Redeclaring text symbol \textcolonmonetary (encoding TS1) on input line 142.
LaTeX Encoding Info:    Redeclaring text symbol \textwon (encoding TS1) on input line 143.
LaTeX Encoding Info:    Redeclaring text symbol \textnaira (encoding TS1) on input line 144.
LaTeX Encoding Info:    Redeclaring text symbol \textguarani (encoding TS1) on input line 145.
LaTeX Encoding Info:    Redeclaring text symbol \textpeso (encoding TS1) on input line 146.
LaTeX Encoding Info:    Redeclaring text symbol \textlira (encoding TS1) on input line 147.
LaTeX Encoding Info:    Redeclaring text symbol \textrecipe (encoding TS1) on input line 148.
LaTeX Encoding Info:    Redeclaring text symbol \textinterrobang (encoding TS1) on input line 149.
LaTeX Encoding Info:    Redeclaring text symbol \textinterrobangdown (encoding TS1) on input line 150.
LaTeX Encoding Info:    Redeclaring text symbol \textdong (encoding TS1) on input line 151.
LaTeX Encoding Info:    Redeclaring text symbol \texttrademark (encoding TS1) on input line 152.
LaTeX Encoding Info:    Redeclaring text symbol \textpertenthousand (encoding TS1) on input line 153.
LaTeX Encoding Info:    Redeclaring text symbol \textpilcrow (encoding TS1) on input line 154.
LaTeX Encoding Info:    Redeclaring text symbol \textbaht (encoding TS1) on input line 155.
LaTeX Encoding Info:    Redeclaring text symbol \textnumero (encoding TS1) on input line 156.
LaTeX Encoding Info:    Redeclaring text symbol \textdiscount (encoding TS1) on input line 157.
LaTeX Encoding Info:    Redeclaring text symbol \textestimated (encoding TS1) on input line 158.
LaTeX Encoding Info:    Redeclaring text symbol \textopenbullet (encoding TS1) on input line 159.
LaTeX Encoding Info:    Redeclaring text symbol \textservicemark (encoding TS1) on input line 160.
LaTeX Encoding Info:    Redeclaring text symbol \textlquill (encoding TS1) on input line 161.
LaTeX Encoding Info:    Redeclaring text symbol \textrquill (encoding TS1) on input line 162.
LaTeX Encoding Info:    Redeclaring text symbol \textcent (encoding TS1) on input line 163.
LaTeX Encoding Info:    Redeclaring text symbol \textsterling (encoding TS1) on input line 164.
LaTeX Encoding Info:    Redeclaring text symbol \textcurrency (encoding TS1) on input line 165.
LaTeX Encoding Info:    Redeclaring text symbol \textyen (encoding TS1) on input line 166.
LaTeX Encoding Info:    Redeclaring text symbol \textbrokenbar (encoding TS1) on input line 167.
LaTeX Encoding Info:    Redeclaring text symbol \textsection (encoding TS1) on input line 168.
LaTeX Encoding Info:    Redeclaring text symbol \textasciidieresis (encoding TS1) on input line 169.
LaTeX Encoding Info:    Redeclaring text symbol \textcopyright (encoding TS1) on input line 170.
LaTeX Encoding Info:    Redeclaring text symbol \textordfeminine (encoding TS1) on input line 171.
LaTeX Encoding Info:    Redeclaring text symbol \textcopyleft (encoding TS1) on input line 172.
LaTeX Encoding Info:    Redeclaring text symbol \textlnot (encoding TS1) on input line 173.
LaTeX Encoding Info:    Redeclaring text symbol \textcircledP (encoding TS1) on input line 174.
LaTeX Encoding Info:    Redeclaring text symbol \textregistered (encoding TS1) on input line 175.
LaTeX Encoding Info:    Redeclaring text symbol \textasciimacron (encoding TS1) on input line 176.
LaTeX Encoding Info:    Redeclaring text symbol \textdegree (encoding TS1) on input line 177.
LaTeX Encoding Info:    Redeclaring text symbol \textpm (encoding TS1) on input line 178.
LaTeX Encoding Info:    Redeclaring text symbol \texttwosuperior (encoding TS1) on input line 179.
LaTeX Encoding Info:    Redeclaring text symbol \textthreesuperior (encoding TS1) on input line 180.
LaTeX Encoding Info:    Redeclaring text symbol \textasciiacute (encoding TS1) on input line 181.
LaTeX Encoding Info:    Redeclaring text symbol \textmu (encoding TS1) on input line 182.
LaTeX Encoding Info:    Redeclaring text symbol \textparagraph (encoding TS1) on input line 183.
LaTeX Encoding Info:    Redeclaring text symbol \textperiodcentered (encoding TS1) on input line 184.
LaTeX Encoding Info:    Redeclaring text symbol \textreferencemark (encoding TS1) on input line 185.
LaTeX Encoding Info:    Redeclaring text symbol \textonesuperior (encoding TS1) on input line 186.
LaTeX Encoding Info:    Redeclaring text symbol \textordmasculine (encoding TS1) on input line 187.
LaTeX Encoding Info:    Redeclaring text symbol \textsurd (encoding TS1) on input line 188.
LaTeX Encoding Info:    Redeclaring text symbol \textonequarter (encoding TS1) on input line 189.
LaTeX Encoding Info:    Redeclaring text symbol \textonehalf (encoding TS1) on input line 190.
LaTeX Encoding Info:    Redeclaring text symbol \textthreequarters (encoding TS1) on input line 191.
LaTeX Encoding Info:    Redeclaring text symbol \texteuro (encoding TS1) on input line 192.
LaTeX Encoding Info:    Redeclaring text symbol \texttimes (encoding TS1) on input line 193.
LaTeX Encoding Info:    Redeclaring text symbol \textdiv (encoding TS1) on input line 194.
))
\l__ctex_tmp_int=\count274
\l__ctex_tmp_box=\box53
\l__ctex_tmp_dim=\dimen147
\g__ctex_section_depth_int=\count275
\g__ctex_font_size_int=\count276
\g__cctab_next_cctab=\catcodetable15
 (/usr/local/texlive/2026/texmf-dist/tex/latex/ctex/config/ctexopts.cfg
File: ctexopts.cfg 2022/07/14 v2.5.10 Option configuration file (CTEX)
) (/usr/local/texlive/2026/texmf-dist/tex/latex/base/book.cls
Document Class: book 2025/01/22 v1.4n Standard LaTeX document class
(/usr/local/texlive/2026/texmf-dist/tex/latex/base/bk11.clo
File: bk11.clo 2025/01/22 v1.4n Standard LaTeX file (size option)
luaotfload | db : Font names database not found, generating new one.
luaotfload | db : This can take several minutes; please be patient.)
\c@part=\count277
\c@chapter=\count278
\c@section=\count279
\c@subsection=\count280
\c@subsubsection=\count281
\c@paragraph=\count282
\c@subparagraph=\count283
\c@figure=\count284
\c@table=\count285
\abovecaptionskip=\skip49
\belowcaptionskip=\skip50
\bibindent=\dimen148
) (/usr/local/texlive/2026/texmf-dist/tex/latex/ctex/engine/ctex-engine-luatex.def
File: ctex-engine-luatex.def 2022/07/14 v2.5.10 LuaLaTeX adapter (CTEX)
 (/usr/local/texlive/2026/texmf-dist/tex/luatex/luatexja/luatexja.sty
Package: luatexja 2026-01-30 Japanese Typesetting with Lua(La)TeX
 (/usr/local/texlive/2026/texmf-dist/tex/luatex/luatexja/luatexja-core.sty
Package: luatexja-core 2023-10-07 Core of LuaTeX-ja
 (/usr/local/texlive/2026/texmf-dist/tex/generic/infwarerr/infwarerr.sty
Package: infwarerr 2019/12/03 v1.5 Providing info/warning/error messages (HO)
) (/usr/local/texlive/2026/texmf-dist/tex/luatex/luatexbase/luatexbase.sty
Package: luatexbase 2015/10/04 v1.3 luatexbase interface to LuaTeX 
 (/usr/local/texlive/2026/texmf-dist/tex/luatex/ctablestack/ctablestack.sty
Package: ctablestack 2015/10/01 v1.0 Catcode table stable support
\@catcodetablestackcnt=\count286
)
\CatcodeTableOther=\catcodetable16
\CatcodeTableExpl=\catcodetable17
) (/usr/local/texlive/2026/texmf-dist/tex/generic/ltxcmds/ltxcmds.sty
Package: ltxcmds 2023-12-04 v1.26 LaTeX kernel commands for general use (HO)
) (/usr/local/texlive/2026/texmf-dist/tex/generic/pdftexcmds/pdftexcmds.sty
Package: pdftexcmds 2020-06-27 v0.33 Utility functions of pdfTeX for LuaTeX (HO)
 (/usr/local/texlive/2026/texmf-dist/tex/generic/iftex/iftex.sty
Package: iftex 2024/12/12 v1.0g TeX engine tests
)
Package pdftexcmds Info: \pdf@primitive is available.
Package pdftexcmds Info: \pdf@ifprimitive is available.
Package pdftexcmds Info: \pdfdraftmode found.
\pdftexcmds@toks=\toks17
) (/usr/local/texlive/2026/texmf-dist/tex/latex/xkeyval/xkeyval.sty
Package: xkeyval 2025/11/04 v2.10 package option processing (HA)
 (/usr/local/texlive/2026/texmf-dist/tex/generic/xkeyval/xkeyval.tex (/usr/local/texlive/2026/texmf-dist/tex/generic/xkeyval/xkvutils.tex
\XKV@toks=\toks18
\XKV@tempa@toks=\toks19
\XKV@tempb@toks=\toks20
 (/usr/local/texlive/2026/texmf-dist/tex/generic/xkeyval/keyval.tex))
\XKV@depth=\count287
File: xkeyval.tex 2014/12/03 v2.7a key=value parser (HA)
)) (/usr/local/texlive/2026/texmf-dist/tex/latex/etoolbox/etoolbox.sty
Package: etoolbox 2025/10/02 v2.5m e-TeX tools for LaTeX (JAW)
\etb@tempcnta=\count288
) (/usr/local/texlive/2026/texmf-dist/tex/latex/everyhook/everyhook.sty (/usr/local/texlive/2026/texmf-dist/tex/latex/svn-prov/svn-prov.sty
Package: svn-prov 2010/04/24 v3.1862 Package Date/Version from SVN Keywords
)
Package: everyhook 2014/11/26 v1.2 (SVN Rev: 12)\ Hooks for low level TeX everyX primitives.
\everypar=\toks21
\frozen@everymath=\toks22
\frozen@everydisplay=\toks23
\everyhbox=\toks24
\everyvbox=\toks25
\everycr=\toks26
)
\ltjlineendcomment=\count289
\ltj@dimen@zw=\dimen149
\ltj@dimen@zh=\dimen150
\ltj@dimen@jQ=\dimen151
\ltj@icflag=\attribute4
\ltj@curjfnt=\attribute5
\ltj@curtfnt=\attribute6
\ltj@charclass=\attribute7
\ltj@charcode=\attribute8
\ltj@autospc=\attribute9
\ltj@autoxspc=\attribute10
\ltj@yablshift=\attribute11
\ltj@ykblshift=\attribute12
\ltj@tablshift=\attribute13
\ltj@tkblshift=\attribute14
\jfam=\attribute15
\ltj@vert@ori=\attribute16
\ltj@dir=\attribute17
\ltj@@japanese=\language2
\ltj@tempcnta=\count290
\ltj@tempdima=\dimen152
\ltj@@stack=\count291
\ltj@@group@level=\count292
\ltj@kcat0=\attribute18
\ltj@kcat1=\attribute19
\ltj@kcat2=\attribute20
\ltj@kcat3=\attribute21
\ltj@kcat4=\attribute22
\ltj@kcat5=\attribute23
\ltj@kcat6=\attribute24
Custom whatsit inhibitglue = 1
Custom whatsit stack_marker = 2
Custom whatsit begin_par = 3
Custom whatsit direction = 4
Custom whatsit box_boundary = 5
Custom whatsit ja_al_boundary = 6
Module luatexbase Info: Uninstalling kernel luatexbase code on input line 184
(save cache: /Users/lpf/Library/texlive/2026/texmf-var/luatexja/ltj-cid-auto-adobe-japan1.lua.gz)(save cache: /Users/lpf/Library/texlive/2026/texmf-var/luatexja/ltj-cid-auto-adobe-japan1.luc)
Lua module: luatexja.charrange 2022-08-19 Handling the range of Japanese characters
Lua module: luatexja.stack 2022-08-20 LuaTeX-ja stack system
Inserting `ltj.create_dir_whatsit' in `hpack_filter'.
Inserting `ltj.create_dir_whatsit' in `post_linebreak_filter'.
Inserting `ltj.direction' in `vpack_filter'.
Inserting `ltj.direction' in `pre_output_filter'.
Inserting `ltj.lineskip' in `post_linebreak_filter'.
Inserting `ltj.lineskip' in `append_to_vlist_filter'.
Lua module: luatexja.jfont 2025-05-04 Loader for Japanese fonts
Removing  `luaotfload.define_font' from `define_font'.
Inserting `luatexja.font_callback' in `define_font'.
Removing  `luaotfload.aux.set_sscale_dimens' from `luaotfload.patch_font'.
Removing  `luaotfload.aux.set_font_index' from `luaotfload.patch_font'.
Removing  `luaotfload.aux.patch_cambria_domh' from `luaotfload.patch_font'.
Removing  `luaotfload.aux.set_capheight' from `luaotfload.patch_font'.
Removing  `luaotfload.aux.set_xheight' from `luaotfload.patch_font'.
Removing  `luaotfload.rewrite_fontname' from `luaotfload.patch_font'.
Inserting `ltj.prepare_extra_data' in `luaotfload.patch_font'.
Inserting `luaotfload.aux.set_sscale_dimens' in `luaotfload.patch_font'.
Inserting `luaotfload.aux.set_font_index' in `luaotfload.patch_font'.
Inserting `luaotfload.aux.patch_cambria_domh' in `luaotfload.patch_font'.
Inserting `luaotfload.aux.set_capheight' in `luaotfload.patch_font'.
Inserting `luaotfload.aux.set_xheight' in `luaotfload.patch_font'.
Inserting `luaotfload.rewrite_fontname' in `luaotfload.patch_font'.
Inserting `ltj.prepare_extra_data' in `luatexja.define_font'.(save cache: /Users/lpf/Library/texlive/2026/texmf-var/luatexja/extra_lmroman10-regular.lua.gz)(save cache: /Users/lpf/Library/texlive/2026/texmf-var/luatexja/extra_lmroman10-regular.luc)
Inserting `ltj.get_vert_form' in `luatexja.define_jfont'.
Removing  `ltj.prepare_extra_data' from `luaotfload.patch_font'.
Removing  `luaotfload.aux.set_sscale_dimens' from `luaotfload.patch_font'.
Removing  `luaotfload.aux.set_font_index' from `luaotfload.patch_font'.
Removing  `luaotfload.aux.patch_cambria_domh' from `luaotfload.patch_font'.
Removing  `luaotfload.aux.set_capheight' from `luaotfload.patch_font'.
Removing  `luaotfload.aux.set_xheight' from `luaotfload.patch_font'.
Removing  `luaotfload.rewrite_fontname' from `luaotfload.patch_font'.
Inserting `ltj.supply_tounicode' in `luaotfload.patch_font'.
Inserting `ltj.prepare_extra_data' in `luaotfload.patch_font'.
Inserting `luaotfload.aux.set_sscale_dimens' in `luaotfload.patch_font'.
Inserting `luaotfload.aux.set_font_index' in `luaotfload.patch_font'.
Inserting `luaotfload.aux.patch_cambria_domh' in `luaotfload.patch_font'.
Inserting `luaotfload.aux.set_capheight' in `luaotfload.patch_font'.
Inserting `luaotfload.aux.set_xheight' in `luaotfload.patch_font'.
Inserting `luaotfload.rewrite_fontname' in `luaotfload.patch_font'.
Inserting `ltj.process_input_buffer' in `process_input_buffer'.
Inserting `ltj.hyphenate' in `hyphenate'.
Removing  `luaotfload.node_processor' from `hpack_filter'.
Removing  `luaotfload.harf.finalize_hlist' from `hpack_filter'.
Removing  `ltj.create_dir_whatsit' from `hpack_filter'.
Inserting `ltj.set_stack_level' in `hpack_filter'.
Inserting `luaotfload.node_processor' in `hpack_filter'.
Inserting `luaotfload.harf.finalize_hlist' in `hpack_filter'.
Inserting `ltj.create_dir_whatsit' in `hpack_filter'.
Removing  `luaotfload.node_processor' from `pre_linebreak_filter'.
Inserting `ltj.set_stack_level' in `pre_linebreak_filter'.
Inserting `luaotfload.node_processor' in `pre_linebreak_filter'.
Lua module: luatexja.jfmglue 2026-01-07 Insertion process of JFM glues, [x]kanjiskip and others
Inserting `luatexja.beginpar.np_info' in `luatexja.jfmglue.whatsit_getinfo'.
Inserting `luatexja.beginpar.np_info_after' in `luatexja.jfmglue.whatsit_after'.
Inserting `ltj.mlist_to_hlist_pre' in `pre_mlist_to_hlist_filter'.
Inserting `ltj.main' in `pre_linebreak_filter'.
Removing  `luaotfload.harf.finalize_hlist' from `hpack_filter'.
Removing  `ltj.create_dir_whatsit' from `hpack_filter'.
Inserting `ltj.main' in `hpack_filter'.
Inserting `luaotfload.harf.finalize_hlist' in `hpack_filter'.
Inserting `ltj.create_dir_whatsit' in `hpack_filter'.
Removing  `ltj.set_stack_level' from `pre_linebreak_filter'.
Removing  `luaotfload.node_processor' from `pre_linebreak_filter'.
Removing  `ltj.main' from `pre_linebreak_filter'.
Inserting `ltj.adjust_icflag' in `pre_linebreak_filter'.
Inserting `ltj.set_stack_level' in `pre_linebreak_filter'.
Inserting `luaotfload.node_processor' in `pre_linebreak_filter'.
Inserting `ltj.main' in `pre_linebreak_filter'.
Removing  `ltj.set_stack_level' from `hpack_filter'.
Removing  `luaotfload.node_processor' from `hpack_filter'.
Removing  `ltj.main' from `hpack_filter'.
Removing  `luaotfload.harf.finalize_hlist' from `hpack_filter'.
Removing  `ltj.create_dir_whatsit' from `hpack_filter'.
Inserting `ltj.adjust_icflag' in `hpack_filter'.
Inserting `ltj.set_stack_level' in `hpack_filter'.
Inserting `luaotfload.node_processor' in `hpack_filter'.
Inserting `ltj.main' in `hpack_filter'.
Inserting `luaotfload.harf.finalize_hlist' in `hpack_filter'.
Inserting `ltj.create_dir_whatsit' in `hpack_filter'. (/usr/local/texlive/2026/texmf-dist/tex/luatex/luatexja/ltj-base.sty
Package: ltj-base 2021-03-16
\ltj@tempcntb=\count293
\ltj@tempcntc=\count294
\ltj@afbox=\box54
)
\ltj@@italic@inner=\luafunction31
\ltj@@start@time@measure@inner=\luafunction32
\ltj@@stop@time@measure@inner=\luafunction33
\ltj@@jfont@inner=\luafunction34
\ltj@zw@inner=\luafunction35
\ltj@zh@inner=\luafunction36
\ltj@reset@globaldefs@inner=\luafunction37
\ltj@restore@globaldefs@inner=\luafunction38
\ltj@@disihb@inner=\luafunction39
\ltj@@ihb@inner=\luafunction40
\ltj@@fakeparbegin@inner=\luafunction41
\ltj@@fakeboxbdd@inner=\luafunction42
\ltj@@ins@xk@inner=\luafunction43
\ltj@@ins@k@inner=\luafunction44
\ltjsetkanjiskip@inner=\luafunction45
\ltjsetxkanjiskip@inner=\luafunction46
\ltj@@getparam@one@inner=\luafunction47
\ltj@alljachar@inner=\luafunction48
\ltj@@lua@populate@insertwhatsit@inner=\luafunction49
\ltj@@vadjust@begin@inner=\luafunction50
\ltj@@vadjust@dirhook@inner=\luafunction51
\ltj@@vadjust@check@dir@inner=\luafunction52
\ltj@@box@dirhook@inner=\luafunction53
\ltj@@reset@badness@inner=\luafunction54
\ltj@@lua@raisebox@inner=\luafunction55
\ltj@@vsplit@inner=\luafunction56
\ltj@@lua@unboxcheckdir@inner=\luafunction57
\ltj@@lua@uncopycheckdir@inner=\luafunction58
\ltj@@lua@uncopy@restore@whatsit@inner=\luafunction59
 (/usr/local/texlive/2026/texmf-dist/tex/luatex/luatexja/ltj-kinsoku.tex(save cache: /Users/lpf/Library/texlive/2026/texmf-var/luatexja/ltj-kinsoku_default.lua.gz)(save cache: /Users/lpf/Library/texlive/2026/texmf-var/luatexja/ltj-kinsoku_default.luc))

Package ctexhook Info: Package `ltj-latex' can not be loaded with `ctexbook'.

LaTeX Info: Package 'ltj-latex.sty' has been disabled.
            Load request ignored on input line 780.
\ltj@temp@cctb=\catcodetable18
) (/usr/local/texlive/2026/texmf-dist/tex/luatex/luatexja/luatexja-compat.sty
Package: luatexja-compat 2025-09-21 Compatibility with pTeX
(save cache: /Users/lpf/Library/texlive/2026/texmf-var/luatexja/ltj-jisx0208.luc)
\hour=\count295
\minute=\count296
)) (/usr/local/texlive/2026/texmf-dist/tex/latex/fontspec/fontspec.sty (/usr/local/texlive/2026/texmf-dist/tex/latex/l3packages/xparse/xparse.sty
Package: xparse 2025-10-09 L3 Experimental document command parser
)
Package: fontspec 2025/09/29 v2.9g Font selection for XeLaTeX and LuaLaTeX
Lua module: fontspec 2025/09/29 v2.9g Font selection for XeLaTeX and LuaLaTeX (/usr/local/texlive/2026/texmf-dist/tex/latex/fontspec/fontspec-luatex.sty
Package: fontspec-luatex 2025/09/29 v2.9g Font selection for XeLaTeX and LuaLaTeX
\l__fontspec_script_int=\count297
\l__fontspec_language_int=\count298
\l__fontspec_strnum_int=\count299
\l__fontspec_tmp_int=\count300
\l__fontspec_tmpa_int=\count301
\l__fontspec_tmpb_int=\count302
\l__fontspec_tmpc_int=\count303
\l__fontspec_em_int=\count304
\l__fontspec_emdef_int=\count305
\l__fontspec_strong_int=\count306
\l__fontspec_strongdef_int=\count307
\l__fontspec_tmpa_dim=\dimen153
\l__fontspec_tmpb_dim=\dimen154
\l__fontspec_tmpc_dim=\dimen155
 (/usr/local/texlive/2026/texmf-dist/tex/latex/base/fontenc.sty
Package: fontenc 2025/07/18 v2.1d Standard LaTeX package
) (/usr/local/texlive/2026/texmf-dist/tex/latex/fontspec/fontspec.cfg)(save cache: /Users/lpf/Library/texlive/2026/texmf-var/luatexja/extra_lmroman10-bold.lua.gz)(save cache: /Users/lpf/Library/texlive/2026/texmf-var/luatexja/extra_lmroman10-bold.luc)))
\g__cctab_next_cctab=\catcodetable19
 (/usr/local/texlive/2026/texmf-dist/tex/latex/base/tuenc.def
File: tuenc.def 2025/07/18 v2.1d Standard LaTeX file
\@remove@tlig@@@=\luafunction60
LaTeX Font Info:    Redeclaring font encoding TU on input line 105.
LaTeX Encoding Info:    Redeclaring text command \textquotesingle (encoding TU) on input line 148.
LaTeX Encoding Info:    Redeclaring text command \textasciigrave (encoding TU) on input line 149.
LaTeX Encoding Info:    Redeclaring text command \textquotedbl (encoding TU) on input line 150.
LaTeX Encoding Info:    Redeclaring text symbol \textdollar (encoding TU) on input line 151.
LaTeX Encoding Info:    Redeclaring text symbol \textless (encoding TU) on input line 152.
LaTeX Encoding Info:    Redeclaring text symbol \textgreater (encoding TU) on input line 153.
LaTeX Encoding Info:    Redeclaring text symbol \textbackslash (encoding TU) on input line 154.
LaTeX Encoding Info:    Redeclaring text symbol \textasciicircum (encoding TU) on input line 155.
LaTeX Encoding Info:    Redeclaring text symbol \textunderscore (encoding TU) on input line 156.
LaTeX Encoding Info:    Redeclaring text symbol \textbraceleft (encoding TU) on input line 157.
LaTeX Encoding Info:    Redeclaring text symbol \textbar (encoding TU) on input line 158.
LaTeX Encoding Info:    Redeclaring text symbol \textbraceright (encoding TU) on input line 159.
LaTeX Encoding Info:    Redeclaring text symbol \textasciitilde (encoding TU) on input line 160.
LaTeX Encoding Info:    Redeclaring text symbol \textexclamdown (encoding TU) on input line 161.
LaTeX Encoding Info:    Redeclaring text symbol \textcent (encoding TU) on input line 162.
LaTeX Encoding Info:    Redeclaring text symbol \textsterling (encoding TU) on input line 163.
LaTeX Encoding Info:    Redeclaring text symbol \textcurrency (encoding TU) on input line 164.
LaTeX Encoding Info:    Redeclaring text symbol \textyen (encoding TU) on input line 165.
LaTeX Encoding Info:    Redeclaring text symbol \textbrokenbar (encoding TU) on input line 166.
LaTeX Encoding Info:    Redeclaring text symbol \textsection (encoding TU) on input line 167.
LaTeX Encoding Info:    Redeclaring text symbol \textasciidieresis (encoding TU) on input line 168.
LaTeX Encoding Info:    Redeclaring text symbol \textcopyright (encoding TU) on input line 169.
LaTeX Encoding Info:    Redeclaring text symbol \textordfeminine (encoding TU) on input line 170.
LaTeX Encoding Info:    Redeclaring text symbol \guillemetleft (encoding TU) on input line 171.
LaTeX Encoding Info:    Redeclaring text symbol \guillemotleft (encoding TU) on input line 172.
LaTeX Encoding Info:    Redeclaring text symbol \textlnot (encoding TU) on input line 173.
LaTeX Encoding Info:    Redeclaring text symbol \textregistered (encoding TU) on input line 174.
LaTeX Encoding Info:    Redeclaring text symbol \textasciimacron (encoding TU) on input line 175.
LaTeX Encoding Info:    Redeclaring text symbol \textdegree (encoding TU) on input line 176.
LaTeX Encoding Info:    Redeclaring text symbol \textpm (encoding TU) on input line 177.
LaTeX Encoding Info:    Redeclaring text symbol \texttwosuperior (encoding TU) on input line 178.
LaTeX Encoding Info:    Redeclaring text symbol \textthreesuperior (encoding TU) on input line 179.
LaTeX Encoding Info:    Redeclaring text symbol \textasciiacute (encoding TU) on input line 180.
LaTeX Encoding Info:    Redeclaring text symbol \textmu (encoding TU) on input line 181.
LaTeX Encoding Info:    Redeclaring text symbol \textparagraph (encoding TU) on input line 182.
LaTeX Encoding Info:    Redeclaring text symbol \textperiodcentered (encoding TU) on input line 183.
LaTeX Encoding Info:    Redeclaring text symbol \textonesuperior (encoding TU) on input line 184.
LaTeX Encoding Info:    Redeclaring text symbol \textordmasculine (encoding TU) on input line 185.
LaTeX Encoding Info:    Redeclaring text symbol \guillemetright (encoding TU) on input line 186.
LaTeX Encoding Info:    Redeclaring text symbol \guillemotright (encoding TU) on input line 187.
LaTeX Encoding Info:    Redeclaring text symbol \textonequarter (encoding TU) on input line 188.
LaTeX Encoding Info:    Redeclaring text symbol \textonehalf (encoding TU) on input line 189.
LaTeX Encoding Info:    Redeclaring text symbol \textthreequarters (encoding TU) on input line 190.
LaTeX Encoding Info:    Redeclaring text symbol \textquestiondown (encoding TU) on input line 191.
LaTeX Encoding Info:    Redeclaring text symbol \AE (encoding TU) on input line 192.
LaTeX Encoding Info:    Redeclaring text symbol \DH (encoding TU) on input line 193.
LaTeX Encoding Info:    Redeclaring text symbol \texttimes (encoding TU) on input line 194.
LaTeX Encoding Info:    Redeclaring text symbol \O (encoding TU) on input line 195.
LaTeX Encoding Info:    Redeclaring text symbol \TH (encoding TU) on input line 196.
LaTeX Encoding Info:    Redeclaring text symbol \ss (encoding TU) on input line 197.
LaTeX Encoding Info:    Redeclaring text symbol \ae (encoding TU) on input line 198.
LaTeX Encoding Info:    Redeclaring text symbol \dh (encoding TU) on input line 199.
LaTeX Encoding Info:    Redeclaring text symbol \textdiv (encoding TU) on input line 200.
LaTeX Encoding Info:    Redeclaring text symbol \o (encoding TU) on input line 201.
LaTeX Encoding Info:    Redeclaring text symbol \th (encoding TU) on input line 202.
LaTeX Encoding Info:    Redeclaring text symbol \DJ (encoding TU) on input line 203.
LaTeX Encoding Info:    Redeclaring text symbol \dj (encoding TU) on input line 204.
LaTeX Encoding Info:    Redeclaring text symbol \i (encoding TU) on input line 205.
LaTeX Encoding Info:    Redeclaring text symbol \IJ (encoding TU) on input line 206.
LaTeX Encoding Info:    Redeclaring text symbol \ij (encoding TU) on input line 207.
LaTeX Encoding Info:    Redeclaring text symbol \L (encoding TU) on input line 208.
LaTeX Encoding Info:    Redeclaring text symbol \l (encoding TU) on input line 209.
LaTeX Encoding Info:    Redeclaring text symbol \NG (encoding TU) on input line 210.
LaTeX Encoding Info:    Redeclaring text symbol \ng (encoding TU) on input line 211.
LaTeX Encoding Info:    Redeclaring text symbol \OE (encoding TU) on input line 212.
LaTeX Encoding Info:    Redeclaring text symbol \oe (encoding TU) on input line 213.
LaTeX Encoding Info:    Redeclaring text symbol \textflorin (encoding TU) on input line 214.
LaTeX Encoding Info:    Redeclaring text symbol \j (encoding TU) on input line 215.
LaTeX Encoding Info:    Redeclaring text symbol \textasciicaron (encoding TU) on input line 216.
LaTeX Encoding Info:    Redeclaring text symbol \textasciibreve (encoding TU) on input line 217.
LaTeX Encoding Info:    Redeclaring text symbol \textacutedbl (encoding TU) on input line 218.
LaTeX Encoding Info:    Redeclaring text symbol \textgravedbl (encoding TU) on input line 219.
LaTeX Encoding Info:    Redeclaring text symbol \texttildelow (encoding TU) on input line 220.
LaTeX Encoding Info:    Redeclaring text symbol \textbaht (encoding TU) on input line 221.
LaTeX Encoding Info:    Redeclaring text symbol \SS (encoding TU) on input line 222.
LaTeX Encoding Info:    Redeclaring text symbol \textcompwordmark (encoding TU) on input line 223.
LaTeX Encoding Info:    Redeclaring text symbol \textendash (encoding TU) on input line 224.
LaTeX Encoding Info:    Redeclaring text symbol \textemdash (encoding TU) on input line 225.
LaTeX Encoding Info:    Redeclaring text command \textnonbreakinghyphen (encoding TU) on input line 226.
LaTeX Encoding Info:    Redeclaring text command \textfiguredash (encoding TU) on input line 228.
LaTeX Encoding Info:    Redeclaring text command \texthorizontalbar (encoding TU) on input line 230.
LaTeX Encoding Info:    Redeclaring text symbol \textbardbl (encoding TU) on input line 232.
LaTeX Encoding Info:    Redeclaring text symbol \textquoteleft (encoding TU) on input line 233.
LaTeX Encoding Info:    Redeclaring text symbol \textquoteright (encoding TU) on input line 234.
LaTeX Encoding Info:    Redeclaring text symbol \quotesinglbase (encoding TU) on input line 235.
LaTeX Encoding Info:    Redeclaring text symbol \textquotedblleft (encoding TU) on input line 236.
LaTeX Encoding Info:    Redeclaring text symbol \textquotedblright (encoding TU) on input line 237.
LaTeX Encoding Info:    Redeclaring text symbol \quotedblbase (encoding TU) on input line 238.
LaTeX Encoding Info:    Redeclaring text symbol \textdagger (encoding TU) on input line 239.
LaTeX Encoding Info:    Redeclaring text symbol \textdaggerdbl (encoding TU) on input line 240.
LaTeX Encoding Info:    Redeclaring text symbol \textbullet (encoding TU) on input line 241.
LaTeX Encoding Info:    Redeclaring text symbol \textellipsis (encoding TU) on input line 242.
LaTeX Encoding Info:    Redeclaring text symbol \textperthousand (encoding TU) on input line 243.
LaTeX Encoding Info:    Redeclaring text symbol \textpertenthousand (encoding TU) on input line 244.
LaTeX Encoding Info:    Redeclaring text symbol \guilsinglleft (encoding TU) on input line 245.
LaTeX Encoding Info:    Redeclaring text symbol \guilsinglright (encoding TU) on input line 246.
LaTeX Encoding Info:    Redeclaring text symbol \textreferencemark (encoding TU) on input line 247.
LaTeX Encoding Info:    Redeclaring text symbol \textinterrobang (encoding TU) on input line 248.
LaTeX Encoding Info:    Redeclaring text symbol \textfractionsolidus (encoding TU) on input line 249.
LaTeX Encoding Info:    Redeclaring text symbol \textlquill (encoding TU) on input line 250.
LaTeX Encoding Info:    Redeclaring text symbol \textrquill (encoding TU) on input line 251.
LaTeX Encoding Info:    Redeclaring text symbol \textdiscount (encoding TU) on input line 252.
LaTeX Encoding Info:    Redeclaring text symbol \textcolonmonetary (encoding TU) on input line 253.
LaTeX Encoding Info:    Redeclaring text symbol \textlira (encoding TU) on input line 254.
LaTeX Encoding Info:    Redeclaring text symbol \textnaira (encoding TU) on input line 255.
LaTeX Encoding Info:    Redeclaring text symbol \textwon (encoding TU) on input line 256.
LaTeX Encoding Info:    Redeclaring text symbol \textdong (encoding TU) on input line 257.
LaTeX Encoding Info:    Redeclaring text symbol \texteuro (encoding TU) on input line 258.
LaTeX Encoding Info:    Redeclaring text symbol \textpeso (encoding TU) on input line 259.
LaTeX Encoding Info:    Redeclaring text symbol \textcelsius (encoding TU) on input line 260.
LaTeX Encoding Info:    Redeclaring text symbol \textnumero (encoding TU) on input line 261.
LaTeX Encoding Info:    Redeclaring text symbol \textcircledP (encoding TU) on input line 262.
LaTeX Encoding Info:    Redeclaring text symbol \textrecipe (encoding TU) on input line 263.
LaTeX Encoding Info:    Redeclaring text symbol \textservicemark (encoding TU) on input line 264.
LaTeX Encoding Info:    Redeclaring text symbol \texttrademark (encoding TU) on input line 265.
LaTeX Encoding Info:    Redeclaring text symbol \textohm (encoding TU) on input line 266.
LaTeX Encoding Info:    Redeclaring text symbol \textmho (encoding TU) on input line 267.
LaTeX Encoding Info:    Redeclaring text symbol \textestimated (encoding TU) on input line 268.
LaTeX Encoding Info:    Redeclaring text symbol \textleftarrow (encoding TU) on input line 269.
LaTeX Encoding Info:    Redeclaring text symbol \textuparrow (encoding TU) on input line 270.
LaTeX Encoding Info:    Redeclaring text symbol \textrightarrow (encoding TU) on input line 271.
LaTeX Encoding Info:    Redeclaring text symbol \textdownarrow (encoding TU) on input line 272.
LaTeX Encoding Info:    Redeclaring text symbol \textminus (encoding TU) on input line 273.
LaTeX Encoding Info:    Redeclaring text symbol \Hwithstroke (encoding TU) on input line 275.
LaTeX Encoding Info:    Redeclaring text symbol \hwithstroke (encoding TU) on input line 276.
LaTeX Encoding Info:    Redeclaring text command \textasteriskcentered (encoding TU) on input line 277.
LaTeX Encoding Info:    Redeclaring text symbol \textsurd (encoding TU) on input line 288.
LaTeX Encoding Info:    Redeclaring text symbol \textlangle (encoding TU) on input line 289.
LaTeX Encoding Info:    Redeclaring text symbol \textrangle (encoding TU) on input line 290.
LaTeX Encoding Info:    Redeclaring text symbol \textblank (encoding TU) on input line 291.
LaTeX Encoding Info:    Redeclaring text symbol \textvisiblespace (encoding TU) on input line 292.
LaTeX Encoding Info:    Redeclaring text symbol \textopenbullet (encoding TU) on input line 293.
LaTeX Encoding Info:    Redeclaring text symbol \textbigcircle (encoding TU) on input line 294.
LaTeX Encoding Info:    Redeclaring text symbol \textmusicalnote (encoding TU) on input line 295.
LaTeX Encoding Info:    Redeclaring text symbol \textmarried (encoding TU) on input line 296.
LaTeX Encoding Info:    Redeclaring text symbol \textdivorced (encoding TU) on input line 297.
LaTeX Encoding Info:    Redeclaring text symbol \textinterrobangdown (encoding TU) on input line 298.
LaTeX Encoding Info:    Redeclaring text command \` (encoding TU) on input line 299.
LaTeX Encoding Info:    Redeclaring text command \' (encoding TU) on input line 300.
LaTeX Encoding Info:    Redeclaring text command \^ (encoding TU) on input line 301.
LaTeX Encoding Info:    Redeclaring text command \~ (encoding TU) on input line 302.
LaTeX Encoding Info:    Redeclaring text command \= (encoding TU) on input line 303.
LaTeX Encoding Info:    Redeclaring text command \u (encoding TU) on input line 304.
LaTeX Encoding Info:    Redeclaring text command \. (encoding TU) on input line 305.
LaTeX Encoding Info:    Redeclaring text command \" (encoding TU) on input line 306.
LaTeX Encoding Info:    Redeclaring text command \r (encoding TU) on input line 307.
LaTeX Encoding Info:    Redeclaring text command \H (encoding TU) on input line 308.
LaTeX Encoding Info:    Redeclaring text command \v (encoding TU) on input line 309.
LaTeX Encoding Info:    Redeclaring text command \b (encoding TU) on input line 310.
LaTeX Encoding Info:    Redeclaring text command \d (encoding TU) on input line 311.
LaTeX Encoding Info:    Redeclaring text command \c (encoding TU) on input line 312.
LaTeX Encoding Info:    Redeclaring text command \k (encoding TU) on input line 313.
LaTeX Encoding Info:    Redeclaring text command \textcommabelow (encoding TU) on input line 314.
)
Lua function ctex_ltj_add_kyenc:n = 61
Lua function ctex_ltj_is_kenc:n = 62
Lua function ctex_ltj_patch_external_font:n = 63
Lua function ctex_ltj_set_alt_font:nnnn = 64
Lua function ctex_ltj_clear_alt_font:n = 65
Lua function ctex_ltj_pickup_alt_font:nn = 66
Lua function __ctex_ltj_pickup_alt_font:Nn = 67
Lua function __ctex_ltj_if_alt_set:nT = 68
Lua function ctex_ltj_zero_globaldefs: = 69
\symCJKmath=\mathgroup4
LaTeX Font Info:    Overwriting symbol font `CJKmath' in version `bold'
(Font)                  LTJY3/song/m/n --> LTJY3/song/b/n on input line 471.
\g__ctex_ltj_family_int=\count308
\ccwd=\dimen156
\l__ctex_ccglue_skip=\skip51
(save cache: /Users/lpf/Library/texlive/2026/texmf-var/luatexja/ltj-cid-auto-adobe-gb1.lua.gz)(save cache: /Users/lpf/Library/texlive/2026/texmf-var/luatexja/ltj-cid-auto-adobe-gb1.luc)
(/usr/local/texlive/2026/texmf-dist/tex/luatex/chinese-jfm/jfm-zh_CN.lua)
\l__ctex_xkanjiskip_skip=\skip52
\cht=\dimen157
\cdp=\dimen158
\cwd=\dimen159
Lua function ctex_update_kanjisize: = 70)
\l__ctex_ziju_dim=\dimen160
 (/usr/local/texlive/2026/texmf-dist/tex/latex/zhnumber/zhnumber.sty
Package: zhnumber 2022/07/14 v3.0 Typesetting numbers with Chinese glyphs
\l__zhnum_scale_int=\count309
\l__zhnum_tmp_int=\count310
 (/usr/local/texlive/2026/texmf-dist/tex/latex/zhnumber/zhnumber-utf8.cfg
File: zhnumber-utf8.cfg 2022/07/14 v3.0 Chinese numerals with UTF8 encoding
))
\l__ctex_heading_skip=\skip53
 (/usr/local/texlive/2026/texmf-dist/tex/latex/ctex/scheme/ctex-scheme-chinese-book.def
File: ctex-scheme-chinese-book.def 2022/07/14 v2.5.10 Chinese scheme for book (CTEX)
 (/usr/local/texlive/2026/texmf-dist/tex/latex/ctex/config/ctex-name-utf8.cfg
File: ctex-name-utf8.cfg 2022/07/14 v2.5.10 Caption with encoding UTF-8 (CTEX)
))(save cache: /Users/lpf/Library/texlive/2026/texmf-var/luatexja/extra_lmroman9-regular.lua.gz)(save cache: /Users/lpf/Library/texlive/2026/texmf-var/luatexja/extra_lmroman9-regular.luc) (/usr/local/texlive/2026/texmf-dist/tex/latex/ctex/fontset/ctex-fontset-fandol.def
File: ctex-fontset-fandol.def 2022/07/14 v2.5.10 Fandol fonts definition (CTEX)
(save cache: /Users/lpf/Library/texlive/2026/texmf-var/luatexja/extra_fandolsong-regular.lua.gz)(save cache: /Users/lpf/Library/texlive/2026/texmf-var/luatexja/extra_fandolsong-regular.luc)(save cache: /Users/lpf/Library/texlive/2026/texmf-var/luatexja/extra_fandolsong-bold.lua.gz)(save cache: /Users/lpf/Library/texlive/2026/texmf-var/luatexja/extra_fandolsong-bold.luc)(save cache: /Users/lpf/Library/texlive/2026/texmf-var/luatexja/extra_fandolkai-regular.lua.gz)(save cache: /Users/lpf/Library/texlive/2026/texmf-var/luatexja/extra_fandolkai-regular.luc)

Package fontspec Info: 
(fontspec)             Font family 'FandolSong-Regular(0)' created for font
(fontspec)             'FandolSong-Regular' with options
(fontspec)             [NFSSEncoding=LTJY3,JFM=zh_CN/quanjiao,Extension={.otf},BoldFont={FandolSong-Bold},ItalicFont={FandolKai-Regular},LTJFONTUID=1].
(fontspec)              
(fontspec)              This font family consists of the following NFSS
(fontspec)             series/shapes:
(fontspec)              
(fontspec)             - 'normal' (m/n) with NFSS spec.:
(fontspec)             <->"[FandolSong-Regular.otf]:mode=node;script=latn;language=dflt;jfm=zh_CN/quanjiao;"
(fontspec)             - 'bold' (b/n) with NFSS spec.:
(fontspec)             <->"[FandolSong-Bold.otf]:mode=node;script=latn;language=dflt;jfm=zh_CN/quanjiao;"
(fontspec)             - 'italic' (m/it) with NFSS spec.:
(fontspec)             <->"[FandolKai-Regular.otf]:mode=node;script=latn;language=dflt;jfm=zh_CN/quanjiao;"

)) (/usr/local/texlive/2026/texmf-dist/tex/latex/ctex/config/ctex.cfg
File: ctex.cfg 2022/07/14 v2.5.10 Configuration file (CTEX)
) (/usr/local/texlive/2026/texmf-dist/tex/latex/geometry/geometry.sty
Package: geometry 2026/03/07 v6.0 Page Geometry
 (/usr/local/texlive/2026/texmf-dist/tex/generic/iftex/ifvtex.sty
Package: ifvtex 2019/10/25 v1.7 ifvtex legacy package. Use iftex instead.
)
\Gm@cnth=\count311
\Gm@cntv=\count312
\c@Gm@tempcnt=\count313
\Gm@bindingoffset=\dimen161
\Gm@wd@mp=\dimen162
\Gm@odd@mp=\dimen163
\Gm@even@mp=\dimen164
\Gm@layoutwidth=\dimen165
\Gm@layoutheight=\dimen166
\Gm@layouthoffset=\dimen167
\Gm@layoutvoffset=\dimen168
\Gm@dimlist=\toks27
) (/usr/local/texlive/2026/texmf-dist/tex/latex/amsmath/amsmath.sty
Package: amsmath 2025/07/09 v2.17z AMS math features
\@mathmargin=\skip54

For additional information on amsmath, use the `?' option.
(/usr/local/texlive/2026/texmf-dist/tex/latex/amsmath/amstext.sty
Package: amstext 2024/11/17 v2.01 AMS text
 (/usr/local/texlive/2026/texmf-dist/tex/latex/amsmath/amsgen.sty
File: amsgen.sty 1999/11/30 v2.0 generic functions
\@emptytoks=\toks28
\ex@=\dimen169
)) (/usr/local/texlive/2026/texmf-dist/tex/latex/amsmath/amsbsy.sty
Package: amsbsy 1999/11/29 v1.2d Bold Symbols
\pmbraise@=\dimen170
) (/usr/local/texlive/2026/texmf-dist/tex/latex/amsmath/amsopn.sty
Package: amsopn 2022/04/08 v2.04 operator names
)
\inf@bad=\count314
LaTeX Info: Redefining \frac on input line 235.
\uproot@=\count315
\leftroot@=\count316
LaTeX Info: Redefining \overline on input line 398.
LaTeX Info: Redefining \colon on input line 409.
\classnum@=\count317
\DOTSCASE@=\count318
LaTeX Info: Redefining \ldots on input line 495.
LaTeX Info: Redefining \dots on input line 498.
LaTeX Info: Redefining \cdots on input line 619.
\Mathstrutbox@=\box55
\strutbox@=\box56
LaTeX Info: Redefining \big on input line 721.
LaTeX Info: Redefining \Big on input line 722.
LaTeX Info: Redefining \bigg on input line 723.
LaTeX Info: Redefining \Bigg on input line 724.
\big@size=\dimen171
LaTeX Font Info:    Redeclaring font encoding OML on input line 742.
LaTeX Font Info:    Redeclaring font encoding OMS on input line 743.
\macc@depth=\count319
LaTeX Info: Redefining \bmod on input line 904.
LaTeX Info: Redefining \pmod on input line 909.
LaTeX Info: Redefining \smash on input line 939.
LaTeX Info: Redefining \relbar on input line 969.
LaTeX Info: Redefining \Relbar on input line 970.
\c@MaxMatrixCols=\count320
\dotsspace@=\muskip17
\c@parentequation=\count321
\dspbrk@lvl=\count322
\tag@help=\toks29
\row@=\count323
\column@=\count324
\maxfields@=\count325
\andhelp@=\toks30
\eqnshift@=\dimen172
\alignsep@=\dimen173
\tagshift@=\dimen174
\tagwidth@=\dimen175
\totwidth@=\dimen176
\lineht@=\dimen177
\@envbody=\toks31
\multlinegap=\skip55
\multlinetaggap=\skip56
\mathdisplay@stack=\toks32
LaTeX Info: Redefining \[ on input line 2950.
LaTeX Info: Redefining \] on input line 2951.
) (/usr/local/texlive/2026/texmf-dist/tex/latex/amsfonts/amssymb.sty
Package: amssymb 2013/01/14 v3.01 AMS font symbols
 (/usr/local/texlive/2026/texmf-dist/tex/latex/amsfonts/amsfonts.sty
Package: amsfonts 2013/01/14 v3.01 Basic AMSFonts support
\symAMSa=\mathgroup5
\symAMSb=\mathgroup6
LaTeX Font Info:    Redeclaring math symbol \hbar on input line 98.
LaTeX Font Info:    Overwriting math alphabet `\mathfrak' in version `bold'
(Font)                  U/euf/m/n --> U/euf/b/n on input line 106.
)) (/usr/local/texlive/2026/texmf-dist/tex/latex/tools/bm.sty
Package: bm 2025/10/21 v1.2g Bold Symbol Support (DPC/FMi)
\symboldoperators=\mathgroup7
\symboldletters=\mathgroup8
\symboldsymbols=\mathgroup9
Package bm Info: No bold for \OMX/cmex/m/n, using \pmb.
\symboldCJKmath=\mathgroup10
Package bm Info: No bold for \U/msa/m/n, using \pmb.
Package bm Info: No bold for \U/msb/m/n, using \pmb.
LaTeX Font Info:    Redeclaring math alphabet \mathbf on input line 149.
) (/usr/local/texlive/2026/texmf-dist/tex/latex/mathtools/mathtools.sty
Package: mathtools 2024/10/04 v1.31 mathematical typesetting tools
 (/usr/local/texlive/2026/texmf-dist/tex/latex/tools/calc.sty
Package: calc 2025/03/01 v4.3b Infix arithmetic (KKT,FJ)
\calc@Acount=\count326
\calc@Bcount=\count327
\calc@Adimen=\dimen178
\calc@Bdimen=\dimen179
\calc@Askip=\skip57
\calc@Bskip=\skip58
LaTeX Info: Redefining \setlength on input line 86.
LaTeX Info: Redefining \addtolength on input line 87.
\calc@Ccount=\count328
\calc@Cskip=\skip59
) (/usr/local/texlive/2026/texmf-dist/tex/latex/mathtools/mhsetup.sty
Package: mhsetup 2021/03/18 v1.4 programming setup (MH)
)
\g_MT_multlinerow_int=\count329
\l_MT_multwidth_dim=\dimen180
\origjot=\skip60
\l_MT_shortvdotswithinadjustabove_dim=\dimen181
\l_MT_shortvdotswithinadjustbelow_dim=\dimen182
\l_MT_above_intertext_sep=\dimen183
\l_MT_below_intertext_sep=\dimen184
\l_MT_above_shortintertext_sep=\dimen185
\l_MT_below_shortintertext_sep=\dimen186
\xmathstrut@box=\box57
\xmathstrut@dim=\dimen187
) (/usr/local/texlive/2026/texmf-dist/tex/latex/graphics/graphicx.sty
Package: graphicx 2024/12/31 v1.2e Enhanced LaTeX Graphics (DPC,SPQR)
 (/usr/local/texlive/2026/texmf-dist/tex/latex/graphics/graphics.sty
Package: graphics 2024/08/06 v1.4g Standard LaTeX Graphics (DPC,SPQR)
 (/usr/local/texlive/2026/texmf-dist/tex/latex/graphics/trig.sty
Package: trig 2023/12/02 v1.11 sin cos tan (DPC)
) (/usr/local/texlive/2026/texmf-dist/tex/latex/graphics-cfg/graphics.cfg
File: graphics.cfg 2016/06/04 v1.11 sample graphics configuration
)
Package graphics Info: Driver file: luatex.def on input line 106.
 (/usr/local/texlive/2026/texmf-dist/tex/latex/graphics-def/luatex.def
File: luatex.def 2025/09/29 v1.2f Graphics/color driver for luatex
))
\Gin@req@height=\dimen188
\Gin@req@width=\dimen189
) (/usr/local/texlive/2026/texmf-dist/tex/latex/adjustbox/adjustbox.sty
Package: adjustbox 2025/02/26 v1.3c Adjusting TeX boxes (trim, clip, ...)
 (/usr/local/texlive/2026/texmf-dist/tex/latex/adjustbox/adjcalc.sty
Package: adjcalc 2012/05/16 v1.1 Provides advanced setlength with multiple back-ends (calc, etex, pgfmath)
) (/usr/local/texlive/2026/texmf-dist/tex/latex/adjustbox/trimclip.sty
Package: trimclip 2025/02/21 v1.2a Trim and clip general TeX material
 (/usr/local/texlive/2026/texmf-dist/tex/latex/collectbox/collectbox.sty
Package: collectbox 2022/10/17 v0.4c Collect macro arguments as boxes
\collectedbox=\box58
)
\tc@llx=\dimen190
\tc@lly=\dimen191
\tc@urx=\dimen192
\tc@ury=\dimen193
Package trimclip Info: Using driver 'tc-luatex.def'.
 (/usr/local/texlive/2026/texmf-dist/tex/latex/adjustbox/tc-luatex.def
File: tc-luatex.def 2025/02/26 v1.1 Clipping driver for luatex
 (/usr/local/texlive/2026/texmf-dist/tex/latex/adjustbox/tc-pdftex.def
File: tc-pdftex.def 2025/02/26 v2.3 Clipping driver for pdftex
)))
\adjbox@Width=\dimen194
\adjbox@Height=\dimen195
\adjbox@Depth=\dimen196
\adjbox@Totalheight=\dimen197
\adjbox@pwidth=\dimen198
\adjbox@pheight=\dimen199
\adjbox@pdepth=\dimen256
\adjbox@ptotalheight=\dimen257
 (/usr/local/texlive/2026/texmf-dist/tex/latex/ifoddpage/ifoddpage.sty
Package: ifoddpage 2022/10/18 v1.2 Conditionals for odd/even page detection
\c@checkoddpage=\count330
) (/usr/local/texlive/2026/texmf-dist/tex/latex/varwidth/varwidth.sty
Package: varwidth 2009/03/30 ver 0.92;  Variable-width minipages
\@vwid@box=\box59
\sift@deathcycles=\count331
\@vwid@loff=\dimen258
\@vwid@roff=\dimen259
)
==> First Aid for varwidth.sty applied!
) (/usr/local/texlive/2026/texmf-dist/tex/latex/caption/caption.sty
Package: caption 2023/08/05 v3.6o Customizing captions (AR)
 (/usr/local/texlive/2026/texmf-dist/tex/latex/caption/caption3.sty
Package: caption3 2023/07/31 v2.4d caption3 kernel (AR)
\caption@tempdima=\dimen260
\captionmargin=\dimen261
\caption@leftmargin=\dimen262
\caption@rightmargin=\dimen263
\caption@width=\dimen264
\caption@indent=\dimen265
\caption@parindent=\dimen266
\caption@hangindent=\dimen267
Package caption Info: Standard document class detected.
)
\c@caption@flags=\count332
\c@continuedfloat=\count333
) (/usr/local/texlive/2026/texmf-dist/tex/latex/fancyhdr/fancyhdr.sty
Package: fancyhdr 2025/02/07 v5.2 Extensive control of page headers and footers
\f@nch@headwidth=\skip61
\f@nch@offset@elh=\skip62
\f@nch@offset@erh=\skip63
\f@nch@offset@olh=\skip64
\f@nch@offset@orh=\skip65
\f@nch@offset@elf=\skip66
\f@nch@offset@erf=\skip67
\f@nch@offset@olf=\skip68
\f@nch@offset@orf=\skip69
\f@nch@height=\skip70
\f@nch@footalignment=\skip71
\f@nch@widthL=\skip72
\f@nch@widthC=\skip73
\f@nch@widthR=\skip74
\@temptokenb=\toks33
) (/usr/local/texlive/2026/texmf-dist/tex/latex/microtype/microtype.sty
Package: microtype 2026/03/01 v3.2d Micro-typographical refinements (RS)
\MT@toks=\toks34
\MT@tempbox=\box60
\MT@count=\count334
LaTeX Info: Redefining \noprotrusionifhmode on input line 1084.
LaTeX Info: Redefining \leftprotrusion on input line 1085.
\MT@prot@toks=\toks35
LaTeX Info: Redefining \rightprotrusion on input line 1104.
LaTeX Info: Redefining \textls on input line 1449.
\MT@outer@kern=\dimen268
LaTeX Info: Redefining \microtypecontext on input line 2053.
LaTeX Info: Redefining \textmicrotypecontext on input line 2070.
\MT@listname@count=\count335
 (/usr/local/texlive/2026/texmf-dist/tex/latex/microtype/microtype-luatex.def
File: microtype-luatex.def 2026/03/01 v3.2d Definitions specific to luatex (RS)
Lua module: microtype 2026/03/01 v3.2d microtype module.
Module microtype Info: overwriting function `keepligature' on input line 63
LaTeX Info: Redefining \lsstyle on input line 779.
LaTeX Info: Redefining \lslig on input line 779.
\MT@outer@space=\skip75
)
Package microtype Info: Loading configuration file microtype.cfg.
 (/usr/local/texlive/2026/texmf-dist/tex/latex/microtype/microtype.cfg
File: microtype.cfg 2026/03/01 v3.2d microtype main configuration file (RS)
)
LaTeX Info: Redefining \microtypesetup on input line 3065.
) (/usr/local/texlive/2026/texmf-dist/tex/latex/xcolor/xcolor.sty
Package: xcolor 2024/09/29 v3.02 LaTeX color extensions (UK)
 (/usr/local/texlive/2026/texmf-dist/tex/latex/graphics-cfg/color.cfg
File: color.cfg 2016/01/02 v1.6 sample color configuration
)
Package xcolor Info: Driver file: luatex.def on input line 274.
 (/usr/local/texlive/2026/texmf-dist/tex/latex/graphics/mathcolor.ltx)
Package xcolor Info: Model `cmy' substituted by `cmy0' on input line 1349.
Package xcolor Info: Model `hsb' substituted by `rgb' on input line 1353.
Package xcolor Info: Model `RGB' extended on input line 1365.
Package xcolor Info: Model `HTML' substituted by `rgb' on input line 1367.
Package xcolor Info: Model `Hsb' substituted by `hsb' on input line 1368.
Package xcolor Info: Model `tHsb' substituted by `hsb' on input line 1369.
Package xcolor Info: Model `HSB' substituted by `hsb' on input line 1370.
Package xcolor Info: Model `Gray' substituted by `gray' on input line 1371.
Package xcolor Info: Model `wave' substituted by `hsb' on input line 1372.
) (/usr/local/texlive/2026/texmf-dist/tex/latex/hyperref/hyperref.sty
Package: hyperref 2026-01-29 v7.01p Hypertext links for LaTeX
 (/usr/local/texlive/2026/texmf-dist/tex/latex/kvsetkeys/kvsetkeys.sty
Package: kvsetkeys 2022-10-05 v1.19 Key value parser (HO)
) (/usr/local/texlive/2026/texmf-dist/tex/generic/kvdefinekeys/kvdefinekeys.sty
Package: kvdefinekeys 2019-12-19 v1.6 Define keys (HO)
) (/usr/local/texlive/2026/texmf-dist/tex/generic/pdfescape/pdfescape.sty
Package: pdfescape 2019/12/09 v1.15 Implements pdfTeX's escape features (HO)
) (/usr/local/texlive/2026/texmf-dist/tex/latex/hycolor/hycolor.sty
Package: hycolor 2020-01-27 v1.10 Color options for hyperref/bookmark (HO)
) (/usr/local/texlive/2026/texmf-dist/tex/latex/hyperref/nameref.sty
Package: nameref 2026-01-29 v2.58 Cross-referencing by name of section
 (/usr/local/texlive/2026/texmf-dist/tex/latex/refcount/refcount.sty
Package: refcount 2019/12/15 v3.6 Data extraction from label references (HO)
) (/usr/local/texlive/2026/texmf-dist/tex/generic/gettitlestring/gettitlestring.sty
Package: gettitlestring 2019/12/15 v1.6 Cleanup title references (HO)
 (/usr/local/texlive/2026/texmf-dist/tex/latex/kvoptions/kvoptions.sty
Package: kvoptions 2022-06-15 v3.15 Key value format for package options (HO)
))
\c@section@level=\count336
) (/usr/local/texlive/2026/texmf-dist/tex/generic/stringenc/stringenc.sty
Package: stringenc 2019/11/29 v1.12 Convert strings between diff. encodings (HO)
)
\@linkdim=\dimen269
\Hy@linkcounter=\count337
\Hy@pagecounter=\count338
 (/usr/local/texlive/2026/texmf-dist/tex/latex/hyperref/pd1enc.def
File: pd1enc.def 2026-01-29 v7.01p Hyperref: PDFDocEncoding definition (HO)
) (/usr/local/texlive/2026/texmf-dist/tex/generic/intcalc/intcalc.sty
Package: intcalc 2019/12/15 v1.3 Expandable calculations with integers (HO)
)
\Hy@SavedSpaceFactor=\count339
 (/usr/local/texlive/2026/texmf-dist/tex/latex/hyperref/puenc.def
File: puenc.def 2026-01-29 v7.01p Hyperref: PDF Unicode definition (HO)
)
Package hyperref Info: Option `unicode' set `true' on input line 4072.
Package hyperref Info: Hyper figures OFF on input line 4201.
Package hyperref Info: Link nesting OFF on input line 4206.
Package hyperref Info: Hyper index ON on input line 4209.
Package hyperref Info: Plain pages OFF on input line 4216.
Package hyperref Info: Backreferencing OFF on input line 4221.
Package hyperref Info: Implicit mode ON; LaTeX internals redefined.
Package hyperref Info: Bookmarks ON on input line 4468.
\c@Hy@tempcnt=\count340
 (/usr/local/texlive/2026/texmf-dist/tex/latex/url/url.sty
\Urlmuskip=\muskip18
Package: url 2013/09/16  ver 3.4  Verb mode for urls, etc.
)
LaTeX Info: Redefining \url on input line 4807.
\XeTeXLinkMargin=\dimen270
 (/usr/local/texlive/2026/texmf-dist/tex/generic/bitset/bitset.sty
Package: bitset 2019/12/09 v1.3 Handle bit-vector datatype (HO)
 (/usr/local/texlive/2026/texmf-dist/tex/generic/bigintcalc/bigintcalc.sty
Package: bigintcalc 2019/12/15 v1.5 Expandable calculations on big integers (HO)
))
\Fld@menulength=\count341
\Field@Width=\dimen271
\Fld@charsize=\dimen272
Package hyperref Info: Hyper figures OFF on input line 6084.
Package hyperref Info: Link nesting OFF on input line 6089.
Package hyperref Info: Hyper index ON on input line 6092.
Package hyperref Info: backreferencing OFF on input line 6099.
Package hyperref Info: Link coloring OFF on input line 6104.
Package hyperref Info: Link coloring with OCG OFF on input line 6109.
Package hyperref Info: PDF/A mode OFF on input line 6114.
\Hy@abspage=\count342
\c@Item=\count343
\c@Hfootnote=\count344
)
Package hyperref Info: Driver (autodetected): hluatex.
 (/usr/local/texlive/2026/texmf-dist/tex/latex/hyperref/hluatex.def
File: hluatex.def 2026-01-29 v7.01p Hyperref driver for luaTeX
\Fld@listcount=\count345
\c@bookmark@seq@number=\count346
 (/usr/local/texlive/2026/texmf-dist/tex/latex/rerunfilecheck/rerunfilecheck.sty
Package: rerunfilecheck 2025-06-21 v1.11 Rerun checks for auxiliary files (HO)
 (/usr/local/texlive/2026/texmf-dist/tex/generic/uniquecounter/uniquecounter.sty
Package: uniquecounter 2019/12/15 v1.4 Provide unlimited unique counter (HO)
)
Package uniquecounter Info: New unique counter `rerunfilecheck' on input line 284.
)
\Hy@SectionHShift=\skip76
) (/usr/local/texlive/2026/texmf-dist/tex/latex/xurl/xurl.sty
Package: xurl 2022/01/09 v 0.10 modify URL breaks
) (/usr/local/texlive/2026/texmf-dist/tex/latex/needspace/needspace.sty
Package: needspace 2025/03/13 v1.3e reserve vertical space
)
Package hyperref Info: Option `hypertexnames' set `false' on input line 21.
Package hyperref Info: Option `colorlinks' set `true' on input line 21.
LaTeX Font Info:    Redeclaring symbol font `CJKmath' on input line 34.
LaTeX Font Info:    Overwriting symbol font `CJKmath' in version `normal'
(Font)                  LTJY3/song/m/n --> LTJY3/FandolSong-Regular(0)/m/n on input line 34.
LaTeX Font Info:    Overwriting symbol font `CJKmath' in version `bold'
(Font)                  LTJY3/song/b/n --> LTJY3/FandolSong-Regular(0)/m/n on input line 34.
LaTeX Font Info:    Overwriting symbol font `CJKmath' in version `bold'
(Font)                  LTJY3/FandolSong-Regular(0)/m/n --> LTJY3/FandolSong-Regular(0)/b/n on input line 34.

No file Frontiers_CFD_2006_zh.aux.

\openout1 = Frontiers_CFD_2006_zh.aux
LaTeX Font Info:    Checking defaults for OML/cmm/m/it on input line 34.
LaTeX Font Info:    ... okay on input line 34.
LaTeX Font Info:    Checking defaults for OMS/cmsy/m/n on input line 34.
LaTeX Font Info:    ... okay on input line 34.
LaTeX Font Info:    Checking defaults for OT1/cmr/m/n on input line 34.
LaTeX Font Info:    ... okay on input line 34.
LaTeX Font Info:    Checking defaults for T1/cmr/m/n on input line 34.
LaTeX Font Info:    ... okay on input line 34.
LaTeX Font Info:    Checking defaults for TS1/cmr/m/n on input line 34.
LaTeX Font Info:    ... okay on input line 34.
LaTeX Font Info:    Checking defaults for TU/lmr/m/n on input line 34.
LaTeX Font Info:    ... okay on input line 34.
LaTeX Font Info:    Checking defaults for OMX/cmex/m/n on input line 34.
LaTeX Font Info:    ... okay on input line 34.
LaTeX Font Info:    Checking defaults for U/cmr/m/n on input line 34.
LaTeX Font Info:    ... okay on input line 34.
LaTeX Font Info:    Checking defaults for LTJY3/song/m/n on input line 34.
LaTeX Font Info:    ... okay on input line 34.
LaTeX Font Info:    Checking defaults for PD1/pdf/m/n on input line 34.
LaTeX Font Info:    ... okay on input line 34.
LaTeX Font Info:    Checking defaults for PU/pdf/m/n on input line 34.
LaTeX Font Info:    ... okay on input line 34.

Package fontspec Info: 
(fontspec)             Adjusting the maths setup (use [no-math] to avoid
(fontspec)             this).

\symlegacymaths=\mathgroup11
LaTeX Font Info:    Overwriting symbol font `legacymaths' in version `bold'
(Font)                  OT1/cmr/m/n --> OT1/cmr/bx/n on input line 34.
LaTeX Font Info:    Redeclaring math accent \acute on input line 34.
LaTeX Font Info:    Redeclaring math accent \grave on input line 34.
LaTeX Font Info:    Redeclaring math accent \ddot on input line 34.
LaTeX Font Info:    Redeclaring math accent \tilde on input line 34.
LaTeX Font Info:    Redeclaring math accent \bar on input line 34.
LaTeX Font Info:    Redeclaring math accent \breve on input line 34.
LaTeX Font Info:    Redeclaring math accent \check on input line 34.
LaTeX Font Info:    Redeclaring math accent \hat on input line 34.
LaTeX Font Info:    Redeclaring math accent \dot on input line 34.
LaTeX Font Info:    Redeclaring math accent \mathring on input line 34.
LaTeX Font Info:    Redeclaring math symbol \Gamma on input line 34.
LaTeX Font Info:    Redeclaring math symbol \Delta on input line 34.
LaTeX Font Info:    Redeclaring math symbol \Theta on input line 34.
LaTeX Font Info:    Redeclaring math symbol \Lambda on input line 34.
LaTeX Font Info:    Redeclaring math symbol \Xi on input line 34.
LaTeX Font Info:    Redeclaring math symbol \Pi on input line 34.
LaTeX Font Info:    Redeclaring math symbol \Sigma on input line 34.
LaTeX Font Info:    Redeclaring math symbol \Upsilon on input line 34.
LaTeX Font Info:    Redeclaring math symbol \Phi on input line 34.
LaTeX Font Info:    Redeclaring math symbol \Psi on input line 34.
LaTeX Font Info:    Redeclaring math symbol \Omega on input line 34.
LaTeX Font Info:    Redeclaring math symbol \mathdollar on input line 34.
LaTeX Font Info:    Redeclaring symbol font `operators' on input line 34.
LaTeX Font Info:    Encoding `OT1' has changed to `TU' for symbol font
(Font)              `operators' in the math version `normal' on input line 34.
LaTeX Font Info:    Overwriting symbol font `operators' in version `normal'
(Font)                  OT1/cmr/m/n --> TU/lmr/m/n on input line 34.
LaTeX Font Info:    Encoding `OT1' has changed to `TU' for symbol font
(Font)              `operators' in the math version `bold' on input line 34.
LaTeX Font Info:    Overwriting symbol font `operators' in version `bold'
(Font)                  OT1/cmr/bx/n --> TU/lmr/m/n on input line 34.
LaTeX Font Info:    Overwriting symbol font `operators' in version `normal'
(Font)                  TU/lmr/m/n --> TU/lmr/m/n on input line 34.
LaTeX Font Info:    Overwriting math alphabet `\mathit' in version `normal'
(Font)                  OT1/cmr/m/it --> TU/lmr/m/it on input line 34.
LaTeX Font Info:    Overwriting math alphabet `\mathbf' in version `normal'
(Font)                  OT1/cmr/bx/n --> TU/lmr/b/n on input line 34.
LaTeX Font Info:    Overwriting math alphabet `\mathsf' in version `normal'
(Font)                  OT1/cmss/m/n --> TU/lmss/m/n on input line 34.
LaTeX Font Info:    Overwriting math alphabet `\mathtt' in version `normal'
(Font)                  OT1/cmtt/m/n --> TU/lmtt/m/n on input line 34.
LaTeX Font Info:    Overwriting symbol font `operators' in version `bold'
(Font)                  TU/lmr/m/n --> TU/lmr/b/n on input line 34.
LaTeX Font Info:    Overwriting math alphabet `\mathit' in version `bold'
(Font)                  OT1/cmr/bx/it --> TU/lmr/b/it on input line 34.
LaTeX Font Info:    Overwriting math alphabet `\mathsf' in version `bold'
(Font)                  OT1/cmss/bx/n --> TU/lmss/b/n on input line 34.
LaTeX Font Info:    Overwriting math alphabet `\mathtt' in version `bold'
(Font)                  OT1/cmtt/m/n --> TU/lmtt/b/n on input line 34.
*geometry* driver: auto-detecting
*geometry* detected driver: luatex
*geometry* verbose mode - [ preamble ] result:
* driver: luatex
* paper: a4paper
* layout: <same size as paper>
* layoutoffset:(h,v)=(0.0pt,0.0pt)
* modes: twoside 
* h-part:(L,W,R)=(66.86414pt, 463.7796pt, 66.86414pt)
* v-part:(T,H,B)=(66.86414pt, 711.31857pt, 66.86414pt)
* \paperwidth=597.50787pt
* \paperheight=845.04684pt
* \textwidth=463.7796pt
* \textheight=711.31857pt
* \oddsidemargin=-5.40585pt
* \evensidemargin=-5.40585pt
* \topmargin=-50.27965pt
* \headheight=25.0pt
* \headsep=19.8738pt
* \topskip=11.0pt
* \footskip=27.46295pt
* \marginparwidth=106.0pt
* \marginparsep=7.0pt
* \columnsep=10.0pt
* \skip\footins=10.0pt plus 4.0pt minus 2.0pt
* \hoffset=0.0pt
* \voffset=0.0pt
* \mag=1000
* \@twocolumnfalse
* \@twosidetrue
* \@mparswitchtrue
* \@reversemarginfalse
* (1in=72.27pt=25.4mm, 1cm=28.453pt)

(/usr/local/texlive/2026/texmf-dist/tex/context/base/mkii/supp-pdf.mkii
[Loading MPS to PDF converter (version 2006.09.02).]
\scratchcounter=\count347
\scratchdimen=\dimen273
\scratchbox=\box61
\nofMPsegments=\count348
\nofMParguments=\count349
\everyMPshowfont=\toks36
\MPscratchCnt=\count350
\MPscratchDim=\dimen274
\MPnumerator=\count351
\makeMPintoPDFobject=\count352
\everyMPtoPDFconversion=\toks37
) (/usr/local/texlive/2026/texmf-dist/tex/latex/epstopdf-pkg/epstopdf-base.sty
Package: epstopdf-base 2020-01-24 v2.11 Base part for package epstopdf
Package epstopdf-base Info: Redefining graphics rule for `.eps' on input line 485.
 (/usr/local/texlive/2026/texmf-dist/tex/latex/latexconfig/epstopdf-sys.cfg
File: epstopdf-sys.cfg 2010/07/13 v1.3 Configuration of (r)epstopdf for TeX Live
))
Package caption Info: Begin \AtBeginDocument code.
Package caption Info: hyperref package is loaded.
Package caption Info: End \AtBeginDocument code.
Package microtype Info: Patching varwidth to enable character protrusion.
\MT@vwid@leftmargin=\dimen275
\MT@vwid@rightmargin=\dimen276
LaTeX Info: Redefining \microtypecontext on input line 34.
Package microtype Info: Applying patch `item' on input line 34.
Package microtype Info: Applying patch `toc' on input line 34.
Package microtype Info: Applying patch `eqnum' on input line 34.
Package microtype Info: Applying patch `footnote' on input line 34.
Package microtype Info: Applying patch `verbatim' on input line 34.
LaTeX Info: Redefining \microtypesetup on input line 34.
Package microtype Info: Generating PDF output.
Package microtype Info: Character protrusion enabled (level 2).
Package microtype Info: Using default protrusion set `alltext'.
Package microtype Info: Automatic font expansion enabled (level 2),
(microtype)             stretch: 20, shrink: 20, step: 1, non-selected.
Package microtype Info: Using default expansion set `alltext-nott'.
Package microtype Info: Patching command `\showhyphens'.
Package microtype Info: No adjustment of tracking.
Package microtype Info: No adjustment of spacing.
Package microtype Info: No adjustment of kerning.
 (/usr/local/texlive/2026/texmf-dist/tex/latex/microtype/mt-LatinModernRoman.cfg
File: mt-LatinModernRoman.cfg 2026/02/26 v1.2 microtype config. file: Latin Modern Roman (RS)
)
Package hyperref Info: Link coloring ON on input line 34.
\@outlinefile=\write3

\openout3 = Frontiers_CFD_2006_zh.out
(save cache: /Users/lpf/Library/texlive/2026/texmf-var/luatexja/extra_lmroman17-regular.lua.gz)(save cache: /Users/lpf/Library/texlive/2026/texmf-var/luatexja/extra_lmroman17-regular.luc)(save cache: /Users/lpf/Library/texlive/2026/texmf-var/luatexja/extra_lmroman12-regular.lua.gz)(save cache: /Users/lpf/Library/texlive/2026/texmf-var/luatexja/extra_lmroman12-regular.luc)(save cache: /Users/lpf/Library/texlive/2026/texmf-var/luatexja/extra_lmroman8-regular.lua.gz)(save cache: /Users/lpf/Library/texlive/2026/texmf-var/luatexja/extra_lmroman8-regular.luc)(save cache: /Users/lpf/Library/texlive/2026/texmf-var/luatexja/extra_lmroman6-regular.lua.gz)(save cache: /Users/lpf/Library/texlive/2026/texmf-var/luatexja/extra_lmroman6-regular.luc)
LaTeX Font Info:    Trying to load font information for U+msa on input line 37.
 (/usr/local/texlive/2026/texmf-dist/tex/latex/amsfonts/umsa.fd
File: umsa.fd 2013/01/14 v3.01 AMS symbols A
) (/usr/local/texlive/2026/texmf-dist/tex/latex/microtype/mt-msa.cfg
File: mt-msa.cfg 2006/02/04 v1.1 microtype config. file: AMS symbols (a) (RS)
)
LaTeX Font Info:    Trying to load font information for U+msb on input line 37.
 (/usr/local/texlive/2026/texmf-dist/tex/latex/amsfonts/umsb.fd
File: umsb.fd 2013/01/14 v3.01 AMS symbols B
) (/usr/local/texlive/2026/texmf-dist/tex/latex/microtype/mt-msb.cfg
File: mt-msb.cfg 2005/06/01 v1.0 microtype config. file: AMS symbols (b) (RS)
) (/usr/local/texlive/2026/texmf-dist/tex/latex/microtype/mt-cmr.cfg
File: mt-cmr.cfg 2013/05/19 v2.2 microtype config. file: Computer Modern Roman (RS)
) [1



{/usr/local/texlive/2026/texmf-var/fonts/map/pdftex/updmap/pdftex.map}](save cache: /Users/lpf/Library/texlive/2026/texmf-var/luatexja/extra_lmroman12-bold.lua.gz)(save cache: /Users/lpf/Library/texlive/2026/texmf-var/luatexja/extra_lmroman12-bold.luc)
LaTeX Font Info:    Font shape `LTJY3/FandolSong-Regular(0)/bx/n' in size <20.74> not available
(Font)              Font shape `LTJY3/FandolSong-Regular(0)/b/n' tried instead on input line 37.
 [2

]
No file Frontiers_CFD_2006_zh.toc.
\tf@toc=\write4

\openout4 = Frontiers_CFD_2006_zh.toc
[3

] [4

] [1]
</Volumes/SSD_LPF/sonicSolver/sonicSolver/papers/book/Frontiers of computational fluid dynamics 2006 (D. A. Caughey, M. M. Hafez) (z-library.sk, 1lib.sk, z-lib.sk).pdf, id=32, page=1, 401.5pt x 640.3925pt>
File: /Volumes/SSD_LPF/sonicSolver/sonicSolver/papers/book/Frontiers of computational fluid dynamics 2006 (D. A. Caughey, M. M. Hafez) (z-library.sk, 1lib.sk, z-lib.sk).pdf Graphic file (type pdf)
<use /Volumes/SSD_LPF/sonicSolver/sonicSolver/papers/book/Frontiers of computational fluid dynamics 2006 (D. A. Caughey, M. M. Hafez) (z-library.sk, 1lib.sk, z-lib.sk).pdf, page 1>
Package luatex.def Info: /Volumes/SSD_LPF/sonicSolver/sonicSolver/papers/book/Frontiers of computational fluid dynamics 2006 (D. A. Caughey, M. M. Hafez) (z-library.sk, 1lib.sk, z-lib.sk).pdf , page1 used on input line 45.
(luatex.def)             Requested size: 435.95395pt x 695.3952pt.
 [2

</Volumes/SSD_LPF/sonicSolver/sonicSolver/papers/book/Frontiers of computational fluid dynamics 2006 (D. A. Caughey, M. M. Hafez) (z-library.sk, 1lib.sk, z-lib.sk).pdf>] [3

]
</Volumes/SSD_LPF/sonicSolver/sonicSolver/papers/book/Frontiers of computational fluid dynamics 2006 (D. A. Caughey, M. M. Hafez) (z-library.sk, 1lib.sk, z-lib.sk).pdf, id=50, page=2, 401.69975pt x 639.95085pt>
File: /Volumes/SSD_LPF/sonicSolver/sonicSolver/papers/book/Frontiers of computational fluid dynamics 2006 (D. A. Caughey, M. M. Hafez) (z-library.sk, 1lib.sk, z-lib.sk).pdf Graphic file (type pdf)
<use /Volumes/SSD_LPF/sonicSolver/sonicSolver/papers/book/Frontiers of computational fluid dynamics 2006 (D. A. Caughey, M. M. Hafez) (z-library.sk, 1lib.sk, z-lib.sk).pdf, page 2>
Package luatex.def Info: /Volumes/SSD_LPF/sonicSolver/sonicSolver/papers/book/Frontiers of computational fluid dynamics 2006 (D. A. Caughey, M. M. Hafez) (z-library.sk, 1lib.sk, z-lib.sk).pdf , page2 used on input line 49.
(luatex.def)             Requested size: 435.95395pt x 694.5348pt.
 [4

</Volumes/SSD_LPF/sonicSolver/sonicSolver/papers/book/Frontiers of computational fluid dynamics 2006 (D. A. Caughey, M. M. Hafez) (z-library.sk, 1lib.sk, z-lib.sk).pdf>] [5

]
</Volumes/SSD_LPF/sonicSolver/sonicSolver/papers/book/Frontiers of computational fluid dynamics 2006 (D. A. Caughey, M. M. Hafez) (z-library.sk, 1lib.sk, z-lib.sk).pdf, id=65, page=3, 401.5793pt x 640.0703pt>
File: /Volumes/SSD_LPF/sonicSolver/sonicSolver/papers/book/Frontiers of computational fluid dynamics 2006 (D. A. Caughey, M. M. Hafez) (z-library.sk, 1lib.sk, z-lib.sk).pdf Graphic file (type pdf)
<use /Volumes/SSD_LPF/sonicSolver/sonicSolver/papers/book/Frontiers of computational fluid dynamics 2006 (D. A. Caughey, M. M. Hafez) (z-library.sk, 1lib.sk, z-lib.sk).pdf, page 3>
Package luatex.def Info: /Volumes/SSD_LPF/sonicSolver/sonicSolver/papers/book/Frontiers of computational fluid dynamics 2006 (D. A. Caughey, M. M. Hafez) (z-library.sk, 1lib.sk, z-lib.sk).pdf , page3 used on input line 53.
(luatex.def)             Requested size: 435.95395pt x 694.87929pt.
 [6

</Volumes/SSD_LPF/sonicSolver/sonicSolver/papers/book/Frontiers of computational fluid dynamics 2006 (D. A. Caughey, M. M. Hafez) (z-library.sk, 1lib.sk, z-lib.sk).pdf>] [7

]
</Volumes/SSD_LPF/sonicSolver/sonicSolver/papers/book/Frontiers of computational fluid dynamics 2006 (D. A. Caughey, M. M. Hafez) (z-library.sk, 1lib.sk, z-lib.sk).pdf, id=87, page=4, 403.38705pt x 642.35884pt>
File: /Volumes/SSD_LPF/sonicSolver/sonicSolver/papers/book/Frontiers of computational fluid dynamics 2006 (D. A. Caughey, M. M. Hafez) (z-library.sk, 1lib.sk, z-lib.sk).pdf Graphic file (type pdf)
<use /Volumes/SSD_LPF/sonicSolver/sonicSolver/papers/book/Frontiers of computational fluid dynamics 2006 (D. A. Caughey, M. M. Hafez) (z-library.sk, 1lib.sk, z-lib.sk).pdf, page 4>
Package luatex.def Info: /Volumes/SSD_LPF/sonicSolver/sonicSolver/papers/book/Frontiers of computational fluid dynamics 2006 (D. A. Caughey, M. M. Hafez) (z-library.sk, 1lib.sk, z-lib.sk).pdf , page4 used on input line 57.
(luatex.def)             Requested size: 435.95395pt x 694.2371pt.
 [8

</Volumes/SSD_LPF/sonicSolver/sonicSolver/papers/book/Frontiers of computational fluid dynamics 2006 (D. A. Caughey, M. M. Hafez) (z-library.sk, 1lib.sk, z-lib.sk).pdf>] [9

]
</Volumes/SSD_LPF/sonicSolver/sonicSolver/papers/book/Frontiers of computational fluid dynamics 2006 (D. A. Caughey, M. M. Hafez) (z-library.sk, 1lib.sk, z-lib.sk).pdf, id=108, page=5, 401.5793pt x 640.0703pt>
File: /Volumes/SSD_LPF/sonicSolver/sonicSolver/papers/book/Frontiers of computational fluid dynamics 2006 (D. A. Caughey, M. M. Hafez) (z-library.sk, 1lib.sk, z-lib.sk).pdf Graphic file (type pdf)
<use /Volumes/SSD_LPF/sonicSolver/sonicSolver/papers/book/Frontiers of computational fluid dynamics 2006 (D. A. Caughey, M. M. Hafez) (z-library.sk, 1lib.sk, z-lib.sk).pdf, page 5>
Package luatex.def Info: /Volumes/SSD_LPF/sonicSolver/sonicSolver/papers/book/Frontiers of computational fluid dynamics 2006 (D. A. Caughey, M. M. Hafez) (z-library.sk, 1lib.sk, z-lib.sk).pdf , page5 used on input line 61.
(luatex.def)             Requested size: 435.95395pt x 694.87929pt.
 [10

</Volumes/SSD_LPF/sonicSolver/sonicSolver/papers/book/Frontiers of computational fluid dynamics 2006 (D. A. Caughey, M. M. Hafez) (z-library.sk, 1lib.sk, z-lib.sk).pdf>] [11


]
</Volumes/SSD_LPF/sonicSolver/sonicSolver/papers/book/Frontiers of computational fluid dynamics 2006 (D. A. Caughey, M. M. Hafez) (z-library.sk, 1lib.sk, z-lib.sk).pdf, id=132, page=6, 406.03696pt x 643.80424pt>
File: /Volumes/SSD_LPF/sonicSolver/sonicSolver/papers/book/Frontiers of computational fluid dynamics 2006 (D. A. Caughey, M. M. Hafez) (z-library.sk, 1lib.sk, z-lib.sk).pdf Graphic file (type pdf)
<use /Volumes/SSD_LPF/sonicSolver/sonicSolver/papers/book/Frontiers of computational fluid dynamics 2006 (D. A. Caughey, M. M. Hafez) (z-library.sk, 1lib.sk, z-lib.sk).pdf, page 6>
Package luatex.def Info: /Volumes/SSD_LPF/sonicSolver/sonicSolver/papers/book/Frontiers of computational fluid dynamics 2006 (D. A. Caughey, M. M. Hafez) (z-library.sk, 1lib.sk, z-lib.sk).pdf , page6 used on input line 66.
(luatex.def)             Requested size: 435.95395pt x 691.24106pt.
 [12

</Volumes/SSD_LPF/sonicSolver/sonicSolver/papers/book/Frontiers of computational fluid dynamics 2006 (D. A. Caughey, M. M. Hafez) (z-library.sk, 1lib.sk, z-lib.sk).pdf>] [13

]
</Volumes/SSD_LPF/sonicSolver/sonicSolver/papers/book/Frontiers of computational fluid dynamics 2006 (D. A. Caughey, M. M. Hafez) (z-library.sk, 1lib.sk, z-lib.sk).pdf, id=146, page=7, 401.5793pt x 640.0703pt>
File: /Volumes/SSD_LPF/sonicSolver/sonicSolver/papers/book/Frontiers of computational fluid dynamics 2006 (D. A. Caughey, M. M. Hafez) (z-library.sk, 1lib.sk, z-lib.sk).pdf Graphic file (type pdf)
<use /Volumes/SSD_LPF/sonicSolver/sonicSolver/papers/book/Frontiers of computational fluid dynamics 2006 (D. A. Caughey, M. M. Hafez) (z-library.sk, 1lib.sk, z-lib.sk).pdf, page 7>
Package luatex.def Info: /Volumes/SSD_LPF/sonicSolver/sonicSolver/papers/book/Frontiers of computational fluid dynamics 2006 (D. A. Caughey, M. M. Hafez) (z-library.sk, 1lib.sk, z-lib.sk).pdf , page7 used on input line 70.
(luatex.def)             Requested size: 435.95395pt x 694.87929pt.
 [14

</Volumes/SSD_LPF/sonicSolver/sonicSolver/papers/book/Frontiers of computational fluid dynamics 2006 (D. A. Caughey, M. M. Hafez) (z-library.sk, 1lib.sk, z-lib.sk).pdf>] [15

]
</Volumes/SSD_LPF/sonicSolver/sonicSolver/papers/book/Frontiers of computational fluid dynamics 2006 (D. A. Caughey, M. M. Hafez) (z-library.sk, 1lib.sk, z-lib.sk).pdf, id=161, page=8, 404.10875pt x 642.84065pt>
File: /Volumes/SSD_LPF/sonicSolver/sonicSolver/papers/book/Frontiers of computational fluid dynamics 2006 (D. A. Caughey, M. M. Hafez) (z-library.sk, 1lib.sk, z-lib.sk).pdf Graphic file (type pdf)
<use /Volumes/SSD_LPF/sonicSolver/sonicSolver/papers/book/Frontiers of computational fluid dynamics 2006 (D. A. Caughey, M. M. Hafez) (z-library.sk, 1lib.sk, z-lib.sk).pdf, page 8>
Package luatex.def Info: /Volumes/SSD_LPF/sonicSolver/sonicSolver/papers/book/Frontiers of computational fluid dynamics 2006 (D. A. Caughey, M. M. Hafez) (z-library.sk, 1lib.sk, z-lib.sk).pdf , page8 used on input line 74.
(luatex.def)             Requested size: 435.95395pt x 693.5219pt.
 [16

</Volumes/SSD_LPF/sonicSolver/sonicSolver/papers/book/Frontiers of computational fluid dynamics 2006 (D. A. Caughey, M. M. Hafez) (z-library.sk, 1lib.sk, z-lib.sk).pdf>] [17

]
</Volumes/SSD_LPF/sonicSolver/sonicSolver/papers/book/Frontiers of computational fluid dynamics 2006 (D. A. Caughey, M. M. Hafez) (z-library.sk, 1lib.sk, z-lib.sk).pdf, id=177, page=9, 402.90524pt x 642.11896pt>
File: /Volumes/SSD_LPF/sonicSolver/sonicSolver/papers/book/Frontiers of computational fluid dynamics 2006 (D. A. Caughey, M. M. Hafez) (z-library.sk, 1lib.sk, z-lib.sk).pdf Graphic file (type pdf)
<use /Volumes/SSD_LPF/sonicSolver/sonicSolver/papers/book/Frontiers of computational fluid dynamics 2006 (D. A. Caughey, M. M. Hafez) (z-library.sk, 1lib.sk, z-lib.sk).pdf, page 9>
Package luatex.def Info: /Volumes/SSD_LPF/sonicSolver/sonicSolver/papers/book/Frontiers of computational fluid dynamics 2006 (D. A. Caughey, M. M. Hafez) (z-library.sk, 1lib.sk, z-lib.sk).pdf , page9 used on input line 78.
(luatex.def)             Requested size: 435.95395pt x 694.83026pt.
 [18

</Volumes/SSD_LPF/sonicSolver/sonicSolver/papers/book/Frontiers of computational fluid dynamics 2006 (D. A. Caughey, M. M. Hafez) (z-library.sk, 1lib.sk, z-lib.sk).pdf>] [19


]
</Volumes/SSD_LPF/sonicSolver/sonicSolver/papers/book/Frontiers of computational fluid dynamics 2006 (D. A. Caughey, M. M. Hafez) (z-library.sk, 1lib.sk, z-lib.sk).pdf, id=191, page=10, 410.9754pt x 645.611pt>
File: /Volumes/SSD_LPF/sonicSolver/sonicSolver/papers/book/Frontiers of computational fluid dynamics 2006 (D. A. Caughey, M. M. Hafez) (z-library.sk, 1lib.sk, z-lib.sk).pdf Graphic file (type pdf)
<use /Volumes/SSD_LPF/sonicSolver/sonicSolver/papers/book/Frontiers of computational fluid dynamics 2006 (D. A. Caughey, M. M. Hafez) (z-library.sk, 1lib.sk, z-lib.sk).pdf, page 10>
Package luatex.def Info: /Volumes/SSD_LPF/sonicSolver/sonicSolver/papers/book/Frontiers of computational fluid dynamics 2006 (D. A. Caughey, M. M. Hafez) (z-library.sk, 1lib.sk, z-lib.sk).pdf , page10 used on input line 83.
(luatex.def)             Requested size: 435.95395pt x 684.85666pt.
 [20

</Volumes/SSD_LPF/sonicSolver/sonicSolver/papers/book/Frontiers of computational fluid dynamics 2006 (D. A. Caughey, M. M. Hafez) (z-library.sk, 1lib.sk, z-lib.sk).pdf>] [21

]
</Volumes/SSD_LPF/sonicSolver/sonicSolver/papers/book/Frontiers of computational fluid dynamics 2006 (D. A. Caughey, M. M. Hafez) (z-library.sk, 1lib.sk, z-lib.sk).pdf, id=204, page=11, 406.51875pt x 644.04515pt>
File: /Volumes/SSD_LPF/sonicSolver/sonicSolver/papers/book/Frontiers of computational fluid dynamics 2006 (D. A. Caughey, M. M. Hafez) (z-library.sk, 1lib.sk, z-lib.sk).pdf Graphic file (type pdf)
<use /Volumes/SSD_LPF/sonicSolver/sonicSolver/papers/book/Frontiers of computational fluid dynamics 2006 (D. A. Caughey, M. M. Hafez) (z-library.sk, 1lib.sk, z-lib.sk).pdf, page 11>
Package luatex.def Info: /Volumes/SSD_LPF/sonicSolver/sonicSolver/papers/book/Frontiers of computational fluid dynamics 2006 (D. A. Caughey, M. M. Hafez) (z-library.sk, 1lib.sk, z-lib.sk).pdf , page11 used on input line 87.
(luatex.def)             Requested size: 435.95395pt x 690.70369pt.
 [22

</Volumes/SSD_LPF/sonicSolver/sonicSolver/papers/book/Frontiers of computational fluid dynamics 2006 (D. A. Caughey, M. M. Hafez) (z-library.sk, 1lib.sk, z-lib.sk).pdf>] [23

]
</Volumes/SSD_LPF/sonicSolver/sonicSolver/papers/book/Frontiers of computational fluid dynamics 2006 (D. A. Caughey, M. M. Hafez) (z-library.sk, 1lib.sk, z-lib.sk).pdf, id=217, page=12, 409.0472pt x 643.6848pt>
File: /Volumes/SSD_LPF/sonicSolver/sonicSolver/papers/book/Frontiers of computational fluid dynamics 2006 (D. A. Caughey, M. M. Hafez) (z-library.sk, 1lib.sk, z-lib.sk).pdf Graphic file (type pdf)
<use /Volumes/SSD_LPF/sonicSolver/sonicSolver/papers/book/Frontiers of computational fluid dynamics 2006 (D. A. Caughey, M. M. Hafez) (z-library.sk, 1lib.sk, z-lib.sk).pdf, page 12>
Package luatex.def Info: /Volumes/SSD_LPF/sonicSolver/sonicSolver/papers/book/Frontiers of computational fluid dynamics 2006 (D. A. Caughey, M. M. Hafez) (z-library.sk, 1lib.sk, z-lib.sk).pdf , page12 used on input line 91.
(luatex.def)             Requested size: 435.95395pt x 686.04475pt.
 [24

</Volumes/SSD_LPF/sonicSolver/sonicSolver/papers/book/Frontiers of computational fluid dynamics 2006 (D. A. Caughey, M. M. Hafez) (z-library.sk, 1lib.sk, z-lib.sk).pdf>] [25

]
</Volumes/SSD_LPF/sonicSolver/sonicSolver/papers/book/Frontiers of computational fluid dynamics 2006 (D. A. Caughey, M. M. Hafez) (z-library.sk, 1lib.sk, z-lib.sk).pdf, id=230, page=13, 406.3973pt x 643.203pt>
File: /Volumes/SSD_LPF/sonicSolver/sonicSolver/papers/book/Frontiers of computational fluid dynamics 2006 (D. A. Caughey, M. M. Hafez) (z-library.sk, 1lib.sk, z-lib.sk).pdf Graphic file (type pdf)
<use /Volumes/SSD_LPF/sonicSolver/sonicSolver/papers/book/Frontiers of computational fluid dynamics 2006 (D. A. Caughey, M. M. Hafez) (z-library.sk, 1lib.sk, z-lib.sk).pdf, page 13>
Package luatex.def Info: /Volumes/SSD_LPF/sonicSolver/sonicSolver/papers/book/Frontiers of computational fluid dynamics 2006 (D. A. Caughey, M. M. Hafez) (z-library.sk, 1lib.sk, z-lib.sk).pdf , page13 used on input line 95.
(luatex.def)             Requested size: 435.95395pt x 690.01646pt.
 [26

</Volumes/SSD_LPF/sonicSolver/sonicSolver/papers/book/Frontiers of computational fluid dynamics 2006 (D. A. Caughey, M. M. Hafez) (z-library.sk, 1lib.sk, z-lib.sk).pdf>] [27

]
</Volumes/SSD_LPF/sonicSolver/sonicSolver/papers/book/Frontiers of computational fluid dynamics 2006 (D. A. Caughey, M. M. Hafez) (z-library.sk, 1lib.sk, z-lib.sk).pdf, id=244, page=14, 407.96315pt x 645.00874pt>
File: /Volumes/SSD_LPF/sonicSolver/sonicSolver/papers/book/Frontiers of computational fluid dynamics 2006 (D. A. Caughey, M. M. Hafez) (z-library.sk, 1lib.sk, z-lib.sk).pdf Graphic file (type pdf)
<use /Volumes/SSD_LPF/sonicSolver/sonicSolver/papers/book/Frontiers of computational fluid dynamics 2006 (D. A. Caughey, M. M. Hafez) (z-library.sk, 1lib.sk, z-lib.sk).pdf, page 14>
Package luatex.def Info: /Volumes/SSD_LPF/sonicSolver/sonicSolver/papers/book/Frontiers of computational fluid dynamics 2006 (D. A. Caughey, M. M. Hafez) (z-library.sk, 1lib.sk, z-lib.sk).pdf , page14 used on input line 99.
(luatex.def)             Requested size: 435.95395pt x 689.29628pt.
 [28

</Volumes/SSD_LPF/sonicSolver/sonicSolver/papers/book/Frontiers of computational fluid dynamics 2006 (D. A. Caughey, M. M. Hafez) (z-library.sk, 1lib.sk, z-lib.sk).pdf>] [29

]
</Volumes/SSD_LPF/sonicSolver/sonicSolver/papers/book/Frontiers of computational fluid dynamics 2006 (D. A. Caughey, M. M. Hafez) (z-library.sk, 1lib.sk, z-lib.sk).pdf, id=257, page=15, 411.81755pt x 646.93695pt>
File: /Volumes/SSD_LPF/sonicSolver/sonicSolver/papers/book/Frontiers of computational fluid dynamics 2006 (D. A. Caughey, M. M. Hafez) (z-library.sk, 1lib.sk, z-lib.sk).pdf Graphic file (type pdf)
<use /Volumes/SSD_LPF/sonicSolver/sonicSolver/papers/book/Frontiers of computational fluid dynamics 2006 (D. A. Caughey, M. M. Hafez) (z-library.sk, 1lib.sk, z-lib.sk).pdf, page 15>
Package luatex.def Info: /Volumes/SSD_LPF/sonicSolver/sonicSolver/papers/book/Frontiers of computational fluid dynamics 2006 (D. A. Caughey, M. M. Hafez) (z-library.sk, 1lib.sk, z-lib.sk).pdf , page15 used on input line 103.
(luatex.def)             Requested size: 435.95395pt x 684.8516pt.
 [30

</Volumes/SSD_LPF/sonicSolver/sonicSolver/papers/book/Frontiers of computational fluid dynamics 2006 (D. A. Caughey, M. M. Hafez) (z-library.sk, 1lib.sk, z-lib.sk).pdf>] [31

]
</Volumes/SSD_LPF/sonicSolver/sonicSolver/papers/book/Frontiers of computational fluid dynamics 2006 (D. A. Caughey, M. M. Hafez) (z-library.sk, 1lib.sk, z-lib.sk).pdf, id=270, page=16, 403.38705pt x 642.35884pt>
File: /Volumes/SSD_LPF/sonicSolver/sonicSolver/papers/book/Frontiers of computational fluid dynamics 2006 (D. A. Caughey, M. M. Hafez) (z-library.sk, 1lib.sk, z-lib.sk).pdf Graphic file (type pdf)
<use /Volumes/SSD_LPF/sonicSolver/sonicSolver/papers/book/Frontiers of computational fluid dynamics 2006 (D. A. Caughey, M. M. Hafez) (z-library.sk, 1lib.sk, z-lib.sk).pdf, page 16>
Package luatex.def Info: /Volumes/SSD_LPF/sonicSolver/sonicSolver/papers/book/Frontiers of computational fluid dynamics 2006 (D. A. Caughey, M. M. Hafez) (z-library.sk, 1lib.sk, z-lib.sk).pdf , page16 used on input line 107.
(luatex.def)             Requested size: 435.95395pt x 694.2371pt.
 [32

</Volumes/SSD_LPF/sonicSolver/sonicSolver/papers/book/Frontiers of computational fluid dynamics 2006 (D. A. Caughey, M. M. Hafez) (z-library.sk, 1lib.sk, z-lib.sk).pdf>] [33

]
</Volumes/SSD_LPF/sonicSolver/sonicSolver/papers/book/Frontiers of computational fluid dynamics 2006 (D. A. Caughey, M. M. Hafez) (z-library.sk, 1lib.sk, z-lib.sk).pdf, id=284, page=17, 409.16765pt x 645.73245pt>
File: /Volumes/SSD_LPF/sonicSolver/sonicSolver/papers/book/Frontiers of computational fluid dynamics 2006 (D. A. Caughey, M. M. Hafez) (z-library.sk, 1lib.sk, z-lib.sk).pdf Graphic file (type pdf)
<use /Volumes/SSD_LPF/sonicSolver/sonicSolver/papers/book/Frontiers of computational fluid dynamics 2006 (D. A. Caughey, M. M. Hafez) (z-library.sk, 1lib.sk, z-lib.sk).pdf, page 17>
Package luatex.def Info: /Volumes/SSD_LPF/sonicSolver/sonicSolver/papers/book/Frontiers of computational fluid dynamics 2006 (D. A. Caughey, M. M. Hafez) (z-library.sk, 1lib.sk, z-lib.sk).pdf , page17 used on input line 111.
(luatex.def)             Requested size: 435.95395pt x 688.02023pt.
 [34

</Volumes/SSD_LPF/sonicSolver/sonicSolver/papers/book/Frontiers of computational fluid dynamics 2006 (D. A. Caughey, M. M. Hafez) (z-library.sk, 1lib.sk, z-lib.sk).pdf>] [35

]
</Volumes/SSD_LPF/sonicSolver/sonicSolver/papers/book/Frontiers of computational fluid dynamics 2006 (D. A. Caughey, M. M. Hafez) (z-library.sk, 1lib.sk, z-lib.sk).pdf, id=297, page=18, 407.96315pt x 644.52695pt>
File: /Volumes/SSD_LPF/sonicSolver/sonicSolver/papers/book/Frontiers of computational fluid dynamics 2006 (D. A. Caughey, M. M. Hafez) (z-library.sk, 1lib.sk, z-lib.sk).pdf Graphic file (type pdf)
<use /Volumes/SSD_LPF/sonicSolver/sonicSolver/papers/book/Frontiers of computational fluid dynamics 2006 (D. A. Caughey, M. M. Hafez) (z-library.sk, 1lib.sk, z-lib.sk).pdf, page 18>
Package luatex.def Info: /Volumes/SSD_LPF/sonicSolver/sonicSolver/papers/book/Frontiers of computational fluid dynamics 2006 (D. A. Caughey, M. M. Hafez) (z-library.sk, 1lib.sk, z-lib.sk).pdf , page18 used on input line 115.
(luatex.def)             Requested size: 435.95395pt x 688.7814pt.
 [36

</Volumes/SSD_LPF/sonicSolver/sonicSolver/papers/book/Frontiers of computational fluid dynamics 2006 (D. A. Caughey, M. M. Hafez) (z-library.sk, 1lib.sk, z-lib.sk).pdf>] [37

]
</Volumes/SSD_LPF/sonicSolver/sonicSolver/papers/book/Frontiers of computational fluid dynamics 2006 (D. A. Caughey, M. M. Hafez) (z-library.sk, 1lib.sk, z-lib.sk).pdf, id=311, page=19, 402.90524pt x 642.11896pt>
File: /Volumes/SSD_LPF/sonicSolver/sonicSolver/papers/book/Frontiers of computational fluid dynamics 2006 (D. A. Caughey, M. M. Hafez) (z-library.sk, 1lib.sk, z-lib.sk).pdf Graphic file (type pdf)
<use /Volumes/SSD_LPF/sonicSolver/sonicSolver/papers/book/Frontiers of computational fluid dynamics 2006 (D. A. Caughey, M. M. Hafez) (z-library.sk, 1lib.sk, z-lib.sk).pdf, page 19>
Package luatex.def Info: /Volumes/SSD_LPF/sonicSolver/sonicSolver/papers/book/Frontiers of computational fluid dynamics 2006 (D. A. Caughey, M. M. Hafez) (z-library.sk, 1lib.sk, z-lib.sk).pdf , page19 used on input line 119.
(luatex.def)             Requested size: 435.95395pt x 694.83026pt.
 [38

</Volumes/SSD_LPF/sonicSolver/sonicSolver/papers/book/Frontiers of computational fluid dynamics 2006 (D. A. Caughey, M. M. Hafez) (z-library.sk, 1lib.sk, z-lib.sk).pdf>]
第一章
LaTeX Font Info:    Font shape `LTJY3/FandolSong-Regular(0)/bx/n' in size <14.4> not available
(Font)              Font shape `LTJY3/FandolSong-Regular(0)/b/n' tried instead on input line 123.
[39



]
</Volumes/SSD_LPF/sonicSolver/sonicSolver/papers/book/Frontiers of computational fluid dynamics 2006 (D. A. Caughey, M. M. Hafez) (z-library.sk, 1lib.sk, z-lib.sk).pdf, id=326, page=20, 402.90524pt x 642.11896pt>
File: /Volumes/SSD_LPF/sonicSolver/sonicSolver/papers/book/Frontiers of computational fluid dynamics 2006 (D. A. Caughey, M. M. Hafez) (z-library.sk, 1lib.sk, z-lib.sk).pdf Graphic file (type pdf)
<use /Volumes/SSD_LPF/sonicSolver/sonicSolver/papers/book/Frontiers of computational fluid dynamics 2006 (D. A. Caughey, M. M. Hafez) (z-library.sk, 1lib.sk, z-lib.sk).pdf, page 20>
Package luatex.def Info: /Volumes/SSD_LPF/sonicSolver/sonicSolver/papers/book/Frontiers of computational fluid dynamics 2006 (D. A. Caughey, M. M. Hafez) (z-library.sk, 1lib.sk, z-lib.sk).pdf , page20 used on input line 126.
(luatex.def)             Requested size: 435.95395pt x 694.83026pt.
 [40

</Volumes/SSD_LPF/sonicSolver/sonicSolver/papers/book/Frontiers of computational fluid dynamics 2006 (D. A. Caughey, M. M. Hafez) (z-library.sk, 1lib.sk, z-lib.sk).pdf>] [41

]
</Volumes/SSD_LPF/sonicSolver/sonicSolver/papers/book/Frontiers of computational fluid dynamics 2006 (D. A. Caughey, M. M. Hafez) (z-library.sk, 1lib.sk, z-lib.sk).pdf, id=340, page=21, 404.59155pt x 643.32245pt>
File: /Volumes/SSD_LPF/sonicSolver/sonicSolver/papers/book/Frontiers of computational fluid dynamics 2006 (D. A. Caughey, M. M. Hafez) (z-library.sk, 1lib.sk, z-lib.sk).pdf Graphic file (type pdf)
<use /Volumes/SSD_LPF/sonicSolver/sonicSolver/papers/book/Frontiers of computational fluid dynamics 2006 (D. A. Caughey, M. M. Hafez) (z-library.sk, 1lib.sk, z-lib.sk).pdf, page 21>
Package luatex.def Info: /Volumes/SSD_LPF/sonicSolver/sonicSolver/papers/book/Frontiers of computational fluid dynamics 2006 (D. A. Caughey, M. M. Hafez) (z-library.sk, 1lib.sk, z-lib.sk).pdf , page21 used on input line 131.
(luatex.def)             Requested size: 435.95395pt x 693.23674pt.
 [42

</Volumes/SSD_LPF/sonicSolver/sonicSolver/papers/book/Frontiers of computational fluid dynamics 2006 (D. A. Caughey, M. M. Hafez) (z-library.sk, 1lib.sk, z-lib.sk).pdf>] [43

]
</Volumes/SSD_LPF/sonicSolver/sonicSolver/papers/book/Frontiers of computational fluid dynamics 2006 (D. A. Caughey, M. M. Hafez) (z-library.sk, 1lib.sk, z-lib.sk).pdf, id=354, page=22, 406.03696pt x 644.04515pt>
File: /Volumes/SSD_LPF/sonicSolver/sonicSolver/papers/book/Frontiers of computational fluid dynamics 2006 (D. A. Caughey, M. M. Hafez) (z-library.sk, 1lib.sk, z-lib.sk).pdf Graphic file (type pdf)
<use /Volumes/SSD_LPF/sonicSolver/sonicSolver/papers/book/Frontiers of computational fluid dynamics 2006 (D. A. Caughey, M. M. Hafez) (z-library.sk, 1lib.sk, z-lib.sk).pdf, page 22>
Package luatex.def Info: /Volumes/SSD_LPF/sonicSolver/sonicSolver/papers/book/Frontiers of computational fluid dynamics 2006 (D. A. Caughey, M. M. Hafez) (z-library.sk, 1lib.sk, z-lib.sk).pdf , page22 used on input line 136.
(luatex.def)             Requested size: 435.95395pt x 691.49971pt.
 [44

</Volumes/SSD_LPF/sonicSolver/sonicSolver/papers/book/Frontiers of computational fluid dynamics 2006 (D. A. Caughey, M. M. Hafez) (z-library.sk, 1lib.sk, z-lib.sk).pdf>] [45

]
</Volumes/SSD_LPF/sonicSolver/sonicSolver/papers/book/Frontiers of computational fluid dynamics 2006 (D. A. Caughey, M. M. Hafez) (z-library.sk, 1lib.sk, z-lib.sk).pdf, id=368, page=23, 408.44495pt x 644.76884pt>
File: /Volumes/SSD_LPF/sonicSolver/sonicSolver/papers/book/Frontiers of computational fluid dynamics 2006 (D. A. Caughey, M. M. Hafez) (z-library.sk, 1lib.sk, z-lib.sk).pdf Graphic file (type pdf)
<use /Volumes/SSD_LPF/sonicSolver/sonicSolver/papers/book/Frontiers of computational fluid dynamics 2006 (D. A. Caughey, M. M. Hafez) (z-library.sk, 1lib.sk, z-lib.sk).pdf, page 23>
Package luatex.def Info: /Volumes/SSD_LPF/sonicSolver/sonicSolver/papers/book/Frontiers of computational fluid dynamics 2006 (D. A. Caughey, M. M. Hafez) (z-library.sk, 1lib.sk, z-lib.sk).pdf , page23 used on input line 141.
(luatex.def)             Requested size: 435.95395pt x 688.20366pt.
 [46

</Volumes/SSD_LPF/sonicSolver/sonicSolver/papers/book/Frontiers of computational fluid dynamics 2006 (D. A. Caughey, M. M. Hafez) (z-library.sk, 1lib.sk, z-lib.sk).pdf>] [47

]
</Volumes/SSD_LPF/sonicSolver/sonicSolver/papers/book/Frontiers of computational fluid dynamics 2006 (D. A. Caughey, M. M. Hafez) (z-library.sk, 1lib.sk, z-lib.sk).pdf, id=382, page=24, 404.10875pt x 642.84065pt>
File: /Volumes/SSD_LPF/sonicSolver/sonicSolver/papers/book/Frontiers of computational fluid dynamics 2006 (D. A. Caughey, M. M. Hafez) (z-library.sk, 1lib.sk, z-lib.sk).pdf Graphic file (type pdf)
<use /Volumes/SSD_LPF/sonicSolver/sonicSolver/papers/book/Frontiers of computational fluid dynamics 2006 (D. A. Caughey, M. M. Hafez) (z-library.sk, 1lib.sk, z-lib.sk).pdf, page 24>
Package luatex.def Info: /Volumes/SSD_LPF/sonicSolver/sonicSolver/papers/book/Frontiers of computational fluid dynamics 2006 (D. A. Caughey, M. M. Hafez) (z-library.sk, 1lib.sk, z-lib.sk).pdf , page24 used on input line 145.
(luatex.def)             Requested size: 435.95395pt x 693.5219pt.
 [48

</Volumes/SSD_LPF/sonicSolver/sonicSolver/papers/book/Frontiers of computational fluid dynamics 2006 (D. A. Caughey, M. M. Hafez) (z-library.sk, 1lib.sk, z-lib.sk).pdf>] [49

]
</Volumes/SSD_LPF/sonicSolver/sonicSolver/papers/book/Frontiers of computational fluid dynamics 2006 (D. A. Caughey, M. M. Hafez) (z-library.sk, 1lib.sk, z-lib.sk).pdf, id=395, page=25, 406.03696pt x 643.56435pt>
File: /Volumes/SSD_LPF/sonicSolver/sonicSolver/papers/book/Frontiers of computational fluid dynamics 2006 (D. A. Caughey, M. M. Hafez) (z-library.sk, 1lib.sk, z-lib.sk).pdf Graphic file (type pdf)
<use /Volumes/SSD_LPF/sonicSolver/sonicSolver/papers/book/Frontiers of computational fluid dynamics 2006 (D. A. Caughey, M. M. Hafez) (z-library.sk, 1lib.sk, z-lib.sk).pdf, page 25>
Package luatex.def Info: /Volumes/SSD_LPF/sonicSolver/sonicSolver/papers/book/Frontiers of computational fluid dynamics 2006 (D. A. Caughey, M. M. Hafez) (z-library.sk, 1lib.sk, z-lib.sk).pdf , page25 used on input line 149.
(luatex.def)             Requested size: 435.95395pt x 690.98349pt.
 [50

</Volumes/SSD_LPF/sonicSolver/sonicSolver/papers/book/Frontiers of computational fluid dynamics 2006 (D. A. Caughey, M. M. Hafez) (z-library.sk, 1lib.sk, z-lib.sk).pdf>] [51

]
</Volumes/SSD_LPF/sonicSolver/sonicSolver/papers/book/Frontiers of computational fluid dynamics 2006 (D. A. Caughey, M. M. Hafez) (z-library.sk, 1lib.sk, z-lib.sk).pdf, id=408, page=26, 406.03696pt x 644.04515pt>
File: /Volumes/SSD_LPF/sonicSolver/sonicSolver/papers/book/Frontiers of computational fluid dynamics 2006 (D. A. Caughey, M. M. Hafez) (z-library.sk, 1lib.sk, z-lib.sk).pdf Graphic file (type pdf)
<use /Volumes/SSD_LPF/sonicSolver/sonicSolver/papers/book/Frontiers of computational fluid dynamics 2006 (D. A. Caughey, M. M. Hafez) (z-library.sk, 1lib.sk, z-lib.sk).pdf, page 26>
Package luatex.def Info: /Volumes/SSD_LPF/sonicSolver/sonicSolver/papers/book/Frontiers of computational fluid dynamics 2006 (D. A. Caughey, M. M. Hafez) (z-library.sk, 1lib.sk, z-lib.sk).pdf , page26 used on input line 153.
(luatex.def)             Requested size: 435.95395pt x 691.49971pt.
 [52

</Volumes/SSD_LPF/sonicSolver/sonicSolver/papers/book/Frontiers of computational fluid dynamics 2006 (D. A. Caughey, M. M. Hafez) (z-library.sk, 1lib.sk, z-lib.sk).pdf>] [53

]
</Volumes/SSD_LPF/sonicSolver/sonicSolver/papers/book/Frontiers of computational fluid dynamics 2006 (D. A. Caughey, M. M. Hafez) (z-library.sk, 1lib.sk, z-lib.sk).pdf, id=421, page=27, 404.59155pt x 643.32245pt>
File: /Volumes/SSD_LPF/sonicSolver/sonicSolver/papers/book/Frontiers of computational fluid dynamics 2006 (D. A. Caughey, M. M. Hafez) (z-library.sk, 1lib.sk, z-lib.sk).pdf Graphic file (type pdf)
<use /Volumes/SSD_LPF/sonicSolver/sonicSolver/papers/book/Frontiers of computational fluid dynamics 2006 (D. A. Caughey, M. M. Hafez) (z-library.sk, 1lib.sk, z-lib.sk).pdf, page 27>
Package luatex.def Info: /Volumes/SSD_LPF/sonicSolver/sonicSolver/papers/book/Frontiers of computational fluid dynamics 2006 (D. A. Caughey, M. M. Hafez) (z-library.sk, 1lib.sk, z-lib.sk).pdf , page27 used on input line 157.
(luatex.def)             Requested size: 435.95395pt x 693.23674pt.
 [54

</Volumes/SSD_LPF/sonicSolver/sonicSolver/papers/book/Frontiers of computational fluid dynamics 2006 (D. A. Caughey, M. M. Hafez) (z-library.sk, 1lib.sk, z-lib.sk).pdf>] [55

]
</Volumes/SSD_LPF/sonicSolver/sonicSolver/papers/book/Frontiers of computational fluid dynamics 2006 (D. A. Caughey, M. M. Hafez) (z-library.sk, 1lib.sk, z-lib.sk).pdf, id=437, page=28, 402.7838pt x 640.793pt>
File: /Volumes/SSD_LPF/sonicSolver/sonicSolver/papers/book/Frontiers of computational fluid dynamics 2006 (D. A. Caughey, M. M. Hafez) (z-library.sk, 1lib.sk, z-lib.sk).pdf Graphic file (type pdf)
<use /Volumes/SSD_LPF/sonicSolver/sonicSolver/papers/book/Frontiers of computational fluid dynamics 2006 (D. A. Caughey, M. M. Hafez) (z-library.sk, 1lib.sk, z-lib.sk).pdf, page 28>
Package luatex.def Info: /Volumes/SSD_LPF/sonicSolver/sonicSolver/papers/book/Frontiers of computational fluid dynamics 2006 (D. A. Caughey, M. M. Hafez) (z-library.sk, 1lib.sk, z-lib.sk).pdf , page28 used on input line 161.
(luatex.def)             Requested size: 435.95395pt x 693.56168pt.
 [56

</Volumes/SSD_LPF/sonicSolver/sonicSolver/papers/book/Frontiers of computational fluid dynamics 2006 (D. A. Caughey, M. M. Hafez) (z-library.sk, 1lib.sk, z-lib.sk).pdf>] [57

]
</Volumes/SSD_LPF/sonicSolver/sonicSolver/papers/book/Frontiers of computational fluid dynamics 2006 (D. A. Caughey, M. M. Hafez) (z-library.sk, 1lib.sk, z-lib.sk).pdf, id=452, page=29, 406.03696pt x 643.80424pt>
File: /Volumes/SSD_LPF/sonicSolver/sonicSolver/papers/book/Frontiers of computational fluid dynamics 2006 (D. A. Caughey, M. M. Hafez) (z-library.sk, 1lib.sk, z-lib.sk).pdf Graphic file (type pdf)
<use /Volumes/SSD_LPF/sonicSolver/sonicSolver/papers/book/Frontiers of computational fluid dynamics 2006 (D. A. Caughey, M. M. Hafez) (z-library.sk, 1lib.sk, z-lib.sk).pdf, page 29>
Package luatex.def Info: /Volumes/SSD_LPF/sonicSolver/sonicSolver/papers/book/Frontiers of computational fluid dynamics 2006 (D. A. Caughey, M. M. Hafez) (z-library.sk, 1lib.sk, z-lib.sk).pdf , page29 used on input line 166.
(luatex.def)             Requested size: 435.95395pt x 691.24106pt.
 [58

</Volumes/SSD_LPF/sonicSolver/sonicSolver/papers/book/Frontiers of computational fluid dynamics 2006 (D. A. Caughey, M. M. Hafez) (z-library.sk, 1lib.sk, z-lib.sk).pdf>] [59

]
</Volumes/SSD_LPF/sonicSolver/sonicSolver/papers/book/Frontiers of computational fluid dynamics 2006 (D. A. Caughey, M. M. Hafez) (z-library.sk, 1lib.sk, z-lib.sk).pdf, id=465, page=30, 407.96315pt x 644.28705pt>
File: /Volumes/SSD_LPF/sonicSolver/sonicSolver/papers/book/Frontiers of computational fluid dynamics 2006 (D. A. Caughey, M. M. Hafez) (z-library.sk, 1lib.sk, z-lib.sk).pdf Graphic file (type pdf)
<use /Volumes/SSD_LPF/sonicSolver/sonicSolver/papers/book/Frontiers of computational fluid dynamics 2006 (D. A. Caughey, M. M. Hafez) (z-library.sk, 1lib.sk, z-lib.sk).pdf, page 30>
Package luatex.def Info: /Volumes/SSD_LPF/sonicSolver/sonicSolver/papers/book/Frontiers of computational fluid dynamics 2006 (D. A. Caughey, M. M. Hafez) (z-library.sk, 1lib.sk, z-lib.sk).pdf , page30 used on input line 170.
(luatex.def)             Requested size: 435.95395pt x 688.52504pt.
 [60

</Volumes/SSD_LPF/sonicSolver/sonicSolver/papers/book/Frontiers of computational fluid dynamics 2006 (D. A. Caughey, M. M. Hafez) (z-library.sk, 1lib.sk, z-lib.sk).pdf>] [61

]
</Volumes/SSD_LPF/sonicSolver/sonicSolver/papers/book/Frontiers of computational fluid dynamics 2006 (D. A. Caughey, M. M. Hafez) (z-library.sk, 1lib.sk, z-lib.sk).pdf, id=478, page=31, 406.03696pt x 644.04515pt>
File: /Volumes/SSD_LPF/sonicSolver/sonicSolver/papers/book/Frontiers of computational fluid dynamics 2006 (D. A. Caughey, M. M. Hafez) (z-library.sk, 1lib.sk, z-lib.sk).pdf Graphic file (type pdf)
<use /Volumes/SSD_LPF/sonicSolver/sonicSolver/papers/book/Frontiers of computational fluid dynamics 2006 (D. A. Caughey, M. M. Hafez) (z-library.sk, 1lib.sk, z-lib.sk).pdf, page 31>
Package luatex.def Info: /Volumes/SSD_LPF/sonicSolver/sonicSolver/papers/book/Frontiers of computational fluid dynamics 2006 (D. A. Caughey, M. M. Hafez) (z-library.sk, 1lib.sk, z-lib.sk).pdf , page31 used on input line 174.
(luatex.def)             Requested size: 435.95395pt x 691.49971pt.
 [62

</Volumes/SSD_LPF/sonicSolver/sonicSolver/papers/book/Frontiers of computational fluid dynamics 2006 (D. A. Caughey, M. M. Hafez) (z-library.sk, 1lib.sk, z-lib.sk).pdf>] [63

]
</Volumes/SSD_LPF/sonicSolver/sonicSolver/papers/book/Frontiers of computational fluid dynamics 2006 (D. A. Caughey, M. M. Hafez) (z-library.sk, 1lib.sk, z-lib.sk).pdf, id=492, page=32, 402.90524pt x 642.11896pt>
File: /Volumes/SSD_LPF/sonicSolver/sonicSolver/papers/book/Frontiers of computational fluid dynamics 2006 (D. A. Caughey, M. M. Hafez) (z-library.sk, 1lib.sk, z-lib.sk).pdf Graphic file (type pdf)
<use /Volumes/SSD_LPF/sonicSolver/sonicSolver/papers/book/Frontiers of computational fluid dynamics 2006 (D. A. Caughey, M. M. Hafez) (z-library.sk, 1lib.sk, z-lib.sk).pdf, page 32>
Package luatex.def Info: /Volumes/SSD_LPF/sonicSolver/sonicSolver/papers/book/Frontiers of computational fluid dynamics 2006 (D. A. Caughey, M. M. Hafez) (z-library.sk, 1lib.sk, z-lib.sk).pdf , page32 used on input line 179.
(luatex.def)             Requested size: 435.95395pt x 694.83026pt.
 [64

</Volumes/SSD_LPF/sonicSolver/sonicSolver/papers/book/Frontiers of computational fluid dynamics 2006 (D. A. Caughey, M. M. Hafez) (z-library.sk, 1lib.sk, z-lib.sk).pdf>] [65

]
</Volumes/SSD_LPF/sonicSolver/sonicSolver/papers/book/Frontiers of computational fluid dynamics 2006 (D. A. Caughey, M. M. Hafez) (z-library.sk, 1lib.sk, z-lib.sk).pdf, id=506, page=33, 404.711pt x 641.5167pt>
File: /Volumes/SSD_LPF/sonicSolver/sonicSolver/papers/book/Frontiers of computational fluid dynamics 2006 (D. A. Caughey, M. M. Hafez) (z-library.sk, 1lib.sk, z-lib.sk).pdf Graphic file (type pdf)
<use /Volumes/SSD_LPF/sonicSolver/sonicSolver/papers/book/Frontiers of computational fluid dynamics 2006 (D. A. Caughey, M. M. Hafez) (z-library.sk, 1lib.sk, z-lib.sk).pdf, page 33>
Package luatex.def Info: /Volumes/SSD_LPF/sonicSolver/sonicSolver/papers/book/Frontiers of computational fluid dynamics 2006 (D. A. Caughey, M. M. Hafez) (z-library.sk, 1lib.sk, z-lib.sk).pdf , page33 used on input line 184.
(luatex.def)             Requested size: 435.95395pt x 691.07553pt.
 [66

</Volumes/SSD_LPF/sonicSolver/sonicSolver/papers/book/Frontiers of computational fluid dynamics 2006 (D. A. Caughey, M. M. Hafez) (z-library.sk, 1lib.sk, z-lib.sk).pdf>] [67

]
</Volumes/SSD_LPF/sonicSolver/sonicSolver/papers/book/Frontiers of computational fluid dynamics 2006 (D. A. Caughey, M. M. Hafez) (z-library.sk, 1lib.sk, z-lib.sk).pdf, id=521, page=34, 404.711pt x 641.5167pt>
File: /Volumes/SSD_LPF/sonicSolver/sonicSolver/papers/book/Frontiers of computational fluid dynamics 2006 (D. A. Caughey, M. M. Hafez) (z-library.sk, 1lib.sk, z-lib.sk).pdf Graphic file (type pdf)
<use /Volumes/SSD_LPF/sonicSolver/sonicSolver/papers/book/Frontiers of computational fluid dynamics 2006 (D. A. Caughey, M. M. Hafez) (z-library.sk, 1lib.sk, z-lib.sk).pdf, page 34>
Package luatex.def Info: /Volumes/SSD_LPF/sonicSolver/sonicSolver/papers/book/Frontiers of computational fluid dynamics 2006 (D. A. Caughey, M. M. Hafez) (z-library.sk, 1lib.sk, z-lib.sk).pdf , page34 used on input line 189.
(luatex.def)             Requested size: 435.95395pt x 691.07553pt.
 [68

</Volumes/SSD_LPF/sonicSolver/sonicSolver/papers/book/Frontiers of computational fluid dynamics 2006 (D. A. Caughey, M. M. Hafez) (z-library.sk, 1lib.sk, z-lib.sk).pdf>] [69

]
</Volumes/SSD_LPF/sonicSolver/sonicSolver/papers/book/Frontiers of computational fluid dynamics 2006 (D. A. Caughey, M. M. Hafez) (z-library.sk, 1lib.sk, z-lib.sk).pdf, id=535, page=35, 401.5793pt x 640.0703pt>
File: /Volumes/SSD_LPF/sonicSolver/sonicSolver/papers/book/Frontiers of computational fluid dynamics 2006 (D. A. Caughey, M. M. Hafez) (z-library.sk, 1lib.sk, z-lib.sk).pdf Graphic file (type pdf)
<use /Volumes/SSD_LPF/sonicSolver/sonicSolver/papers/book/Frontiers of computational fluid dynamics 2006 (D. A. Caughey, M. M. Hafez) (z-library.sk, 1lib.sk, z-lib.sk).pdf, page 35>
Package luatex.def Info: /Volumes/SSD_LPF/sonicSolver/sonicSolver/papers/book/Frontiers of computational fluid dynamics 2006 (D. A. Caughey, M. M. Hafez) (z-library.sk, 1lib.sk, z-lib.sk).pdf , page35 used on input line 194.
(luatex.def)             Requested size: 435.95395pt x 694.87929pt.
 [70

</Volumes/SSD_LPF/sonicSolver/sonicSolver/papers/book/Frontiers of computational fluid dynamics 2006 (D. A. Caughey, M. M. Hafez) (z-library.sk, 1lib.sk, z-lib.sk).pdf>] [71

]
</Volumes/SSD_LPF/sonicSolver/sonicSolver/papers/book/Frontiers of computational fluid dynamics 2006 (D. A. Caughey, M. M. Hafez) (z-library.sk, 1lib.sk, z-lib.sk).pdf, id=549, page=36, 407.24146pt x 644.28705pt>
File: /Volumes/SSD_LPF/sonicSolver/sonicSolver/papers/book/Frontiers of computational fluid dynamics 2006 (D. A. Caughey, M. M. Hafez) (z-library.sk, 1lib.sk, z-lib.sk).pdf Graphic file (type pdf)
<use /Volumes/SSD_LPF/sonicSolver/sonicSolver/papers/book/Frontiers of computational fluid dynamics 2006 (D. A. Caughey, M. M. Hafez) (z-library.sk, 1lib.sk, z-lib.sk).pdf, page 36>
Package luatex.def Info: /Volumes/SSD_LPF/sonicSolver/sonicSolver/papers/book/Frontiers of computational fluid dynamics 2006 (D. A. Caughey, M. M. Hafez) (z-library.sk, 1lib.sk, z-lib.sk).pdf , page36 used on input line 199.
(luatex.def)             Requested size: 435.95395pt x 689.7441pt.
 [72

</Volumes/SSD_LPF/sonicSolver/sonicSolver/papers/book/Frontiers of computational fluid dynamics 2006 (D. A. Caughey, M. M. Hafez) (z-library.sk, 1lib.sk, z-lib.sk).pdf>] [73

]
</Volumes/SSD_LPF/sonicSolver/sonicSolver/papers/book/Frontiers of computational fluid dynamics 2006 (D. A. Caughey, M. M. Hafez) (z-library.sk, 1lib.sk, z-lib.sk).pdf, id=562, page=37, 403.38705pt x 642.35884pt>
File: /Volumes/SSD_LPF/sonicSolver/sonicSolver/papers/book/Frontiers of computational fluid dynamics 2006 (D. A. Caughey, M. M. Hafez) (z-library.sk, 1lib.sk, z-lib.sk).pdf Graphic file (type pdf)
<use /Volumes/SSD_LPF/sonicSolver/sonicSolver/papers/book/Frontiers of computational fluid dynamics 2006 (D. A. Caughey, M. M. Hafez) (z-library.sk, 1lib.sk, z-lib.sk).pdf, page 37>
Package luatex.def Info: /Volumes/SSD_LPF/sonicSolver/sonicSolver/papers/book/Frontiers of computational fluid dynamics 2006 (D. A. Caughey, M. M. Hafez) (z-library.sk, 1lib.sk, z-lib.sk).pdf , page37 used on input line 203.
(luatex.def)             Requested size: 435.95395pt x 694.2371pt.
 [74

</Volumes/SSD_LPF/sonicSolver/sonicSolver/papers/book/Frontiers of computational fluid dynamics 2006 (D. A. Caughey, M. M. Hafez) (z-library.sk, 1lib.sk, z-lib.sk).pdf>] [75

]
</Volumes/SSD_LPF/sonicSolver/sonicSolver/papers/book/Frontiers of computational fluid dynamics 2006 (D. A. Caughey, M. M. Hafez) (z-library.sk, 1lib.sk, z-lib.sk).pdf, id=577, page=38, 406.51875pt x 644.04515pt>
File: /Volumes/SSD_LPF/sonicSolver/sonicSolver/papers/book/Frontiers of computational fluid dynamics 2006 (D. A. Caughey, M. M. Hafez) (z-library.sk, 1lib.sk, z-lib.sk).pdf Graphic file (type pdf)
<use /Volumes/SSD_LPF/sonicSolver/sonicSolver/papers/book/Frontiers of computational fluid dynamics 2006 (D. A. Caughey, M. M. Hafez) (z-library.sk, 1lib.sk, z-lib.sk).pdf, page 38>
Package luatex.def Info: /Volumes/SSD_LPF/sonicSolver/sonicSolver/papers/book/Frontiers of computational fluid dynamics 2006 (D. A. Caughey, M. M. Hafez) (z-library.sk, 1lib.sk, z-lib.sk).pdf , page38 used on input line 208.
(luatex.def)             Requested size: 435.95395pt x 690.70369pt.
 [76

</Volumes/SSD_LPF/sonicSolver/sonicSolver/papers/book/Frontiers of computational fluid dynamics 2006 (D. A. Caughey, M. M. Hafez) (z-library.sk, 1lib.sk, z-lib.sk).pdf>] [77

]
</Volumes/SSD_LPF/sonicSolver/sonicSolver/papers/book/Frontiers of computational fluid dynamics 2006 (D. A. Caughey, M. M. Hafez) (z-library.sk, 1lib.sk, z-lib.sk).pdf, id=591, page=39, 405.9155pt x 642.4803pt>
File: /Volumes/SSD_LPF/sonicSolver/sonicSolver/papers/book/Frontiers of computational fluid dynamics 2006 (D. A. Caughey, M. M. Hafez) (z-library.sk, 1lib.sk, z-lib.sk).pdf Graphic file (type pdf)
<use /Volumes/SSD_LPF/sonicSolver/sonicSolver/papers/book/Frontiers of computational fluid dynamics 2006 (D. A. Caughey, M. M. Hafez) (z-library.sk, 1lib.sk, z-lib.sk).pdf, page 39>
Package luatex.def Info: /Volumes/SSD_LPF/sonicSolver/sonicSolver/papers/book/Frontiers of computational fluid dynamics 2006 (D. A. Caughey, M. M. Hafez) (z-library.sk, 1lib.sk, z-lib.sk).pdf , page39 used on input line 212.
(luatex.def)             Requested size: 435.95395pt x 690.03525pt.
 [78

</Volumes/SSD_LPF/sonicSolver/sonicSolver/papers/book/Frontiers of computational fluid dynamics 2006 (D. A. Caughey, M. M. Hafez) (z-library.sk, 1lib.sk, z-lib.sk).pdf>] [79

]
</Volumes/SSD_LPF/sonicSolver/sonicSolver/papers/book/Frontiers of computational fluid dynamics 2006 (D. A. Caughey, M. M. Hafez) (z-library.sk, 1lib.sk, z-lib.sk).pdf, id=605, page=40, 404.711pt x 641.9985pt>
File: /Volumes/SSD_LPF/sonicSolver/sonicSolver/papers/book/Frontiers of computational fluid dynamics 2006 (D. A. Caughey, M. M. Hafez) (z-library.sk, 1lib.sk, z-lib.sk).pdf Graphic file (type pdf)
<use /Volumes/SSD_LPF/sonicSolver/sonicSolver/papers/book/Frontiers of computational fluid dynamics 2006 (D. A. Caughey, M. M. Hafez) (z-library.sk, 1lib.sk, z-lib.sk).pdf, page 40>
Package luatex.def Info: /Volumes/SSD_LPF/sonicSolver/sonicSolver/papers/book/Frontiers of computational fluid dynamics 2006 (D. A. Caughey, M. M. Hafez) (z-library.sk, 1lib.sk, z-lib.sk).pdf , page40 used on input line 217.
(luatex.def)             Requested size: 435.95395pt x 691.59456pt.
 [80

</Volumes/SSD_LPF/sonicSolver/sonicSolver/papers/book/Frontiers of computational fluid dynamics 2006 (D. A. Caughey, M. M. Hafez) (z-library.sk, 1lib.sk, z-lib.sk).pdf>] [81

]
</Volumes/SSD_LPF/sonicSolver/sonicSolver/papers/book/Frontiers of computational fluid dynamics 2006 (D. A. Caughey, M. M. Hafez) (z-library.sk, 1lib.sk, z-lib.sk).pdf, id=618, page=41, 402.90524pt x 642.11896pt>
File: /Volumes/SSD_LPF/sonicSolver/sonicSolver/papers/book/Frontiers of computational fluid dynamics 2006 (D. A. Caughey, M. M. Hafez) (z-library.sk, 1lib.sk, z-lib.sk).pdf Graphic file (type pdf)
<use /Volumes/SSD_LPF/sonicSolver/sonicSolver/papers/book/Frontiers of computational fluid dynamics 2006 (D. A. Caughey, M. M. Hafez) (z-library.sk, 1lib.sk, z-lib.sk).pdf, page 41>
Package luatex.def Info: /Volumes/SSD_LPF/sonicSolver/sonicSolver/papers/book/Frontiers of computational fluid dynamics 2006 (D. A. Caughey, M. M. Hafez) (z-library.sk, 1lib.sk, z-lib.sk).pdf , page41 used on input line 221.
(luatex.def)             Requested size: 435.95395pt x 694.83026pt.
 [82

</Volumes/SSD_LPF/sonicSolver/sonicSolver/papers/book/Frontiers of computational fluid dynamics 2006 (D. A. Caughey, M. M. Hafez) (z-library.sk, 1lib.sk, z-lib.sk).pdf>] [83

]
</Volumes/SSD_LPF/sonicSolver/sonicSolver/papers/book/Frontiers of computational fluid dynamics 2006 (D. A. Caughey, M. M. Hafez) (z-library.sk, 1lib.sk, z-lib.sk).pdf, id=631, page=42, 405.1928pt x 641.75659pt>
File: /Volumes/SSD_LPF/sonicSolver/sonicSolver/papers/book/Frontiers of computational fluid dynamics 2006 (D. A. Caughey, M. M. Hafez) (z-library.sk, 1lib.sk, z-lib.sk).pdf Graphic file (type pdf)
<use /Volumes/SSD_LPF/sonicSolver/sonicSolver/papers/book/Frontiers of computational fluid dynamics 2006 (D. A. Caughey, M. M. Hafez) (z-library.sk, 1lib.sk, z-lib.sk).pdf, page 42>
Package luatex.def Info: /Volumes/SSD_LPF/sonicSolver/sonicSolver/papers/book/Frontiers of computational fluid dynamics 2006 (D. A. Caughey, M. M. Hafez) (z-library.sk, 1lib.sk, z-lib.sk).pdf , page42 used on input line 225.
(luatex.def)             Requested size: 435.95395pt x 690.48201pt.
 [84

</Volumes/SSD_LPF/sonicSolver/sonicSolver/papers/book/Frontiers of computational fluid dynamics 2006 (D. A. Caughey, M. M. Hafez) (z-library.sk, 1lib.sk, z-lib.sk).pdf>] [85

]
</Volumes/SSD_LPF/sonicSolver/sonicSolver/papers/book/Frontiers of computational fluid dynamics 2006 (D. A. Caughey, M. M. Hafez) (z-library.sk, 1lib.sk, z-lib.sk).pdf, id=644, page=43, 402.7838pt x 640.793pt>
File: /Volumes/SSD_LPF/sonicSolver/sonicSolver/papers/book/Frontiers of computational fluid dynamics 2006 (D. A. Caughey, M. M. Hafez) (z-library.sk, 1lib.sk, z-lib.sk).pdf Graphic file (type pdf)
<use /Volumes/SSD_LPF/sonicSolver/sonicSolver/papers/book/Frontiers of computational fluid dynamics 2006 (D. A. Caughey, M. M. Hafez) (z-library.sk, 1lib.sk, z-lib.sk).pdf, page 43>
Package luatex.def Info: /Volumes/SSD_LPF/sonicSolver/sonicSolver/papers/book/Frontiers of computational fluid dynamics 2006 (D. A. Caughey, M. M. Hafez) (z-library.sk, 1lib.sk, z-lib.sk).pdf , page43 used on input line 229.
(luatex.def)             Requested size: 435.95395pt x 693.56168pt.
 [86

</Volumes/SSD_LPF/sonicSolver/sonicSolver/papers/book/Frontiers of computational fluid dynamics 2006 (D. A. Caughey, M. M. Hafez) (z-library.sk, 1lib.sk, z-lib.sk).pdf>] [87

]
</Volumes/SSD_LPF/sonicSolver/sonicSolver/papers/book/Frontiers of computational fluid dynamics 2006 (D. A. Caughey, M. M. Hafez) (z-library.sk, 1lib.sk, z-lib.sk).pdf, id=658, page=44, 402.7838pt x 640.793pt>
File: /Volumes/SSD_LPF/sonicSolver/sonicSolver/papers/book/Frontiers of computational fluid dynamics 2006 (D. A. Caughey, M. M. Hafez) (z-library.sk, 1lib.sk, z-lib.sk).pdf Graphic file (type pdf)
<use /Volumes/SSD_LPF/sonicSolver/sonicSolver/papers/book/Frontiers of computational fluid dynamics 2006 (D. A. Caughey, M. M. Hafez) (z-library.sk, 1lib.sk, z-lib.sk).pdf, page 44>
Package luatex.def Info: /Volumes/SSD_LPF/sonicSolver/sonicSolver/papers/book/Frontiers of computational fluid dynamics 2006 (D. A. Caughey, M. M. Hafez) (z-library.sk, 1lib.sk, z-lib.sk).pdf , page44 used on input line 233.
(luatex.def)             Requested size: 435.95395pt x 693.56168pt.
 [88

</Volumes/SSD_LPF/sonicSolver/sonicSolver/papers/book/Frontiers of computational fluid dynamics 2006 (D. A. Caughey, M. M. Hafez) (z-library.sk, 1lib.sk, z-lib.sk).pdf>] [89

]
</Volumes/SSD_LPF/sonicSolver/sonicSolver/papers/book/Frontiers of computational fluid dynamics 2006 (D. A. Caughey, M. M. Hafez) (z-library.sk, 1lib.sk, z-lib.sk).pdf, id=671, page=45, 401.5793pt x 640.0703pt>
File: /Volumes/SSD_LPF/sonicSolver/sonicSolver/papers/book/Frontiers of computational fluid dynamics 2006 (D. A. Caughey, M. M. Hafez) (z-library.sk, 1lib.sk, z-lib.sk).pdf Graphic file (type pdf)
<use /Volumes/SSD_LPF/sonicSolver/sonicSolver/papers/book/Frontiers of computational fluid dynamics 2006 (D. A. Caughey, M. M. Hafez) (z-library.sk, 1lib.sk, z-lib.sk).pdf, page 45>
Package luatex.def Info: /Volumes/SSD_LPF/sonicSolver/sonicSolver/papers/book/Frontiers of computational fluid dynamics 2006 (D. A. Caughey, M. M. Hafez) (z-library.sk, 1lib.sk, z-lib.sk).pdf , page45 used on input line 237.
(luatex.def)             Requested size: 435.95395pt x 694.87929pt.
 [90

</Volumes/SSD_LPF/sonicSolver/sonicSolver/papers/book/Frontiers of computational fluid dynamics 2006 (D. A. Caughey, M. M. Hafez) (z-library.sk, 1lib.sk, z-lib.sk).pdf>] [91

]
</Volumes/SSD_LPF/sonicSolver/sonicSolver/papers/book/Frontiers of computational fluid dynamics 2006 (D. A. Caughey, M. M. Hafez) (z-library.sk, 1lib.sk, z-lib.sk).pdf, id=684, page=46, 402.0611pt x 640.3112pt>
File: /Volumes/SSD_LPF/sonicSolver/sonicSolver/papers/book/Frontiers of computational fluid dynamics 2006 (D. A. Caughey, M. M. Hafez) (z-library.sk, 1lib.sk, z-lib.sk).pdf Graphic file (type pdf)
<use /Volumes/SSD_LPF/sonicSolver/sonicSolver/papers/book/Frontiers of computational fluid dynamics 2006 (D. A. Caughey, M. M. Hafez) (z-library.sk, 1lib.sk, z-lib.sk).pdf, page 46>
Package luatex.def Info: /Volumes/SSD_LPF/sonicSolver/sonicSolver/papers/book/Frontiers of computational fluid dynamics 2006 (D. A. Caughey, M. M. Hafez) (z-library.sk, 1lib.sk, z-lib.sk).pdf , page46 used on input line 241.
(luatex.def)             Requested size: 435.95395pt x 694.32988pt.
 [92

</Volumes/SSD_LPF/sonicSolver/sonicSolver/papers/book/Frontiers of computational fluid dynamics 2006 (D. A. Caughey, M. M. Hafez) (z-library.sk, 1lib.sk, z-lib.sk).pdf>] [93

]
</Volumes/SSD_LPF/sonicSolver/sonicSolver/papers/book/Frontiers of computational fluid dynamics 2006 (D. A. Caughey, M. M. Hafez) (z-library.sk, 1lib.sk, z-lib.sk).pdf, id=697, page=47, 402.7838pt x 640.793pt>
File: /Volumes/SSD_LPF/sonicSolver/sonicSolver/papers/book/Frontiers of computational fluid dynamics 2006 (D. A. Caughey, M. M. Hafez) (z-library.sk, 1lib.sk, z-lib.sk).pdf Graphic file (type pdf)
<use /Volumes/SSD_LPF/sonicSolver/sonicSolver/papers/book/Frontiers of computational fluid dynamics 2006 (D. A. Caughey, M. M. Hafez) (z-library.sk, 1lib.sk, z-lib.sk).pdf, page 47>
Package luatex.def Info: /Volumes/SSD_LPF/sonicSolver/sonicSolver/papers/book/Frontiers of computational fluid dynamics 2006 (D. A. Caughey, M. M. Hafez) (z-library.sk, 1lib.sk, z-lib.sk).pdf , page47 used on input line 245.
(luatex.def)             Requested size: 435.95395pt x 693.56168pt.
 [94

</Volumes/SSD_LPF/sonicSolver/sonicSolver/papers/book/Frontiers of computational fluid dynamics 2006 (D. A. Caughey, M. M. Hafez) (z-library.sk, 1lib.sk, z-lib.sk).pdf>] [95

]
</Volumes/SSD_LPF/sonicSolver/sonicSolver/papers/book/Frontiers of computational fluid dynamics 2006 (D. A. Caughey, M. M. Hafez) (z-library.sk, 1lib.sk, z-lib.sk).pdf, id=710, page=48, 402.90524pt x 642.11896pt>
File: /Volumes/SSD_LPF/sonicSolver/sonicSolver/papers/book/Frontiers of computational fluid dynamics 2006 (D. A. Caughey, M. M. Hafez) (z-library.sk, 1lib.sk, z-lib.sk).pdf Graphic file (type pdf)
<use /Volumes/SSD_LPF/sonicSolver/sonicSolver/papers/book/Frontiers of computational fluid dynamics 2006 (D. A. Caughey, M. M. Hafez) (z-library.sk, 1lib.sk, z-lib.sk).pdf, page 48>
Package luatex.def Info: /Volumes/SSD_LPF/sonicSolver/sonicSolver/papers/book/Frontiers of computational fluid dynamics 2006 (D. A. Caughey, M. M. Hafez) (z-library.sk, 1lib.sk, z-lib.sk).pdf , page48 used on input line 249.
(luatex.def)             Requested size: 435.95395pt x 694.83026pt.
 [96

</Volumes/SSD_LPF/sonicSolver/sonicSolver/papers/book/Frontiers of computational fluid dynamics 2006 (D. A. Caughey, M. M. Hafez) (z-library.sk, 1lib.sk, z-lib.sk).pdf>] [97

]
</Volumes/SSD_LPF/sonicSolver/sonicSolver/papers/book/Frontiers of computational fluid dynamics 2006 (D. A. Caughey, M. M. Hafez) (z-library.sk, 1lib.sk, z-lib.sk).pdf, id=725, page=49, 402.7838pt x 640.793pt>
File: /Volumes/SSD_LPF/sonicSolver/sonicSolver/papers/book/Frontiers of computational fluid dynamics 2006 (D. A. Caughey, M. M. Hafez) (z-library.sk, 1lib.sk, z-lib.sk).pdf Graphic file (type pdf)
<use /Volumes/SSD_LPF/sonicSolver/sonicSolver/papers/book/Frontiers of computational fluid dynamics 2006 (D. A. Caughey, M. M. Hafez) (z-library.sk, 1lib.sk, z-lib.sk).pdf, page 49>
Package luatex.def Info: /Volumes/SSD_LPF/sonicSolver/sonicSolver/papers/book/Frontiers of computational fluid dynamics 2006 (D. A. Caughey, M. M. Hafez) (z-library.sk, 1lib.sk, z-lib.sk).pdf , page49 used on input line 253.
(luatex.def)             Requested size: 435.95395pt x 693.56168pt.
 [98

</Volumes/SSD_LPF/sonicSolver/sonicSolver/papers/book/Frontiers of computational fluid dynamics 2006 (D. A. Caughey, M. M. Hafez) (z-library.sk, 1lib.sk, z-lib.sk).pdf>] [99

]
</Volumes/SSD_LPF/sonicSolver/sonicSolver/papers/book/Frontiers of computational fluid dynamics 2006 (D. A. Caughey, M. M. Hafez) (z-library.sk, 1lib.sk, z-lib.sk).pdf, id=738, page=50, 406.03696pt x 643.56435pt>
File: /Volumes/SSD_LPF/sonicSolver/sonicSolver/papers/book/Frontiers of computational fluid dynamics 2006 (D. A. Caughey, M. M. Hafez) (z-library.sk, 1lib.sk, z-lib.sk).pdf Graphic file (type pdf)
<use /Volumes/SSD_LPF/sonicSolver/sonicSolver/papers/book/Frontiers of computational fluid dynamics 2006 (D. A. Caughey, M. M. Hafez) (z-library.sk, 1lib.sk, z-lib.sk).pdf, page 50>
Package luatex.def Info: /Volumes/SSD_LPF/sonicSolver/sonicSolver/papers/book/Frontiers of computational fluid dynamics 2006 (D. A. Caughey, M. M. Hafez) (z-library.sk, 1lib.sk, z-lib.sk).pdf , page50 used on input line 257.
(luatex.def)             Requested size: 435.95395pt x 690.98349pt.
 [100

</Volumes/SSD_LPF/sonicSolver/sonicSolver/papers/book/Frontiers of computational fluid dynamics 2006 (D. A. Caughey, M. M. Hafez) (z-library.sk, 1lib.sk, z-lib.sk).pdf>] [101

]
</Volumes/SSD_LPF/sonicSolver/sonicSolver/papers/book/Frontiers of computational fluid dynamics 2006 (D. A. Caughey, M. M. Hafez) (z-library.sk, 1lib.sk, z-lib.sk).pdf, id=751, page=51, 404.59155pt x 643.32245pt>
File: /Volumes/SSD_LPF/sonicSolver/sonicSolver/papers/book/Frontiers of computational fluid dynamics 2006 (D. A. Caughey, M. M. Hafez) (z-library.sk, 1lib.sk, z-lib.sk).pdf Graphic file (type pdf)
<use /Volumes/SSD_LPF/sonicSolver/sonicSolver/papers/book/Frontiers of computational fluid dynamics 2006 (D. A. Caughey, M. M. Hafez) (z-library.sk, 1lib.sk, z-lib.sk).pdf, page 51>
Package luatex.def Info: /Volumes/SSD_LPF/sonicSolver/sonicSolver/papers/book/Frontiers of computational fluid dynamics 2006 (D. A. Caughey, M. M. Hafez) (z-library.sk, 1lib.sk, z-lib.sk).pdf , page51 used on input line 261.
(luatex.def)             Requested size: 435.95395pt x 693.23674pt.
 [102

</Volumes/SSD_LPF/sonicSolver/sonicSolver/papers/book/Frontiers of computational fluid dynamics 2006 (D. A. Caughey, M. M. Hafez) (z-library.sk, 1lib.sk, z-lib.sk).pdf>] [103

]
</Volumes/SSD_LPF/sonicSolver/sonicSolver/papers/book/Frontiers of computational fluid dynamics 2006 (D. A. Caughey, M. M. Hafez) (z-library.sk, 1lib.sk, z-lib.sk).pdf, id=764, page=52, 402.90524pt x 642.11896pt>
File: /Volumes/SSD_LPF/sonicSolver/sonicSolver/papers/book/Frontiers of computational fluid dynamics 2006 (D. A. Caughey, M. M. Hafez) (z-library.sk, 1lib.sk, z-lib.sk).pdf Graphic file (type pdf)
<use /Volumes/SSD_LPF/sonicSolver/sonicSolver/papers/book/Frontiers of computational fluid dynamics 2006 (D. A. Caughey, M. M. Hafez) (z-library.sk, 1lib.sk, z-lib.sk).pdf, page 52>
Package luatex.def Info: /Volumes/SSD_LPF/sonicSolver/sonicSolver/papers/book/Frontiers of computational fluid dynamics 2006 (D. A. Caughey, M. M. Hafez) (z-library.sk, 1lib.sk, z-lib.sk).pdf , page52 used on input line 265.
(luatex.def)             Requested size: 435.95395pt x 694.83026pt.
 [104

</Volumes/SSD_LPF/sonicSolver/sonicSolver/papers/book/Frontiers of computational fluid dynamics 2006 (D. A. Caughey, M. M. Hafez) (z-library.sk, 1lib.sk, z-lib.sk).pdf>] [105

]
</Volumes/SSD_LPF/sonicSolver/sonicSolver/papers/book/Frontiers of computational fluid dynamics 2006 (D. A. Caughey, M. M. Hafez) (z-library.sk, 1lib.sk, z-lib.sk).pdf, id=777, page=53, 404.711pt x 641.9985pt>
File: /Volumes/SSD_LPF/sonicSolver/sonicSolver/papers/book/Frontiers of computational fluid dynamics 2006 (D. A. Caughey, M. M. Hafez) (z-library.sk, 1lib.sk, z-lib.sk).pdf Graphic file (type pdf)
<use /Volumes/SSD_LPF/sonicSolver/sonicSolver/papers/book/Frontiers of computational fluid dynamics 2006 (D. A. Caughey, M. M. Hafez) (z-library.sk, 1lib.sk, z-lib.sk).pdf, page 53>
Package luatex.def Info: /Volumes/SSD_LPF/sonicSolver/sonicSolver/papers/book/Frontiers of computational fluid dynamics 2006 (D. A. Caughey, M. M. Hafez) (z-library.sk, 1lib.sk, z-lib.sk).pdf , page53 used on input line 269.
(luatex.def)             Requested size: 435.95395pt x 691.59456pt.
 [106

</Volumes/SSD_LPF/sonicSolver/sonicSolver/papers/book/Frontiers of computational fluid dynamics 2006 (D. A. Caughey, M. M. Hafez) (z-library.sk, 1lib.sk, z-lib.sk).pdf>] [107



] [108]
</Volumes/SSD_LPF/sonicSolver/sonicSolver/papers/book/Frontiers of computational fluid dynamics 2006 (D. A. Caughey, M. M. Hafez) (z-library.sk, 1lib.sk, z-lib.sk).pdf, id=796, page=54, 411.09485pt x 647.17685pt>
File: /Volumes/SSD_LPF/sonicSolver/sonicSolver/papers/book/Frontiers of computational fluid dynamics 2006 (D. A. Caughey, M. M. Hafez) (z-library.sk, 1lib.sk, z-lib.sk).pdf Graphic file (type pdf)
<use /Volumes/SSD_LPF/sonicSolver/sonicSolver/papers/book/Frontiers of computational fluid dynamics 2006 (D. A. Caughey, M. M. Hafez) (z-library.sk, 1lib.sk, z-lib.sk).pdf, page 54>
Package luatex.def Info: /Volumes/SSD_LPF/sonicSolver/sonicSolver/papers/book/Frontiers of computational fluid dynamics 2006 (D. A. Caughey, M. M. Hafez) (z-library.sk, 1lib.sk, z-lib.sk).pdf , page54 used on input line 275.
(luatex.def)             Requested size: 435.95395pt x 686.31032pt.
 [109

</Volumes/SSD_LPF/sonicSolver/sonicSolver/papers/book/Frontiers of computational fluid dynamics 2006 (D. A. Caughey, M. M. Hafez) (z-library.sk, 1lib.sk, z-lib.sk).pdf>] [110

]
</Volumes/SSD_LPF/sonicSolver/sonicSolver/papers/book/Frontiers of computational fluid dynamics 2006 (D. A. Caughey, M. M. Hafez) (z-library.sk, 1lib.sk, z-lib.sk).pdf, id=809, page=55, 402.90524pt x 642.11896pt>
File: /Volumes/SSD_LPF/sonicSolver/sonicSolver/papers/book/Frontiers of computational fluid dynamics 2006 (D. A. Caughey, M. M. Hafez) (z-library.sk, 1lib.sk, z-lib.sk).pdf Graphic file (type pdf)
<use /Volumes/SSD_LPF/sonicSolver/sonicSolver/papers/book/Frontiers of computational fluid dynamics 2006 (D. A. Caughey, M. M. Hafez) (z-library.sk, 1lib.sk, z-lib.sk).pdf, page 55>
Package luatex.def Info: /Volumes/SSD_LPF/sonicSolver/sonicSolver/papers/book/Frontiers of computational fluid dynamics 2006 (D. A. Caughey, M. M. Hafez) (z-library.sk, 1lib.sk, z-lib.sk).pdf , page55 used on input line 279.
(luatex.def)             Requested size: 435.95395pt x 694.83026pt.
 [111

</Volumes/SSD_LPF/sonicSolver/sonicSolver/papers/book/Frontiers of computational fluid dynamics 2006 (D. A. Caughey, M. M. Hafez) (z-library.sk, 1lib.sk, z-lib.sk).pdf>]
第二章
[112



]
</Volumes/SSD_LPF/sonicSolver/sonicSolver/papers/book/Frontiers of computational fluid dynamics 2006 (D. A. Caughey, M. M. Hafez) (z-library.sk, 1lib.sk, z-lib.sk).pdf, id=823, page=56, 402.90524pt x 642.11896pt>
File: /Volumes/SSD_LPF/sonicSolver/sonicSolver/papers/book/Frontiers of computational fluid dynamics 2006 (D. A. Caughey, M. M. Hafez) (z-library.sk, 1lib.sk, z-lib.sk).pdf Graphic file (type pdf)
<use /Volumes/SSD_LPF/sonicSolver/sonicSolver/papers/book/Frontiers of computational fluid dynamics 2006 (D. A. Caughey, M. M. Hafez) (z-library.sk, 1lib.sk, z-lib.sk).pdf, page 56>
Package luatex.def Info: /Volumes/SSD_LPF/sonicSolver/sonicSolver/papers/book/Frontiers of computational fluid dynamics 2006 (D. A. Caughey, M. M. Hafez) (z-library.sk, 1lib.sk, z-lib.sk).pdf , page56 used on input line 286.
(luatex.def)             Requested size: 435.95395pt x 694.83026pt.
 [113

</Volumes/SSD_LPF/sonicSolver/sonicSolver/papers/book/Frontiers of computational fluid dynamics 2006 (D. A. Caughey, M. M. Hafez) (z-library.sk, 1lib.sk, z-lib.sk).pdf>] [114

]
</Volumes/SSD_LPF/sonicSolver/sonicSolver/papers/book/Frontiers of computational fluid dynamics 2006 (D. A. Caughey, M. M. Hafez) (z-library.sk, 1lib.sk, z-lib.sk).pdf, id=837, page=57, 404.10875pt x 642.84065pt>
File: /Volumes/SSD_LPF/sonicSolver/sonicSolver/papers/book/Frontiers of computational fluid dynamics 2006 (D. A. Caughey, M. M. Hafez) (z-library.sk, 1lib.sk, z-lib.sk).pdf Graphic file (type pdf)
<use /Volumes/SSD_LPF/sonicSolver/sonicSolver/papers/book/Frontiers of computational fluid dynamics 2006 (D. A. Caughey, M. M. Hafez) (z-library.sk, 1lib.sk, z-lib.sk).pdf, page 57>
Package luatex.def Info: /Volumes/SSD_LPF/sonicSolver/sonicSolver/papers/book/Frontiers of computational fluid dynamics 2006 (D. A. Caughey, M. M. Hafez) (z-library.sk, 1lib.sk, z-lib.sk).pdf , page57 used on input line 291.
(luatex.def)             Requested size: 435.95395pt x 693.5219pt.
 [115

</Volumes/SSD_LPF/sonicSolver/sonicSolver/papers/book/Frontiers of computational fluid dynamics 2006 (D. A. Caughey, M. M. Hafez) (z-library.sk, 1lib.sk, z-lib.sk).pdf>] [116

]
</Volumes/SSD_LPF/sonicSolver/sonicSolver/papers/book/Frontiers of computational fluid dynamics 2006 (D. A. Caughey, M. M. Hafez) (z-library.sk, 1lib.sk, z-lib.sk).pdf, id=850, page=58, 401.5793pt x 640.0703pt>
File: /Volumes/SSD_LPF/sonicSolver/sonicSolver/papers/book/Frontiers of computational fluid dynamics 2006 (D. A. Caughey, M. M. Hafez) (z-library.sk, 1lib.sk, z-lib.sk).pdf Graphic file (type pdf)
<use /Volumes/SSD_LPF/sonicSolver/sonicSolver/papers/book/Frontiers of computational fluid dynamics 2006 (D. A. Caughey, M. M. Hafez) (z-library.sk, 1lib.sk, z-lib.sk).pdf, page 58>
Package luatex.def Info: /Volumes/SSD_LPF/sonicSolver/sonicSolver/papers/book/Frontiers of computational fluid dynamics 2006 (D. A. Caughey, M. M. Hafez) (z-library.sk, 1lib.sk, z-lib.sk).pdf , page58 used on input line 295.
(luatex.def)             Requested size: 435.95395pt x 694.87929pt.
 [117

</Volumes/SSD_LPF/sonicSolver/sonicSolver/papers/book/Frontiers of computational fluid dynamics 2006 (D. A. Caughey, M. M. Hafez) (z-library.sk, 1lib.sk, z-lib.sk).pdf>] [118

]
</Volumes/SSD_LPF/sonicSolver/sonicSolver/papers/book/Frontiers of computational fluid dynamics 2006 (D. A. Caughey, M. M. Hafez) (z-library.sk, 1lib.sk, z-lib.sk).pdf, id=864, page=59, 406.03696pt x 643.80424pt>
File: /Volumes/SSD_LPF/sonicSolver/sonicSolver/papers/book/Frontiers of computational fluid dynamics 2006 (D. A. Caughey, M. M. Hafez) (z-library.sk, 1lib.sk, z-lib.sk).pdf Graphic file (type pdf)
<use /Volumes/SSD_LPF/sonicSolver/sonicSolver/papers/book/Frontiers of computational fluid dynamics 2006 (D. A. Caughey, M. M. Hafez) (z-library.sk, 1lib.sk, z-lib.sk).pdf, page 59>
Package luatex.def Info: /Volumes/SSD_LPF/sonicSolver/sonicSolver/papers/book/Frontiers of computational fluid dynamics 2006 (D. A. Caughey, M. M. Hafez) (z-library.sk, 1lib.sk, z-lib.sk).pdf , page59 used on input line 299.
(luatex.def)             Requested size: 435.95395pt x 691.24106pt.
 [119

</Volumes/SSD_LPF/sonicSolver/sonicSolver/papers/book/Frontiers of computational fluid dynamics 2006 (D. A. Caughey, M. M. Hafez) (z-library.sk, 1lib.sk, z-lib.sk).pdf>] [120

]
</Volumes/SSD_LPF/sonicSolver/sonicSolver/papers/book/Frontiers of computational fluid dynamics 2006 (D. A. Caughey, M. M. Hafez) (z-library.sk, 1lib.sk, z-lib.sk).pdf, id=878, page=60, 402.0611pt x 640.3112pt>
File: /Volumes/SSD_LPF/sonicSolver/sonicSolver/papers/book/Frontiers of computational fluid dynamics 2006 (D. A. Caughey, M. M. Hafez) (z-library.sk, 1lib.sk, z-lib.sk).pdf Graphic file (type pdf)
<use /Volumes/SSD_LPF/sonicSolver/sonicSolver/papers/book/Frontiers of computational fluid dynamics 2006 (D. A. Caughey, M. M. Hafez) (z-library.sk, 1lib.sk, z-lib.sk).pdf, page 60>
Package luatex.def Info: /Volumes/SSD_LPF/sonicSolver/sonicSolver/papers/book/Frontiers of computational fluid dynamics 2006 (D. A. Caughey, M. M. Hafez) (z-library.sk, 1lib.sk, z-lib.sk).pdf , page60 used on input line 303.
(luatex.def)             Requested size: 435.95395pt x 694.32988pt.
 [121

</Volumes/SSD_LPF/sonicSolver/sonicSolver/papers/book/Frontiers of computational fluid dynamics 2006 (D. A. Caughey, M. M. Hafez) (z-library.sk, 1lib.sk, z-lib.sk).pdf>] [122

]
</Volumes/SSD_LPF/sonicSolver/sonicSolver/papers/book/Frontiers of computational fluid dynamics 2006 (D. A. Caughey, M. M. Hafez) (z-library.sk, 1lib.sk, z-lib.sk).pdf, id=891, page=61, 410.37315pt x 645.97235pt>
File: /Volumes/SSD_LPF/sonicSolver/sonicSolver/papers/book/Frontiers of computational fluid dynamics 2006 (D. A. Caughey, M. M. Hafez) (z-library.sk, 1lib.sk, z-lib.sk).pdf Graphic file (type pdf)
<use /Volumes/SSD_LPF/sonicSolver/sonicSolver/papers/book/Frontiers of computational fluid dynamics 2006 (D. A. Caughey, M. M. Hafez) (z-library.sk, 1lib.sk, z-lib.sk).pdf, page 61>
Package luatex.def Info: /Volumes/SSD_LPF/sonicSolver/sonicSolver/papers/book/Frontiers of computational fluid dynamics 2006 (D. A. Caughey, M. M. Hafez) (z-library.sk, 1lib.sk, z-lib.sk).pdf , page61 used on input line 307.
(luatex.def)             Requested size: 435.95395pt x 686.28479pt.
 [123

</Volumes/SSD_LPF/sonicSolver/sonicSolver/papers/book/Frontiers of computational fluid dynamics 2006 (D. A. Caughey, M. M. Hafez) (z-library.sk, 1lib.sk, z-lib.sk).pdf>] [124

]
</Volumes/SSD_LPF/sonicSolver/sonicSolver/papers/book/Frontiers of computational fluid dynamics 2006 (D. A. Caughey, M. M. Hafez) (z-library.sk, 1lib.sk, z-lib.sk).pdf, id=905, page=62, 404.711pt x 641.75659pt>
File: /Volumes/SSD_LPF/sonicSolver/sonicSolver/papers/book/Frontiers of computational fluid dynamics 2006 (D. A. Caughey, M. M. Hafez) (z-library.sk, 1lib.sk, z-lib.sk).pdf Graphic file (type pdf)
<use /Volumes/SSD_LPF/sonicSolver/sonicSolver/papers/book/Frontiers of computational fluid dynamics 2006 (D. A. Caughey, M. M. Hafez) (z-library.sk, 1lib.sk, z-lib.sk).pdf, page 62>
Package luatex.def Info: /Volumes/SSD_LPF/sonicSolver/sonicSolver/papers/book/Frontiers of computational fluid dynamics 2006 (D. A. Caughey, M. M. Hafez) (z-library.sk, 1lib.sk, z-lib.sk).pdf , page62 used on input line 312.
(luatex.def)             Requested size: 435.95395pt x 691.33395pt.
 [125

</Volumes/SSD_LPF/sonicSolver/sonicSolver/papers/book/Frontiers of computational fluid dynamics 2006 (D. A. Caughey, M. M. Hafez) (z-library.sk, 1lib.sk, z-lib.sk).pdf>] [126

]
</Volumes/SSD_LPF/sonicSolver/sonicSolver/papers/book/Frontiers of computational fluid dynamics 2006 (D. A. Caughey, M. M. Hafez) (z-library.sk, 1lib.sk, z-lib.sk).pdf, id=918, page=63, 404.711pt x 641.9985pt>
File: /Volumes/SSD_LPF/sonicSolver/sonicSolver/papers/book/Frontiers of computational fluid dynamics 2006 (D. A. Caughey, M. M. Hafez) (z-library.sk, 1lib.sk, z-lib.sk).pdf Graphic file (type pdf)
<use /Volumes/SSD_LPF/sonicSolver/sonicSolver/papers/book/Frontiers of computational fluid dynamics 2006 (D. A. Caughey, M. M. Hafez) (z-library.sk, 1lib.sk, z-lib.sk).pdf, page 63>
Package luatex.def Info: /Volumes/SSD_LPF/sonicSolver/sonicSolver/papers/book/Frontiers of computational fluid dynamics 2006 (D. A. Caughey, M. M. Hafez) (z-library.sk, 1lib.sk, z-lib.sk).pdf , page63 used on input line 316.
(luatex.def)             Requested size: 435.95395pt x 691.59456pt.
 [127

</Volumes/SSD_LPF/sonicSolver/sonicSolver/papers/book/Frontiers of computational fluid dynamics 2006 (D. A. Caughey, M. M. Hafez) (z-library.sk, 1lib.sk, z-lib.sk).pdf>] [128

]
</Volumes/SSD_LPF/sonicSolver/sonicSolver/papers/book/Frontiers of computational fluid dynamics 2006 (D. A. Caughey, M. M. Hafez) (z-library.sk, 1lib.sk, z-lib.sk).pdf, id=933, page=64, 406.6392pt x 642.2384pt>
File: /Volumes/SSD_LPF/sonicSolver/sonicSolver/papers/book/Frontiers of computational fluid dynamics 2006 (D. A. Caughey, M. M. Hafez) (z-library.sk, 1lib.sk, z-lib.sk).pdf Graphic file (type pdf)
<use /Volumes/SSD_LPF/sonicSolver/sonicSolver/papers/book/Frontiers of computational fluid dynamics 2006 (D. A. Caughey, M. M. Hafez) (z-library.sk, 1lib.sk, z-lib.sk).pdf, page 64>
Package luatex.def Info: /Volumes/SSD_LPF/sonicSolver/sonicSolver/papers/book/Frontiers of computational fluid dynamics 2006 (D. A. Caughey, M. M. Hafez) (z-library.sk, 1lib.sk, z-lib.sk).pdf , page64 used on input line 321.
(luatex.def)             Requested size: 435.95395pt x 688.55048pt.
 [129

</Volumes/SSD_LPF/sonicSolver/sonicSolver/papers/book/Frontiers of computational fluid dynamics 2006 (D. A. Caughey, M. M. Hafez) (z-library.sk, 1lib.sk, z-lib.sk).pdf>] [130

]
</Volumes/SSD_LPF/sonicSolver/sonicSolver/papers/book/Frontiers of computational fluid dynamics 2006 (D. A. Caughey, M. M. Hafez) (z-library.sk, 1lib.sk, z-lib.sk).pdf, id=947, page=65, 401.5793pt x 640.0703pt>
File: /Volumes/SSD_LPF/sonicSolver/sonicSolver/papers/book/Frontiers of computational fluid dynamics 2006 (D. A. Caughey, M. M. Hafez) (z-library.sk, 1lib.sk, z-lib.sk).pdf Graphic file (type pdf)
<use /Volumes/SSD_LPF/sonicSolver/sonicSolver/papers/book/Frontiers of computational fluid dynamics 2006 (D. A. Caughey, M. M. Hafez) (z-library.sk, 1lib.sk, z-lib.sk).pdf, page 65>
Package luatex.def Info: /Volumes/SSD_LPF/sonicSolver/sonicSolver/papers/book/Frontiers of computational fluid dynamics 2006 (D. A. Caughey, M. M. Hafez) (z-library.sk, 1lib.sk, z-lib.sk).pdf , page65 used on input line 326.
(luatex.def)             Requested size: 435.95395pt x 694.87929pt.
 [131

</Volumes/SSD_LPF/sonicSolver/sonicSolver/papers/book/Frontiers of computational fluid dynamics 2006 (D. A. Caughey, M. M. Hafez) (z-library.sk, 1lib.sk, z-lib.sk).pdf>] [132

]
</Volumes/SSD_LPF/sonicSolver/sonicSolver/papers/book/Frontiers of computational fluid dynamics 2006 (D. A. Caughey, M. M. Hafez) (z-library.sk, 1lib.sk, z-lib.sk).pdf, id=960, page=66, 406.03696pt x 643.80424pt>
File: /Volumes/SSD_LPF/sonicSolver/sonicSolver/papers/book/Frontiers of computational fluid dynamics 2006 (D. A. Caughey, M. M. Hafez) (z-library.sk, 1lib.sk, z-lib.sk).pdf Graphic file (type pdf)
<use /Volumes/SSD_LPF/sonicSolver/sonicSolver/papers/book/Frontiers of computational fluid dynamics 2006 (D. A. Caughey, M. M. Hafez) (z-library.sk, 1lib.sk, z-lib.sk).pdf, page 66>
Package luatex.def Info: /Volumes/SSD_LPF/sonicSolver/sonicSolver/papers/book/Frontiers of computational fluid dynamics 2006 (D. A. Caughey, M. M. Hafez) (z-library.sk, 1lib.sk, z-lib.sk).pdf , page66 used on input line 330.
(luatex.def)             Requested size: 435.95395pt x 691.24106pt.
 [133

</Volumes/SSD_LPF/sonicSolver/sonicSolver/papers/book/Frontiers of computational fluid dynamics 2006 (D. A. Caughey, M. M. Hafez) (z-library.sk, 1lib.sk, z-lib.sk).pdf>] [134

]
</Volumes/SSD_LPF/sonicSolver/sonicSolver/papers/book/Frontiers of computational fluid dynamics 2006 (D. A. Caughey, M. M. Hafez) (z-library.sk, 1lib.sk, z-lib.sk).pdf, id=973, page=67, 404.711pt x 641.5167pt>
File: /Volumes/SSD_LPF/sonicSolver/sonicSolver/papers/book/Frontiers of computational fluid dynamics 2006 (D. A. Caughey, M. M. Hafez) (z-library.sk, 1lib.sk, z-lib.sk).pdf Graphic file (type pdf)
<use /Volumes/SSD_LPF/sonicSolver/sonicSolver/papers/book/Frontiers of computational fluid dynamics 2006 (D. A. Caughey, M. M. Hafez) (z-library.sk, 1lib.sk, z-lib.sk).pdf, page 67>
Package luatex.def Info: /Volumes/SSD_LPF/sonicSolver/sonicSolver/papers/book/Frontiers of computational fluid dynamics 2006 (D. A. Caughey, M. M. Hafez) (z-library.sk, 1lib.sk, z-lib.sk).pdf , page67 used on input line 334.
(luatex.def)             Requested size: 435.95395pt x 691.07553pt.
 [135

</Volumes/SSD_LPF/sonicSolver/sonicSolver/papers/book/Frontiers of computational fluid dynamics 2006 (D. A. Caughey, M. M. Hafez) (z-library.sk, 1lib.sk, z-lib.sk).pdf>]
第三章
[136



]
</Volumes/SSD_LPF/sonicSolver/sonicSolver/papers/book/Frontiers of computational fluid dynamics 2006 (D. A. Caughey, M. M. Hafez) (z-library.sk, 1lib.sk, z-lib.sk).pdf, id=988, page=68, 409.0472pt x 644.1666pt>
File: /Volumes/SSD_LPF/sonicSolver/sonicSolver/papers/book/Frontiers of computational fluid dynamics 2006 (D. A. Caughey, M. M. Hafez) (z-library.sk, 1lib.sk, z-lib.sk).pdf Graphic file (type pdf)
<use /Volumes/SSD_LPF/sonicSolver/sonicSolver/papers/book/Frontiers of computational fluid dynamics 2006 (D. A. Caughey, M. M. Hafez) (z-library.sk, 1lib.sk, z-lib.sk).pdf, page 68>
Package luatex.def Info: /Volumes/SSD_LPF/sonicSolver/sonicSolver/papers/book/Frontiers of computational fluid dynamics 2006 (D. A. Caughey, M. M. Hafez) (z-library.sk, 1lib.sk, z-lib.sk).pdf , page68 used on input line 341.
(luatex.def)             Requested size: 435.95395pt x 686.55826pt.
 [137

</Volumes/SSD_LPF/sonicSolver/sonicSolver/papers/book/Frontiers of computational fluid dynamics 2006 (D. A. Caughey, M. M. Hafez) (z-library.sk, 1lib.sk, z-lib.sk).pdf>] [138

]
</Volumes/SSD_LPF/sonicSolver/sonicSolver/papers/book/Frontiers of computational fluid dynamics 2006 (D. A. Caughey, M. M. Hafez) (z-library.sk, 1lib.sk, z-lib.sk).pdf, id=1002, page=69, 404.711pt x 641.75659pt>
File: /Volumes/SSD_LPF/sonicSolver/sonicSolver/papers/book/Frontiers of computational fluid dynamics 2006 (D. A. Caughey, M. M. Hafez) (z-library.sk, 1lib.sk, z-lib.sk).pdf Graphic file (type pdf)
<use /Volumes/SSD_LPF/sonicSolver/sonicSolver/papers/book/Frontiers of computational fluid dynamics 2006 (D. A. Caughey, M. M. Hafez) (z-library.sk, 1lib.sk, z-lib.sk).pdf, page 69>
Package luatex.def Info: /Volumes/SSD_LPF/sonicSolver/sonicSolver/papers/book/Frontiers of computational fluid dynamics 2006 (D. A. Caughey, M. M. Hafez) (z-library.sk, 1lib.sk, z-lib.sk).pdf , page69 used on input line 345.
(luatex.def)             Requested size: 435.95395pt x 691.33395pt.
 [139

</Volumes/SSD_LPF/sonicSolver/sonicSolver/papers/book/Frontiers of computational fluid dynamics 2006 (D. A. Caughey, M. M. Hafez) (z-library.sk, 1lib.sk, z-lib.sk).pdf>] [140

]
</Volumes/SSD_LPF/sonicSolver/sonicSolver/papers/book/Frontiers of computational fluid dynamics 2006 (D. A. Caughey, M. M. Hafez) (z-library.sk, 1lib.sk, z-lib.sk).pdf, id=1016, page=70, 404.711pt x 641.5167pt>
File: /Volumes/SSD_LPF/sonicSolver/sonicSolver/papers/book/Frontiers of computational fluid dynamics 2006 (D. A. Caughey, M. M. Hafez) (z-library.sk, 1lib.sk, z-lib.sk).pdf Graphic file (type pdf)
<use /Volumes/SSD_LPF/sonicSolver/sonicSolver/papers/book/Frontiers of computational fluid dynamics 2006 (D. A. Caughey, M. M. Hafez) (z-library.sk, 1lib.sk, z-lib.sk).pdf, page 70>
Package luatex.def Info: /Volumes/SSD_LPF/sonicSolver/sonicSolver/papers/book/Frontiers of computational fluid dynamics 2006 (D. A. Caughey, M. M. Hafez) (z-library.sk, 1lib.sk, z-lib.sk).pdf , page70 used on input line 349.
(luatex.def)             Requested size: 435.95395pt x 691.07553pt.
 [141

</Volumes/SSD_LPF/sonicSolver/sonicSolver/papers/book/Frontiers of computational fluid dynamics 2006 (D. A. Caughey, M. M. Hafez) (z-library.sk, 1lib.sk, z-lib.sk).pdf>]
LaTeX Font Info:    Font shape `LTJY3/FandolSong-Regular(0)/bx/n' in size <12> not available
(Font)              Font shape `LTJY3/FandolSong-Regular(0)/b/n' tried instead on input line 352.
 [142

]
</Volumes/SSD_LPF/sonicSolver/sonicSolver/papers/book/Frontiers of computational fluid dynamics 2006 (D. A. Caughey, M. M. Hafez) (z-library.sk, 1lib.sk, z-lib.sk).pdf, id=1031, page=71, 402.90524pt x 642.11896pt>
File: /Volumes/SSD_LPF/sonicSolver/sonicSolver/papers/book/Frontiers of computational fluid dynamics 2006 (D. A. Caughey, M. M. Hafez) (z-library.sk, 1lib.sk, z-lib.sk).pdf Graphic file (type pdf)
<use /Volumes/SSD_LPF/sonicSolver/sonicSolver/papers/book/Frontiers of computational fluid dynamics 2006 (D. A. Caughey, M. M. Hafez) (z-library.sk, 1lib.sk, z-lib.sk).pdf, page 71>
Package luatex.def Info: /Volumes/SSD_LPF/sonicSolver/sonicSolver/papers/book/Frontiers of computational fluid dynamics 2006 (D. A. Caughey, M. M. Hafez) (z-library.sk, 1lib.sk, z-lib.sk).pdf , page71 used on input line 355.
(luatex.def)             Requested size: 435.95395pt x 694.83026pt.
 [143

</Volumes/SSD_LPF/sonicSolver/sonicSolver/papers/book/Frontiers of computational fluid dynamics 2006 (D. A. Caughey, M. M. Hafez) (z-library.sk, 1lib.sk, z-lib.sk).pdf>] [144

]
</Volumes/SSD_LPF/sonicSolver/sonicSolver/papers/book/Frontiers of computational fluid dynamics 2006 (D. A. Caughey, M. M. Hafez) (z-library.sk, 1lib.sk, z-lib.sk).pdf, id=1044, page=72, 407.24146pt x 644.28705pt>
File: /Volumes/SSD_LPF/sonicSolver/sonicSolver/papers/book/Frontiers of computational fluid dynamics 2006 (D. A. Caughey, M. M. Hafez) (z-library.sk, 1lib.sk, z-lib.sk).pdf Graphic file (type pdf)
<use /Volumes/SSD_LPF/sonicSolver/sonicSolver/papers/book/Frontiers of computational fluid dynamics 2006 (D. A. Caughey, M. M. Hafez) (z-library.sk, 1lib.sk, z-lib.sk).pdf, page 72>
Package luatex.def Info: /Volumes/SSD_LPF/sonicSolver/sonicSolver/papers/book/Frontiers of computational fluid dynamics 2006 (D. A. Caughey, M. M. Hafez) (z-library.sk, 1lib.sk, z-lib.sk).pdf , page72 used on input line 359.
(luatex.def)             Requested size: 435.95395pt x 689.7441pt.
 [145

</Volumes/SSD_LPF/sonicSolver/sonicSolver/papers/book/Frontiers of computational fluid dynamics 2006 (D. A. Caughey, M. M. Hafez) (z-library.sk, 1lib.sk, z-lib.sk).pdf>] [146

]
</Volumes/SSD_LPF/sonicSolver/sonicSolver/papers/book/Frontiers of computational fluid dynamics 2006 (D. A. Caughey, M. M. Hafez) (z-library.sk, 1lib.sk, z-lib.sk).pdf, id=1057, page=73, 402.90524pt x 642.11896pt>
File: /Volumes/SSD_LPF/sonicSolver/sonicSolver/papers/book/Frontiers of computational fluid dynamics 2006 (D. A. Caughey, M. M. Hafez) (z-library.sk, 1lib.sk, z-lib.sk).pdf Graphic file (type pdf)
<use /Volumes/SSD_LPF/sonicSolver/sonicSolver/papers/book/Frontiers of computational fluid dynamics 2006 (D. A. Caughey, M. M. Hafez) (z-library.sk, 1lib.sk, z-lib.sk).pdf, page 73>
Package luatex.def Info: /Volumes/SSD_LPF/sonicSolver/sonicSolver/papers/book/Frontiers of computational fluid dynamics 2006 (D. A. Caughey, M. M. Hafez) (z-library.sk, 1lib.sk, z-lib.sk).pdf , page73 used on input line 363.
(luatex.def)             Requested size: 435.95395pt x 694.83026pt.
 [147

</Volumes/SSD_LPF/sonicSolver/sonicSolver/papers/book/Frontiers of computational fluid dynamics 2006 (D. A. Caughey, M. M. Hafez) (z-library.sk, 1lib.sk, z-lib.sk).pdf>] [148

]
</Volumes/SSD_LPF/sonicSolver/sonicSolver/papers/book/Frontiers of computational fluid dynamics 2006 (D. A. Caughey, M. M. Hafez) (z-library.sk, 1lib.sk, z-lib.sk).pdf, id=1072, page=74, 410.37315pt x 646.21425pt>
File: /Volumes/SSD_LPF/sonicSolver/sonicSolver/papers/book/Frontiers of computational fluid dynamics 2006 (D. A. Caughey, M. M. Hafez) (z-library.sk, 1lib.sk, z-lib.sk).pdf Graphic file (type pdf)
<use /Volumes/SSD_LPF/sonicSolver/sonicSolver/papers/book/Frontiers of computational fluid dynamics 2006 (D. A. Caughey, M. M. Hafez) (z-library.sk, 1lib.sk, z-lib.sk).pdf, page 74>
Package luatex.def Info: /Volumes/SSD_LPF/sonicSolver/sonicSolver/papers/book/Frontiers of computational fluid dynamics 2006 (D. A. Caughey, M. M. Hafez) (z-library.sk, 1lib.sk, z-lib.sk).pdf , page74 used on input line 368.
(luatex.def)             Requested size: 435.95395pt x 686.54178pt.
 [149

</Volumes/SSD_LPF/sonicSolver/sonicSolver/papers/book/Frontiers of computational fluid dynamics 2006 (D. A. Caughey, M. M. Hafez) (z-library.sk, 1lib.sk, z-lib.sk).pdf>] [150

]
</Volumes/SSD_LPF/sonicSolver/sonicSolver/papers/book/Frontiers of computational fluid dynamics 2006 (D. A. Caughey, M. M. Hafez) (z-library.sk, 1lib.sk, z-lib.sk).pdf, id=1085, page=75, 410.37315pt x 646.45415pt>
File: /Volumes/SSD_LPF/sonicSolver/sonicSolver/papers/book/Frontiers of computational fluid dynamics 2006 (D. A. Caughey, M. M. Hafez) (z-library.sk, 1lib.sk, z-lib.sk).pdf Graphic file (type pdf)
<use /Volumes/SSD_LPF/sonicSolver/sonicSolver/papers/book/Frontiers of computational fluid dynamics 2006 (D. A. Caughey, M. M. Hafez) (z-library.sk, 1lib.sk, z-lib.sk).pdf, page 75>
Package luatex.def Info: /Volumes/SSD_LPF/sonicSolver/sonicSolver/papers/book/Frontiers of computational fluid dynamics 2006 (D. A. Caughey, M. M. Hafez) (z-library.sk, 1lib.sk, z-lib.sk).pdf , page75 used on input line 372.
(luatex.def)             Requested size: 435.95395pt x 686.79665pt.
 [151

</Volumes/SSD_LPF/sonicSolver/sonicSolver/papers/book/Frontiers of computational fluid dynamics 2006 (D. A. Caughey, M. M. Hafez) (z-library.sk, 1lib.sk, z-lib.sk).pdf>] [152

]
</Volumes/SSD_LPF/sonicSolver/sonicSolver/papers/book/Frontiers of computational fluid dynamics 2006 (D. A. Caughey, M. M. Hafez) (z-library.sk, 1lib.sk, z-lib.sk).pdf, id=1098, page=76, 404.711pt x 641.5167pt>
File: /Volumes/SSD_LPF/sonicSolver/sonicSolver/papers/book/Frontiers of computational fluid dynamics 2006 (D. A. Caughey, M. M. Hafez) (z-library.sk, 1lib.sk, z-lib.sk).pdf Graphic file (type pdf)
<use /Volumes/SSD_LPF/sonicSolver/sonicSolver/papers/book/Frontiers of computational fluid dynamics 2006 (D. A. Caughey, M. M. Hafez) (z-library.sk, 1lib.sk, z-lib.sk).pdf, page 76>
Package luatex.def Info: /Volumes/SSD_LPF/sonicSolver/sonicSolver/papers/book/Frontiers of computational fluid dynamics 2006 (D. A. Caughey, M. M. Hafez) (z-library.sk, 1lib.sk, z-lib.sk).pdf , page76 used on input line 376.
(luatex.def)             Requested size: 435.95395pt x 691.07553pt.
 [153

</Volumes/SSD_LPF/sonicSolver/sonicSolver/papers/book/Frontiers of computational fluid dynamics 2006 (D. A. Caughey, M. M. Hafez) (z-library.sk, 1lib.sk, z-lib.sk).pdf>] [154

]
</Volumes/SSD_LPF/sonicSolver/sonicSolver/papers/book/Frontiers of computational fluid dynamics 2006 (D. A. Caughey, M. M. Hafez) (z-library.sk, 1lib.sk, z-lib.sk).pdf, id=1111, page=77, 407.96315pt x 644.28705pt>
File: /Volumes/SSD_LPF/sonicSolver/sonicSolver/papers/book/Frontiers of computational fluid dynamics 2006 (D. A. Caughey, M. M. Hafez) (z-library.sk, 1lib.sk, z-lib.sk).pdf Graphic file (type pdf)
<use /Volumes/SSD_LPF/sonicSolver/sonicSolver/papers/book/Frontiers of computational fluid dynamics 2006 (D. A. Caughey, M. M. Hafez) (z-library.sk, 1lib.sk, z-lib.sk).pdf, page 77>
Package luatex.def Info: /Volumes/SSD_LPF/sonicSolver/sonicSolver/papers/book/Frontiers of computational fluid dynamics 2006 (D. A. Caughey, M. M. Hafez) (z-library.sk, 1lib.sk, z-lib.sk).pdf , page77 used on input line 380.
(luatex.def)             Requested size: 435.95395pt x 688.52504pt.
 [155

</Volumes/SSD_LPF/sonicSolver/sonicSolver/papers/book/Frontiers of computational fluid dynamics 2006 (D. A. Caughey, M. M. Hafez) (z-library.sk, 1lib.sk, z-lib.sk).pdf>] [156

]
</Volumes/SSD_LPF/sonicSolver/sonicSolver/papers/book/Frontiers of computational fluid dynamics 2006 (D. A. Caughey, M. M. Hafez) (z-library.sk, 1lib.sk, z-lib.sk).pdf, id=1124, page=78, 405.1928pt x 641.9985pt>
File: /Volumes/SSD_LPF/sonicSolver/sonicSolver/papers/book/Frontiers of computational fluid dynamics 2006 (D. A. Caughey, M. M. Hafez) (z-library.sk, 1lib.sk, z-lib.sk).pdf Graphic file (type pdf)
<use /Volumes/SSD_LPF/sonicSolver/sonicSolver/papers/book/Frontiers of computational fluid dynamics 2006 (D. A. Caughey, M. M. Hafez) (z-library.sk, 1lib.sk, z-lib.sk).pdf, page 78>
Package luatex.def Info: /Volumes/SSD_LPF/sonicSolver/sonicSolver/papers/book/Frontiers of computational fluid dynamics 2006 (D. A. Caughey, M. M. Hafez) (z-library.sk, 1lib.sk, z-lib.sk).pdf , page78 used on input line 384.
(luatex.def)             Requested size: 435.95395pt x 690.7423pt.
 [157

</Volumes/SSD_LPF/sonicSolver/sonicSolver/papers/book/Frontiers of computational fluid dynamics 2006 (D. A. Caughey, M. M. Hafez) (z-library.sk, 1lib.sk, z-lib.sk).pdf>] [158

]
</Volumes/SSD_LPF/sonicSolver/sonicSolver/papers/book/Frontiers of computational fluid dynamics 2006 (D. A. Caughey, M. M. Hafez) (z-library.sk, 1lib.sk, z-lib.sk).pdf, id=1138, page=79, 406.51875pt x 644.28705pt>
File: /Volumes/SSD_LPF/sonicSolver/sonicSolver/papers/book/Frontiers of computational fluid dynamics 2006 (D. A. Caughey, M. M. Hafez) (z-library.sk, 1lib.sk, z-lib.sk).pdf Graphic file (type pdf)
<use /Volumes/SSD_LPF/sonicSolver/sonicSolver/papers/book/Frontiers of computational fluid dynamics 2006 (D. A. Caughey, M. M. Hafez) (z-library.sk, 1lib.sk, z-lib.sk).pdf, page 79>
Package luatex.def Info: /Volumes/SSD_LPF/sonicSolver/sonicSolver/papers/book/Frontiers of computational fluid dynamics 2006 (D. A. Caughey, M. M. Hafez) (z-library.sk, 1lib.sk, z-lib.sk).pdf , page79 used on input line 388.
(luatex.def)             Requested size: 435.95395pt x 690.96313pt.
 [159

</Volumes/SSD_LPF/sonicSolver/sonicSolver/papers/book/Frontiers of computational fluid dynamics 2006 (D. A. Caughey, M. M. Hafez) (z-library.sk, 1lib.sk, z-lib.sk).pdf>] [160

]
</Volumes/SSD_LPF/sonicSolver/sonicSolver/papers/book/Frontiers of computational fluid dynamics 2006 (D. A. Caughey, M. M. Hafez) (z-library.sk, 1lib.sk, z-lib.sk).pdf, id=1152, page=80, 404.711pt x 641.5167pt>
File: /Volumes/SSD_LPF/sonicSolver/sonicSolver/papers/book/Frontiers of computational fluid dynamics 2006 (D. A. Caughey, M. M. Hafez) (z-library.sk, 1lib.sk, z-lib.sk).pdf Graphic file (type pdf)
<use /Volumes/SSD_LPF/sonicSolver/sonicSolver/papers/book/Frontiers of computational fluid dynamics 2006 (D. A. Caughey, M. M. Hafez) (z-library.sk, 1lib.sk, z-lib.sk).pdf, page 80>
Package luatex.def Info: /Volumes/SSD_LPF/sonicSolver/sonicSolver/papers/book/Frontiers of computational fluid dynamics 2006 (D. A. Caughey, M. M. Hafez) (z-library.sk, 1lib.sk, z-lib.sk).pdf , page80 used on input line 393.
(luatex.def)             Requested size: 435.95395pt x 691.07553pt.
 [161

</Volumes/SSD_LPF/sonicSolver/sonicSolver/papers/book/Frontiers of computational fluid dynamics 2006 (D. A. Caughey, M. M. Hafez) (z-library.sk, 1lib.sk, z-lib.sk).pdf>] [162

]
</Volumes/SSD_LPF/sonicSolver/sonicSolver/papers/book/Frontiers of computational fluid dynamics 2006 (D. A. Caughey, M. M. Hafez) (z-library.sk, 1lib.sk, z-lib.sk).pdf, id=1166, page=81, 418.08095pt x 650.9108pt>
File: /Volumes/SSD_LPF/sonicSolver/sonicSolver/papers/book/Frontiers of computational fluid dynamics 2006 (D. A. Caughey, M. M. Hafez) (z-library.sk, 1lib.sk, z-lib.sk).pdf Graphic file (type pdf)
<use /Volumes/SSD_LPF/sonicSolver/sonicSolver/papers/book/Frontiers of computational fluid dynamics 2006 (D. A. Caughey, M. M. Hafez) (z-library.sk, 1lib.sk, z-lib.sk).pdf, page 81>
Package luatex.def Info: /Volumes/SSD_LPF/sonicSolver/sonicSolver/papers/book/Frontiers of computational fluid dynamics 2006 (D. A. Caughey, M. M. Hafez) (z-library.sk, 1lib.sk, z-lib.sk).pdf , page81 used on input line 397.
(luatex.def)             Requested size: 435.95395pt x 678.75876pt.
 [163

</Volumes/SSD_LPF/sonicSolver/sonicSolver/papers/book/Frontiers of computational fluid dynamics 2006 (D. A. Caughey, M. M. Hafez) (z-library.sk, 1lib.sk, z-lib.sk).pdf>] [164

]
</Volumes/SSD_LPF/sonicSolver/sonicSolver/papers/book/Frontiers of computational fluid dynamics 2006 (D. A. Caughey, M. M. Hafez) (z-library.sk, 1lib.sk, z-lib.sk).pdf, id=1181, page=82, 405.1928pt x 642.2384pt>
File: /Volumes/SSD_LPF/sonicSolver/sonicSolver/papers/book/Frontiers of computational fluid dynamics 2006 (D. A. Caughey, M. M. Hafez) (z-library.sk, 1lib.sk, z-lib.sk).pdf Graphic file (type pdf)
<use /Volumes/SSD_LPF/sonicSolver/sonicSolver/papers/book/Frontiers of computational fluid dynamics 2006 (D. A. Caughey, M. M. Hafez) (z-library.sk, 1lib.sk, z-lib.sk).pdf, page 82>
Package luatex.def Info: /Volumes/SSD_LPF/sonicSolver/sonicSolver/papers/book/Frontiers of computational fluid dynamics 2006 (D. A. Caughey, M. M. Hafez) (z-library.sk, 1lib.sk, z-lib.sk).pdf , page82 used on input line 403.
(luatex.def)             Requested size: 435.95395pt x 691.00041pt.
 [165

</Volumes/SSD_LPF/sonicSolver/sonicSolver/papers/book/Frontiers of computational fluid dynamics 2006 (D. A. Caughey, M. M. Hafez) (z-library.sk, 1lib.sk, z-lib.sk).pdf>] [166

]
</Volumes/SSD_LPF/sonicSolver/sonicSolver/papers/book/Frontiers of computational fluid dynamics 2006 (D. A. Caughey, M. M. Hafez) (z-library.sk, 1lib.sk, z-lib.sk).pdf, id=1194, page=83, 406.6392pt x 642.2384pt>
File: /Volumes/SSD_LPF/sonicSolver/sonicSolver/papers/book/Frontiers of computational fluid dynamics 2006 (D. A. Caughey, M. M. Hafez) (z-library.sk, 1lib.sk, z-lib.sk).pdf Graphic file (type pdf)
<use /Volumes/SSD_LPF/sonicSolver/sonicSolver/papers/book/Frontiers of computational fluid dynamics 2006 (D. A. Caughey, M. M. Hafez) (z-library.sk, 1lib.sk, z-lib.sk).pdf, page 83>
Package luatex.def Info: /Volumes/SSD_LPF/sonicSolver/sonicSolver/papers/book/Frontiers of computational fluid dynamics 2006 (D. A. Caughey, M. M. Hafez) (z-library.sk, 1lib.sk, z-lib.sk).pdf , page83 used on input line 407.
(luatex.def)             Requested size: 435.95395pt x 688.55048pt.
 [167

</Volumes/SSD_LPF/sonicSolver/sonicSolver/papers/book/Frontiers of computational fluid dynamics 2006 (D. A. Caughey, M. M. Hafez) (z-library.sk, 1lib.sk, z-lib.sk).pdf>] [168

]
</Volumes/SSD_LPF/sonicSolver/sonicSolver/papers/book/Frontiers of computational fluid dynamics 2006 (D. A. Caughey, M. M. Hafez) (z-library.sk, 1lib.sk, z-lib.sk).pdf, id=1209, page=84, 402.90524pt x 642.11896pt>
File: /Volumes/SSD_LPF/sonicSolver/sonicSolver/papers/book/Frontiers of computational fluid dynamics 2006 (D. A. Caughey, M. M. Hafez) (z-library.sk, 1lib.sk, z-lib.sk).pdf Graphic file (type pdf)
<use /Volumes/SSD_LPF/sonicSolver/sonicSolver/papers/book/Frontiers of computational fluid dynamics 2006 (D. A. Caughey, M. M. Hafez) (z-library.sk, 1lib.sk, z-lib.sk).pdf, page 84>
Package luatex.def Info: /Volumes/SSD_LPF/sonicSolver/sonicSolver/papers/book/Frontiers of computational fluid dynamics 2006 (D. A. Caughey, M. M. Hafez) (z-library.sk, 1lib.sk, z-lib.sk).pdf , page84 used on input line 412.
(luatex.def)             Requested size: 435.95395pt x 694.83026pt.
 [169

</Volumes/SSD_LPF/sonicSolver/sonicSolver/papers/book/Frontiers of computational fluid dynamics 2006 (D. A. Caughey, M. M. Hafez) (z-library.sk, 1lib.sk, z-lib.sk).pdf>] [170

]
</Volumes/SSD_LPF/sonicSolver/sonicSolver/papers/book/Frontiers of computational fluid dynamics 2006 (D. A. Caughey, M. M. Hafez) (z-library.sk, 1lib.sk, z-lib.sk).pdf, id=1223, page=85, 409.16765pt x 645.97235pt>
File: /Volumes/SSD_LPF/sonicSolver/sonicSolver/papers/book/Frontiers of computational fluid dynamics 2006 (D. A. Caughey, M. M. Hafez) (z-library.sk, 1lib.sk, z-lib.sk).pdf Graphic file (type pdf)
<use /Volumes/SSD_LPF/sonicSolver/sonicSolver/papers/book/Frontiers of computational fluid dynamics 2006 (D. A. Caughey, M. M. Hafez) (z-library.sk, 1lib.sk, z-lib.sk).pdf, page 85>
Package luatex.def Info: /Volumes/SSD_LPF/sonicSolver/sonicSolver/papers/book/Frontiers of computational fluid dynamics 2006 (D. A. Caughey, M. M. Hafez) (z-library.sk, 1lib.sk, z-lib.sk).pdf , page85 used on input line 417.
(luatex.def)             Requested size: 435.95395pt x 688.27585pt.
 [171

</Volumes/SSD_LPF/sonicSolver/sonicSolver/papers/book/Frontiers of computational fluid dynamics 2006 (D. A. Caughey, M. M. Hafez) (z-library.sk, 1lib.sk, z-lib.sk).pdf>] [172

]
</Volumes/SSD_LPF/sonicSolver/sonicSolver/papers/book/Frontiers of computational fluid dynamics 2006 (D. A. Caughey, M. M. Hafez) (z-library.sk, 1lib.sk, z-lib.sk).pdf, id=1238, page=86, 406.03696pt x 643.80424pt>
File: /Volumes/SSD_LPF/sonicSolver/sonicSolver/papers/book/Frontiers of computational fluid dynamics 2006 (D. A. Caughey, M. M. Hafez) (z-library.sk, 1lib.sk, z-lib.sk).pdf Graphic file (type pdf)
<use /Volumes/SSD_LPF/sonicSolver/sonicSolver/papers/book/Frontiers of computational fluid dynamics 2006 (D. A. Caughey, M. M. Hafez) (z-library.sk, 1lib.sk, z-lib.sk).pdf, page 86>
Package luatex.def Info: /Volumes/SSD_LPF/sonicSolver/sonicSolver/papers/book/Frontiers of computational fluid dynamics 2006 (D. A. Caughey, M. M. Hafez) (z-library.sk, 1lib.sk, z-lib.sk).pdf , page86 used on input line 423.
(luatex.def)             Requested size: 435.95395pt x 691.24106pt.
 [173

</Volumes/SSD_LPF/sonicSolver/sonicSolver/papers/book/Frontiers of computational fluid dynamics 2006 (D. A. Caughey, M. M. Hafez) (z-library.sk, 1lib.sk, z-lib.sk).pdf>] [174

]
</Volumes/SSD_LPF/sonicSolver/sonicSolver/papers/book/Frontiers of computational fluid dynamics 2006 (D. A. Caughey, M. M. Hafez) (z-library.sk, 1lib.sk, z-lib.sk).pdf, id=1251, page=87, 402.7838pt x 640.793pt>
File: /Volumes/SSD_LPF/sonicSolver/sonicSolver/papers/book/Frontiers of computational fluid dynamics 2006 (D. A. Caughey, M. M. Hafez) (z-library.sk, 1lib.sk, z-lib.sk).pdf Graphic file (type pdf)
<use /Volumes/SSD_LPF/sonicSolver/sonicSolver/papers/book/Frontiers of computational fluid dynamics 2006 (D. A. Caughey, M. M. Hafez) (z-library.sk, 1lib.sk, z-lib.sk).pdf, page 87>
Package luatex.def Info: /Volumes/SSD_LPF/sonicSolver/sonicSolver/papers/book/Frontiers of computational fluid dynamics 2006 (D. A. Caughey, M. M. Hafez) (z-library.sk, 1lib.sk, z-lib.sk).pdf , page87 used on input line 427.
(luatex.def)             Requested size: 435.95395pt x 693.56168pt.
 [175

</Volumes/SSD_LPF/sonicSolver/sonicSolver/papers/book/Frontiers of computational fluid dynamics 2006 (D. A. Caughey, M. M. Hafez) (z-library.sk, 1lib.sk, z-lib.sk).pdf>]
Missing character: There is no 璏 (U+748F) in font [FandolSong-Regular.otf]:mode=node;script=latn;language=dflt;jfm=zh_CN/{quanjiao}!
Missing character: There is no 璏 (U+748F) in font [FandolSong-Regular.otf]:mode=node;script=latn;language=dflt;jfm=zh_CN/{quanjiao}!
Missing character: There is no 璏 (U+748F) in font [FandolSong-Regular.otf]:mode=node;script=latn;language=dflt;jfm=zh_CN/{quanjiao}!
[176


Missing character: There is no 璏 (U+748F) in font [FandolSong-Regular.otf]:mode=node;script=latn;language=dflt;jfm=zh_CN/{quanjiao}!
]
</Volumes/SSD_LPF/sonicSolver/sonicSolver/papers/book/Frontiers of computational fluid dynamics 2006 (D. A. Caughey, M. M. Hafez) (z-library.sk, 1lib.sk, z-lib.sk).pdf, id=1265, page=88, 404.10875pt x 642.84065pt>
File: /Volumes/SSD_LPF/sonicSolver/sonicSolver/papers/book/Frontiers of computational fluid dynamics 2006 (D. A. Caughey, M. M. Hafez) (z-library.sk, 1lib.sk, z-lib.sk).pdf Graphic file (type pdf)
<use /Volumes/SSD_LPF/sonicSolver/sonicSolver/papers/book/Frontiers of computational fluid dynamics 2006 (D. A. Caughey, M. M. Hafez) (z-library.sk, 1lib.sk, z-lib.sk).pdf, page 88>
Package luatex.def Info: /Volumes/SSD_LPF/sonicSolver/sonicSolver/papers/book/Frontiers of computational fluid dynamics 2006 (D. A. Caughey, M. M. Hafez) (z-library.sk, 1lib.sk, z-lib.sk).pdf , page88 used on input line 432.
(luatex.def)             Requested size: 435.95395pt x 693.5219pt.
 [177

</Volumes/SSD_LPF/sonicSolver/sonicSolver/papers/book/Frontiers of computational fluid dynamics 2006 (D. A. Caughey, M. M. Hafez) (z-library.sk, 1lib.sk, z-lib.sk).pdf>] [178

]
</Volumes/SSD_LPF/sonicSolver/sonicSolver/papers/book/Frontiers of computational fluid dynamics 2006 (D. A. Caughey, M. M. Hafez) (z-library.sk, 1lib.sk, z-lib.sk).pdf, id=1279, page=89, 408.44495pt x 645.00874pt>
File: /Volumes/SSD_LPF/sonicSolver/sonicSolver/papers/book/Frontiers of computational fluid dynamics 2006 (D. A. Caughey, M. M. Hafez) (z-library.sk, 1lib.sk, z-lib.sk).pdf Graphic file (type pdf)
<use /Volumes/SSD_LPF/sonicSolver/sonicSolver/papers/book/Frontiers of computational fluid dynamics 2006 (D. A. Caughey, M. M. Hafez) (z-library.sk, 1lib.sk, z-lib.sk).pdf, page 89>
Package luatex.def Info: /Volumes/SSD_LPF/sonicSolver/sonicSolver/papers/book/Frontiers of computational fluid dynamics 2006 (D. A. Caughey, M. M. Hafez) (z-library.sk, 1lib.sk, z-lib.sk).pdf , page89 used on input line 436.
(luatex.def)             Requested size: 435.95395pt x 688.4597pt.
 [179

</Volumes/SSD_LPF/sonicSolver/sonicSolver/papers/book/Frontiers of computational fluid dynamics 2006 (D. A. Caughey, M. M. Hafez) (z-library.sk, 1lib.sk, z-lib.sk).pdf>] [180

]
</Volumes/SSD_LPF/sonicSolver/sonicSolver/papers/book/Frontiers of computational fluid dynamics 2006 (D. A. Caughey, M. M. Hafez) (z-library.sk, 1lib.sk, z-lib.sk).pdf, id=1294, page=90, 402.90524pt x 642.11896pt>
File: /Volumes/SSD_LPF/sonicSolver/sonicSolver/papers/book/Frontiers of computational fluid dynamics 2006 (D. A. Caughey, M. M. Hafez) (z-library.sk, 1lib.sk, z-lib.sk).pdf Graphic file (type pdf)
<use /Volumes/SSD_LPF/sonicSolver/sonicSolver/papers/book/Frontiers of computational fluid dynamics 2006 (D. A. Caughey, M. M. Hafez) (z-library.sk, 1lib.sk, z-lib.sk).pdf, page 90>
Package luatex.def Info: /Volumes/SSD_LPF/sonicSolver/sonicSolver/papers/book/Frontiers of computational fluid dynamics 2006 (D. A. Caughey, M. M. Hafez) (z-library.sk, 1lib.sk, z-lib.sk).pdf , page90 used on input line 442.
(luatex.def)             Requested size: 435.95395pt x 694.83026pt.
 [181

</Volumes/SSD_LPF/sonicSolver/sonicSolver/papers/book/Frontiers of computational fluid dynamics 2006 (D. A. Caughey, M. M. Hafez) (z-library.sk, 1lib.sk, z-lib.sk).pdf>] [182

]
</Volumes/SSD_LPF/sonicSolver/sonicSolver/papers/book/Frontiers of computational fluid dynamics 2006 (D. A. Caughey, M. M. Hafez) (z-library.sk, 1lib.sk, z-lib.sk).pdf, id=1308, page=91, 404.10875pt x 642.84065pt>
File: /Volumes/SSD_LPF/sonicSolver/sonicSolver/papers/book/Frontiers of computational fluid dynamics 2006 (D. A. Caughey, M. M. Hafez) (z-library.sk, 1lib.sk, z-lib.sk).pdf Graphic file (type pdf)
<use /Volumes/SSD_LPF/sonicSolver/sonicSolver/papers/book/Frontiers of computational fluid dynamics 2006 (D. A. Caughey, M. M. Hafez) (z-library.sk, 1lib.sk, z-lib.sk).pdf, page 91>
Package luatex.def Info: /Volumes/SSD_LPF/sonicSolver/sonicSolver/papers/book/Frontiers of computational fluid dynamics 2006 (D. A. Caughey, M. M. Hafez) (z-library.sk, 1lib.sk, z-lib.sk).pdf , page91 used on input line 446.
(luatex.def)             Requested size: 435.95395pt x 693.5219pt.
 [183

</Volumes/SSD_LPF/sonicSolver/sonicSolver/papers/book/Frontiers of computational fluid dynamics 2006 (D. A. Caughey, M. M. Hafez) (z-library.sk, 1lib.sk, z-lib.sk).pdf>] [184

]
</Volumes/SSD_LPF/sonicSolver/sonicSolver/papers/book/Frontiers of computational fluid dynamics 2006 (D. A. Caughey, M. M. Hafez) (z-library.sk, 1lib.sk, z-lib.sk).pdf, id=1320, page=92, 402.90524pt x 642.11896pt>
File: /Volumes/SSD_LPF/sonicSolver/sonicSolver/papers/book/Frontiers of computational fluid dynamics 2006 (D. A. Caughey, M. M. Hafez) (z-library.sk, 1lib.sk, z-lib.sk).pdf Graphic file (type pdf)
<use /Volumes/SSD_LPF/sonicSolver/sonicSolver/papers/book/Frontiers of computational fluid dynamics 2006 (D. A. Caughey, M. M. Hafez) (z-library.sk, 1lib.sk, z-lib.sk).pdf, page 92>
Package luatex.def Info: /Volumes/SSD_LPF/sonicSolver/sonicSolver/papers/book/Frontiers of computational fluid dynamics 2006 (D. A. Caughey, M. M. Hafez) (z-library.sk, 1lib.sk, z-lib.sk).pdf , page92 used on input line 451.
(luatex.def)             Requested size: 435.95395pt x 694.83026pt.
 [185

</Volumes/SSD_LPF/sonicSolver/sonicSolver/papers/book/Frontiers of computational fluid dynamics 2006 (D. A. Caughey, M. M. Hafez) (z-library.sk, 1lib.sk, z-lib.sk).pdf>] [186

]
</Volumes/SSD_LPF/sonicSolver/sonicSolver/papers/book/Frontiers of computational fluid dynamics 2006 (D. A. Caughey, M. M. Hafez) (z-library.sk, 1lib.sk, z-lib.sk).pdf, id=1333, page=93, 401.5793pt x 640.0703pt>
File: /Volumes/SSD_LPF/sonicSolver/sonicSolver/papers/book/Frontiers of computational fluid dynamics 2006 (D. A. Caughey, M. M. Hafez) (z-library.sk, 1lib.sk, z-lib.sk).pdf Graphic file (type pdf)
<use /Volumes/SSD_LPF/sonicSolver/sonicSolver/papers/book/Frontiers of computational fluid dynamics 2006 (D. A. Caughey, M. M. Hafez) (z-library.sk, 1lib.sk, z-lib.sk).pdf, page 93>
Package luatex.def Info: /Volumes/SSD_LPF/sonicSolver/sonicSolver/papers/book/Frontiers of computational fluid dynamics 2006 (D. A. Caughey, M. M. Hafez) (z-library.sk, 1lib.sk, z-lib.sk).pdf , page93 used on input line 455.
(luatex.def)             Requested size: 435.95395pt x 694.87929pt.
 [187

</Volumes/SSD_LPF/sonicSolver/sonicSolver/papers/book/Frontiers of computational fluid dynamics 2006 (D. A. Caughey, M. M. Hafez) (z-library.sk, 1lib.sk, z-lib.sk).pdf>] [188

]
</Volumes/SSD_LPF/sonicSolver/sonicSolver/papers/book/Frontiers of computational fluid dynamics 2006 (D. A. Caughey, M. M. Hafez) (z-library.sk, 1lib.sk, z-lib.sk).pdf, id=1348, page=94, 404.711pt x 641.75659pt>
File: /Volumes/SSD_LPF/sonicSolver/sonicSolver/papers/book/Frontiers of computational fluid dynamics 2006 (D. A. Caughey, M. M. Hafez) (z-library.sk, 1lib.sk, z-lib.sk).pdf Graphic file (type pdf)
<use /Volumes/SSD_LPF/sonicSolver/sonicSolver/papers/book/Frontiers of computational fluid dynamics 2006 (D. A. Caughey, M. M. Hafez) (z-library.sk, 1lib.sk, z-lib.sk).pdf, page 94>
Package luatex.def Info: /Volumes/SSD_LPF/sonicSolver/sonicSolver/papers/book/Frontiers of computational fluid dynamics 2006 (D. A. Caughey, M. M. Hafez) (z-library.sk, 1lib.sk, z-lib.sk).pdf , page94 used on input line 460.
(luatex.def)             Requested size: 435.95395pt x 691.33395pt.
 [189

</Volumes/SSD_LPF/sonicSolver/sonicSolver/papers/book/Frontiers of computational fluid dynamics 2006 (D. A. Caughey, M. M. Hafez) (z-library.sk, 1lib.sk, z-lib.sk).pdf>] [190

]
</Volumes/SSD_LPF/sonicSolver/sonicSolver/papers/book/Frontiers of computational fluid dynamics 2006 (D. A. Caughey, M. M. Hafez) (z-library.sk, 1lib.sk, z-lib.sk).pdf, id=1363, page=95, 403.38705pt x 642.35884pt>
File: /Volumes/SSD_LPF/sonicSolver/sonicSolver/papers/book/Frontiers of computational fluid dynamics 2006 (D. A. Caughey, M. M. Hafez) (z-library.sk, 1lib.sk, z-lib.sk).pdf Graphic file (type pdf)
<use /Volumes/SSD_LPF/sonicSolver/sonicSolver/papers/book/Frontiers of computational fluid dynamics 2006 (D. A. Caughey, M. M. Hafez) (z-library.sk, 1lib.sk, z-lib.sk).pdf, page 95>
Package luatex.def Info: /Volumes/SSD_LPF/sonicSolver/sonicSolver/papers/book/Frontiers of computational fluid dynamics 2006 (D. A. Caughey, M. M. Hafez) (z-library.sk, 1lib.sk, z-lib.sk).pdf , page95 used on input line 466.
(luatex.def)             Requested size: 435.95395pt x 694.2371pt.
 [191

</Volumes/SSD_LPF/sonicSolver/sonicSolver/papers/book/Frontiers of computational fluid dynamics 2006 (D. A. Caughey, M. M. Hafez) (z-library.sk, 1lib.sk, z-lib.sk).pdf>] [192

]
</Volumes/SSD_LPF/sonicSolver/sonicSolver/papers/book/Frontiers of computational fluid dynamics 2006 (D. A. Caughey, M. M. Hafez) (z-library.sk, 1lib.sk, z-lib.sk).pdf, id=1376, page=96, 401.5793pt x 640.0703pt>
File: /Volumes/SSD_LPF/sonicSolver/sonicSolver/papers/book/Frontiers of computational fluid dynamics 2006 (D. A. Caughey, M. M. Hafez) (z-library.sk, 1lib.sk, z-lib.sk).pdf Graphic file (type pdf)
<use /Volumes/SSD_LPF/sonicSolver/sonicSolver/papers/book/Frontiers of computational fluid dynamics 2006 (D. A. Caughey, M. M. Hafez) (z-library.sk, 1lib.sk, z-lib.sk).pdf, page 96>
Package luatex.def Info: /Volumes/SSD_LPF/sonicSolver/sonicSolver/papers/book/Frontiers of computational fluid dynamics 2006 (D. A. Caughey, M. M. Hafez) (z-library.sk, 1lib.sk, z-lib.sk).pdf , page96 used on input line 470.
(luatex.def)             Requested size: 435.95395pt x 694.87929pt.
 [193

</Volumes/SSD_LPF/sonicSolver/sonicSolver/papers/book/Frontiers of computational fluid dynamics 2006 (D. A. Caughey, M. M. Hafez) (z-library.sk, 1lib.sk, z-lib.sk).pdf>] [194

]
</Volumes/SSD_LPF/sonicSolver/sonicSolver/papers/book/Frontiers of computational fluid dynamics 2006 (D. A. Caughey, M. M. Hafez) (z-library.sk, 1lib.sk, z-lib.sk).pdf, id=1389, page=97, 403.2656pt x 641.2748pt>
File: /Volumes/SSD_LPF/sonicSolver/sonicSolver/papers/book/Frontiers of computational fluid dynamics 2006 (D. A. Caughey, M. M. Hafez) (z-library.sk, 1lib.sk, z-lib.sk).pdf Graphic file (type pdf)
<use /Volumes/SSD_LPF/sonicSolver/sonicSolver/papers/book/Frontiers of computational fluid dynamics 2006 (D. A. Caughey, M. M. Hafez) (z-library.sk, 1lib.sk, z-lib.sk).pdf, page 97>
Package luatex.def Info: /Volumes/SSD_LPF/sonicSolver/sonicSolver/papers/book/Frontiers of computational fluid dynamics 2006 (D. A. Caughey, M. M. Hafez) (z-library.sk, 1lib.sk, z-lib.sk).pdf , page97 used on input line 474.
(luatex.def)             Requested size: 435.95395pt x 693.28078pt.
 [195

</Volumes/SSD_LPF/sonicSolver/sonicSolver/papers/book/Frontiers of computational fluid dynamics 2006 (D. A. Caughey, M. M. Hafez) (z-library.sk, 1lib.sk, z-lib.sk).pdf>] [196

]
</Volumes/SSD_LPF/sonicSolver/sonicSolver/papers/book/Frontiers of computational fluid dynamics 2006 (D. A. Caughey, M. M. Hafez) (z-library.sk, 1lib.sk, z-lib.sk).pdf, id=1402, page=98, 406.03696pt x 643.56435pt>
File: /Volumes/SSD_LPF/sonicSolver/sonicSolver/papers/book/Frontiers of computational fluid dynamics 2006 (D. A. Caughey, M. M. Hafez) (z-library.sk, 1lib.sk, z-lib.sk).pdf Graphic file (type pdf)
<use /Volumes/SSD_LPF/sonicSolver/sonicSolver/papers/book/Frontiers of computational fluid dynamics 2006 (D. A. Caughey, M. M. Hafez) (z-library.sk, 1lib.sk, z-lib.sk).pdf, page 98>
Package luatex.def Info: /Volumes/SSD_LPF/sonicSolver/sonicSolver/papers/book/Frontiers of computational fluid dynamics 2006 (D. A. Caughey, M. M. Hafez) (z-library.sk, 1lib.sk, z-lib.sk).pdf , page98 used on input line 478.
(luatex.def)             Requested size: 435.95395pt x 690.98349pt.
 [197

</Volumes/SSD_LPF/sonicSolver/sonicSolver/papers/book/Frontiers of computational fluid dynamics 2006 (D. A. Caughey, M. M. Hafez) (z-library.sk, 1lib.sk, z-lib.sk).pdf>] [198

]
</Volumes/SSD_LPF/sonicSolver/sonicSolver/papers/book/Frontiers of computational fluid dynamics 2006 (D. A. Caughey, M. M. Hafez) (z-library.sk, 1lib.sk, z-lib.sk).pdf, id=1416, page=99, 402.90524pt x 642.11896pt>
File: /Volumes/SSD_LPF/sonicSolver/sonicSolver/papers/book/Frontiers of computational fluid dynamics 2006 (D. A. Caughey, M. M. Hafez) (z-library.sk, 1lib.sk, z-lib.sk).pdf Graphic file (type pdf)
<use /Volumes/SSD_LPF/sonicSolver/sonicSolver/papers/book/Frontiers of computational fluid dynamics 2006 (D. A. Caughey, M. M. Hafez) (z-library.sk, 1lib.sk, z-lib.sk).pdf, page 99>
Package luatex.def Info: /Volumes/SSD_LPF/sonicSolver/sonicSolver/papers/book/Frontiers of computational fluid dynamics 2006 (D. A. Caughey, M. M. Hafez) (z-library.sk, 1lib.sk, z-lib.sk).pdf , page99 used on input line 482.
(luatex.def)             Requested size: 435.95395pt x 694.83026pt.
 [199

</Volumes/SSD_LPF/sonicSolver/sonicSolver/papers/book/Frontiers of computational fluid dynamics 2006 (D. A. Caughey, M. M. Hafez) (z-library.sk, 1lib.sk, z-lib.sk).pdf>]
第四章
[200



]
</Volumes/SSD_LPF/sonicSolver/sonicSolver/papers/book/Frontiers of computational fluid dynamics 2006 (D. A. Caughey, M. M. Hafez) (z-library.sk, 1lib.sk, z-lib.sk).pdf, id=1430, page=100, 402.90524pt x 642.11896pt>
File: /Volumes/SSD_LPF/sonicSolver/sonicSolver/papers/book/Frontiers of computational fluid dynamics 2006 (D. A. Caughey, M. M. Hafez) (z-library.sk, 1lib.sk, z-lib.sk).pdf Graphic file (type pdf)
<use /Volumes/SSD_LPF/sonicSolver/sonicSolver/papers/book/Frontiers of computational fluid dynamics 2006 (D. A. Caughey, M. M. Hafez) (z-library.sk, 1lib.sk, z-lib.sk).pdf, page 100>
Package luatex.def Info: /Volumes/SSD_LPF/sonicSolver/sonicSolver/papers/book/Frontiers of computational fluid dynamics 2006 (D. A. Caughey, M. M. Hafez) (z-library.sk, 1lib.sk, z-lib.sk).pdf , page100 used on input line 489.
(luatex.def)             Requested size: 435.95395pt x 694.83026pt.
 [201

</Volumes/SSD_LPF/sonicSolver/sonicSolver/papers/book/Frontiers of computational fluid dynamics 2006 (D. A. Caughey, M. M. Hafez) (z-library.sk, 1lib.sk, z-lib.sk).pdf>] [202

]
</Volumes/SSD_LPF/sonicSolver/sonicSolver/papers/book/Frontiers of computational fluid dynamics 2006 (D. A. Caughey, M. M. Hafez) (z-library.sk, 1lib.sk, z-lib.sk).pdf, id=1444, page=101, 404.711pt x 641.9985pt>
File: /Volumes/SSD_LPF/sonicSolver/sonicSolver/papers/book/Frontiers of computational fluid dynamics 2006 (D. A. Caughey, M. M. Hafez) (z-library.sk, 1lib.sk, z-lib.sk).pdf Graphic file (type pdf)
<use /Volumes/SSD_LPF/sonicSolver/sonicSolver/papers/book/Frontiers of computational fluid dynamics 2006 (D. A. Caughey, M. M. Hafez) (z-library.sk, 1lib.sk, z-lib.sk).pdf, page 101>
Package luatex.def Info: /Volumes/SSD_LPF/sonicSolver/sonicSolver/papers/book/Frontiers of computational fluid dynamics 2006 (D. A. Caughey, M. M. Hafez) (z-library.sk, 1lib.sk, z-lib.sk).pdf , page101 used on input line 494.
(luatex.def)             Requested size: 435.95395pt x 691.59456pt.
 [203

</Volumes/SSD_LPF/sonicSolver/sonicSolver/papers/book/Frontiers of computational fluid dynamics 2006 (D. A. Caughey, M. M. Hafez) (z-library.sk, 1lib.sk, z-lib.sk).pdf>] [204

]
</Volumes/SSD_LPF/sonicSolver/sonicSolver/papers/book/Frontiers of computational fluid dynamics 2006 (D. A. Caughey, M. M. Hafez) (z-library.sk, 1lib.sk, z-lib.sk).pdf, id=1459, page=102, 401.5793pt x 640.0703pt>
File: /Volumes/SSD_LPF/sonicSolver/sonicSolver/papers/book/Frontiers of computational fluid dynamics 2006 (D. A. Caughey, M. M. Hafez) (z-library.sk, 1lib.sk, z-lib.sk).pdf Graphic file (type pdf)
<use /Volumes/SSD_LPF/sonicSolver/sonicSolver/papers/book/Frontiers of computational fluid dynamics 2006 (D. A. Caughey, M. M. Hafez) (z-library.sk, 1lib.sk, z-lib.sk).pdf, page 102>
Package luatex.def Info: /Volumes/SSD_LPF/sonicSolver/sonicSolver/papers/book/Frontiers of computational fluid dynamics 2006 (D. A. Caughey, M. M. Hafez) (z-library.sk, 1lib.sk, z-lib.sk).pdf , page102 used on input line 499.
(luatex.def)             Requested size: 435.95395pt x 694.87929pt.
 [205

</Volumes/SSD_LPF/sonicSolver/sonicSolver/papers/book/Frontiers of computational fluid dynamics 2006 (D. A. Caughey, M. M. Hafez) (z-library.sk, 1lib.sk, z-lib.sk).pdf>] [206

]
</Volumes/SSD_LPF/sonicSolver/sonicSolver/papers/book/Frontiers of computational fluid dynamics 2006 (D. A. Caughey, M. M. Hafez) (z-library.sk, 1lib.sk, z-lib.sk).pdf, id=1473, page=103, 407.121pt x 643.4429pt>
File: /Volumes/SSD_LPF/sonicSolver/sonicSolver/papers/book/Frontiers of computational fluid dynamics 2006 (D. A. Caughey, M. M. Hafez) (z-library.sk, 1lib.sk, z-lib.sk).pdf Graphic file (type pdf)
<use /Volumes/SSD_LPF/sonicSolver/sonicSolver/papers/book/Frontiers of computational fluid dynamics 2006 (D. A. Caughey, M. M. Hafez) (z-library.sk, 1lib.sk, z-lib.sk).pdf, page 103>
Package luatex.def Info: /Volumes/SSD_LPF/sonicSolver/sonicSolver/papers/book/Frontiers of computational fluid dynamics 2006 (D. A. Caughey, M. M. Hafez) (z-library.sk, 1lib.sk, z-lib.sk).pdf , page103 used on input line 504.
(luatex.def)             Requested size: 435.95395pt x 689.05638pt.
 [207

</Volumes/SSD_LPF/sonicSolver/sonicSolver/papers/book/Frontiers of computational fluid dynamics 2006 (D. A. Caughey, M. M. Hafez) (z-library.sk, 1lib.sk, z-lib.sk).pdf>] [208

]
</Volumes/SSD_LPF/sonicSolver/sonicSolver/papers/book/Frontiers of computational fluid dynamics 2006 (D. A. Caughey, M. M. Hafez) (z-library.sk, 1lib.sk, z-lib.sk).pdf, id=1487, page=104, 406.51875pt x 644.04515pt>
File: /Volumes/SSD_LPF/sonicSolver/sonicSolver/papers/book/Frontiers of computational fluid dynamics 2006 (D. A. Caughey, M. M. Hafez) (z-library.sk, 1lib.sk, z-lib.sk).pdf Graphic file (type pdf)
<use /Volumes/SSD_LPF/sonicSolver/sonicSolver/papers/book/Frontiers of computational fluid dynamics 2006 (D. A. Caughey, M. M. Hafez) (z-library.sk, 1lib.sk, z-lib.sk).pdf, page 104>
Package luatex.def Info: /Volumes/SSD_LPF/sonicSolver/sonicSolver/papers/book/Frontiers of computational fluid dynamics 2006 (D. A. Caughey, M. M. Hafez) (z-library.sk, 1lib.sk, z-lib.sk).pdf , page104 used on input line 508.
(luatex.def)             Requested size: 435.95395pt x 690.70369pt.
 [209

</Volumes/SSD_LPF/sonicSolver/sonicSolver/papers/book/Frontiers of computational fluid dynamics 2006 (D. A. Caughey, M. M. Hafez) (z-library.sk, 1lib.sk, z-lib.sk).pdf>] [210

]
</Volumes/SSD_LPF/sonicSolver/sonicSolver/papers/book/Frontiers of computational fluid dynamics 2006 (D. A. Caughey, M. M. Hafez) (z-library.sk, 1lib.sk, z-lib.sk).pdf, id=1502, page=105, 404.711pt x 641.75659pt>
File: /Volumes/SSD_LPF/sonicSolver/sonicSolver/papers/book/Frontiers of computational fluid dynamics 2006 (D. A. Caughey, M. M. Hafez) (z-library.sk, 1lib.sk, z-lib.sk).pdf Graphic file (type pdf)
<use /Volumes/SSD_LPF/sonicSolver/sonicSolver/papers/book/Frontiers of computational fluid dynamics 2006 (D. A. Caughey, M. M. Hafez) (z-library.sk, 1lib.sk, z-lib.sk).pdf, page 105>
Package luatex.def Info: /Volumes/SSD_LPF/sonicSolver/sonicSolver/papers/book/Frontiers of computational fluid dynamics 2006 (D. A. Caughey, M. M. Hafez) (z-library.sk, 1lib.sk, z-lib.sk).pdf , page105 used on input line 514.
(luatex.def)             Requested size: 435.95395pt x 691.33395pt.
 [211

</Volumes/SSD_LPF/sonicSolver/sonicSolver/papers/book/Frontiers of computational fluid dynamics 2006 (D. A. Caughey, M. M. Hafez) (z-library.sk, 1lib.sk, z-lib.sk).pdf>] [212

]
</Volumes/SSD_LPF/sonicSolver/sonicSolver/papers/book/Frontiers of computational fluid dynamics 2006 (D. A. Caughey, M. M. Hafez) (z-library.sk, 1lib.sk, z-lib.sk).pdf, id=1515, page=106, 402.7838pt x 640.793pt>
File: /Volumes/SSD_LPF/sonicSolver/sonicSolver/papers/book/Frontiers of computational fluid dynamics 2006 (D. A. Caughey, M. M. Hafez) (z-library.sk, 1lib.sk, z-lib.sk).pdf Graphic file (type pdf)
<use /Volumes/SSD_LPF/sonicSolver/sonicSolver/papers/book/Frontiers of computational fluid dynamics 2006 (D. A. Caughey, M. M. Hafez) (z-library.sk, 1lib.sk, z-lib.sk).pdf, page 106>
Package luatex.def Info: /Volumes/SSD_LPF/sonicSolver/sonicSolver/papers/book/Frontiers of computational fluid dynamics 2006 (D. A. Caughey, M. M. Hafez) (z-library.sk, 1lib.sk, z-lib.sk).pdf , page106 used on input line 518.
(luatex.def)             Requested size: 435.95395pt x 693.56168pt.
 [213

</Volumes/SSD_LPF/sonicSolver/sonicSolver/papers/book/Frontiers of computational fluid dynamics 2006 (D. A. Caughey, M. M. Hafez) (z-library.sk, 1lib.sk, z-lib.sk).pdf>] [214

]
</Volumes/SSD_LPF/sonicSolver/sonicSolver/papers/book/Frontiers of computational fluid dynamics 2006 (D. A. Caughey, M. M. Hafez) (z-library.sk, 1lib.sk, z-lib.sk).pdf, id=1528, page=107, 405.9155pt x 642.2384pt>
File: /Volumes/SSD_LPF/sonicSolver/sonicSolver/papers/book/Frontiers of computational fluid dynamics 2006 (D. A. Caughey, M. M. Hafez) (z-library.sk, 1lib.sk, z-lib.sk).pdf Graphic file (type pdf)
<use /Volumes/SSD_LPF/sonicSolver/sonicSolver/papers/book/Frontiers of computational fluid dynamics 2006 (D. A. Caughey, M. M. Hafez) (z-library.sk, 1lib.sk, z-lib.sk).pdf, page 107>
Package luatex.def Info: /Volumes/SSD_LPF/sonicSolver/sonicSolver/papers/book/Frontiers of computational fluid dynamics 2006 (D. A. Caughey, M. M. Hafez) (z-library.sk, 1lib.sk, z-lib.sk).pdf , page107 used on input line 522.
(luatex.def)             Requested size: 435.95395pt x 689.77544pt.
 [215

</Volumes/SSD_LPF/sonicSolver/sonicSolver/papers/book/Frontiers of computational fluid dynamics 2006 (D. A. Caughey, M. M. Hafez) (z-library.sk, 1lib.sk, z-lib.sk).pdf>] [216

]
</Volumes/SSD_LPF/sonicSolver/sonicSolver/papers/book/Frontiers of computational fluid dynamics 2006 (D. A. Caughey, M. M. Hafez) (z-library.sk, 1lib.sk, z-lib.sk).pdf, id=1541, page=108, 404.711pt x 641.9985pt>
File: /Volumes/SSD_LPF/sonicSolver/sonicSolver/papers/book/Frontiers of computational fluid dynamics 2006 (D. A. Caughey, M. M. Hafez) (z-library.sk, 1lib.sk, z-lib.sk).pdf Graphic file (type pdf)
<use /Volumes/SSD_LPF/sonicSolver/sonicSolver/papers/book/Frontiers of computational fluid dynamics 2006 (D. A. Caughey, M. M. Hafez) (z-library.sk, 1lib.sk, z-lib.sk).pdf, page 108>
Package luatex.def Info: /Volumes/SSD_LPF/sonicSolver/sonicSolver/papers/book/Frontiers of computational fluid dynamics 2006 (D. A. Caughey, M. M. Hafez) (z-library.sk, 1lib.sk, z-lib.sk).pdf , page108 used on input line 526.
(luatex.def)             Requested size: 435.95395pt x 691.59456pt.
 [217

</Volumes/SSD_LPF/sonicSolver/sonicSolver/papers/book/Frontiers of computational fluid dynamics 2006 (D. A. Caughey, M. M. Hafez) (z-library.sk, 1lib.sk, z-lib.sk).pdf>] [218

]
</Volumes/SSD_LPF/sonicSolver/sonicSolver/papers/book/Frontiers of computational fluid dynamics 2006 (D. A. Caughey, M. M. Hafez) (z-library.sk, 1lib.sk, z-lib.sk).pdf, id=1556, page=109, 404.711pt x 641.75659pt>
File: /Volumes/SSD_LPF/sonicSolver/sonicSolver/papers/book/Frontiers of computational fluid dynamics 2006 (D. A. Caughey, M. M. Hafez) (z-library.sk, 1lib.sk, z-lib.sk).pdf Graphic file (type pdf)
<use /Volumes/SSD_LPF/sonicSolver/sonicSolver/papers/book/Frontiers of computational fluid dynamics 2006 (D. A. Caughey, M. M. Hafez) (z-library.sk, 1lib.sk, z-lib.sk).pdf, page 109>
Package luatex.def Info: /Volumes/SSD_LPF/sonicSolver/sonicSolver/papers/book/Frontiers of computational fluid dynamics 2006 (D. A. Caughey, M. M. Hafez) (z-library.sk, 1lib.sk, z-lib.sk).pdf , page109 used on input line 531.
(luatex.def)             Requested size: 435.95395pt x 691.33395pt.
 [219

</Volumes/SSD_LPF/sonicSolver/sonicSolver/papers/book/Frontiers of computational fluid dynamics 2006 (D. A. Caughey, M. M. Hafez) (z-library.sk, 1lib.sk, z-lib.sk).pdf>] [220

]
</Volumes/SSD_LPF/sonicSolver/sonicSolver/papers/book/Frontiers of computational fluid dynamics 2006 (D. A. Caughey, M. M. Hafez) (z-library.sk, 1lib.sk, z-lib.sk).pdf, id=1569, page=110, 402.90524pt x 642.11896pt>
File: /Volumes/SSD_LPF/sonicSolver/sonicSolver/papers/book/Frontiers of computational fluid dynamics 2006 (D. A. Caughey, M. M. Hafez) (z-library.sk, 1lib.sk, z-lib.sk).pdf Graphic file (type pdf)
<use /Volumes/SSD_LPF/sonicSolver/sonicSolver/papers/book/Frontiers of computational fluid dynamics 2006 (D. A. Caughey, M. M. Hafez) (z-library.sk, 1lib.sk, z-lib.sk).pdf, page 110>
Package luatex.def Info: /Volumes/SSD_LPF/sonicSolver/sonicSolver/papers/book/Frontiers of computational fluid dynamics 2006 (D. A. Caughey, M. M. Hafez) (z-library.sk, 1lib.sk, z-lib.sk).pdf , page110 used on input line 535.
(luatex.def)             Requested size: 435.95395pt x 694.83026pt.
 [221

</Volumes/SSD_LPF/sonicSolver/sonicSolver/papers/book/Frontiers of computational fluid dynamics 2006 (D. A. Caughey, M. M. Hafez) (z-library.sk, 1lib.sk, z-lib.sk).pdf>]
Missing character: There is no 幷 (U+5E77) in font [FandolSong-Regular.otf]:mode=node;script=latn;language=dflt;jfm=zh_CN/{quanjiao}!
Missing character: There is no 幷 (U+5E77) in font [FandolSong-Regular.otf]:mode=node;script=latn;language=dflt;jfm=zh_CN/{quanjiao}!
[222


Missing character: There is no 幷 (U+5E77) in font [FandolSong-Regular.otf]:mode=node;script=latn;language=dflt;jfm=zh_CN/{quanjiao}!
]
</Volumes/SSD_LPF/sonicSolver/sonicSolver/papers/book/Frontiers of computational fluid dynamics 2006 (D. A. Caughey, M. M. Hafez) (z-library.sk, 1lib.sk, z-lib.sk).pdf, id=1582, page=111, 406.03696pt x 643.80424pt>
File: /Volumes/SSD_LPF/sonicSolver/sonicSolver/papers/book/Frontiers of computational fluid dynamics 2006 (D. A. Caughey, M. M. Hafez) (z-library.sk, 1lib.sk, z-lib.sk).pdf Graphic file (type pdf)
<use /Volumes/SSD_LPF/sonicSolver/sonicSolver/papers/book/Frontiers of computational fluid dynamics 2006 (D. A. Caughey, M. M. Hafez) (z-library.sk, 1lib.sk, z-lib.sk).pdf, page 111>
Package luatex.def Info: /Volumes/SSD_LPF/sonicSolver/sonicSolver/papers/book/Frontiers of computational fluid dynamics 2006 (D. A. Caughey, M. M. Hafez) (z-library.sk, 1lib.sk, z-lib.sk).pdf , page111 used on input line 539.
(luatex.def)             Requested size: 435.95395pt x 691.24106pt.
 [223

</Volumes/SSD_LPF/sonicSolver/sonicSolver/papers/book/Frontiers of computational fluid dynamics 2006 (D. A. Caughey, M. M. Hafez) (z-library.sk, 1lib.sk, z-lib.sk).pdf>] [224

]
</Volumes/SSD_LPF/sonicSolver/sonicSolver/papers/book/Frontiers of computational fluid dynamics 2006 (D. A. Caughey, M. M. Hafez) (z-library.sk, 1lib.sk, z-lib.sk).pdf, id=1596, page=112, 401.5793pt x 640.0703pt>
File: /Volumes/SSD_LPF/sonicSolver/sonicSolver/papers/book/Frontiers of computational fluid dynamics 2006 (D. A. Caughey, M. M. Hafez) (z-library.sk, 1lib.sk, z-lib.sk).pdf Graphic file (type pdf)
<use /Volumes/SSD_LPF/sonicSolver/sonicSolver/papers/book/Frontiers of computational fluid dynamics 2006 (D. A. Caughey, M. M. Hafez) (z-library.sk, 1lib.sk, z-lib.sk).pdf, page 112>
Package luatex.def Info: /Volumes/SSD_LPF/sonicSolver/sonicSolver/papers/book/Frontiers of computational fluid dynamics 2006 (D. A. Caughey, M. M. Hafez) (z-library.sk, 1lib.sk, z-lib.sk).pdf , page112 used on input line 543.
(luatex.def)             Requested size: 435.95395pt x 694.87929pt.
 [225

</Volumes/SSD_LPF/sonicSolver/sonicSolver/papers/book/Frontiers of computational fluid dynamics 2006 (D. A. Caughey, M. M. Hafez) (z-library.sk, 1lib.sk, z-lib.sk).pdf>] [226

]
</Volumes/SSD_LPF/sonicSolver/sonicSolver/papers/book/Frontiers of computational fluid dynamics 2006 (D. A. Caughey, M. M. Hafez) (z-library.sk, 1lib.sk, z-lib.sk).pdf, id=1610, page=113, 406.51875pt x 643.80424pt>
File: /Volumes/SSD_LPF/sonicSolver/sonicSolver/papers/book/Frontiers of computational fluid dynamics 2006 (D. A. Caughey, M. M. Hafez) (z-library.sk, 1lib.sk, z-lib.sk).pdf Graphic file (type pdf)
<use /Volumes/SSD_LPF/sonicSolver/sonicSolver/papers/book/Frontiers of computational fluid dynamics 2006 (D. A. Caughey, M. M. Hafez) (z-library.sk, 1lib.sk, z-lib.sk).pdf, page 113>
Package luatex.def Info: /Volumes/SSD_LPF/sonicSolver/sonicSolver/papers/book/Frontiers of computational fluid dynamics 2006 (D. A. Caughey, M. M. Hafez) (z-library.sk, 1lib.sk, z-lib.sk).pdf , page113 used on input line 548.
(luatex.def)             Requested size: 435.95395pt x 690.44534pt.
 [227

</Volumes/SSD_LPF/sonicSolver/sonicSolver/papers/book/Frontiers of computational fluid dynamics 2006 (D. A. Caughey, M. M. Hafez) (z-library.sk, 1lib.sk, z-lib.sk).pdf>] [228

]
</Volumes/SSD_LPF/sonicSolver/sonicSolver/papers/book/Frontiers of computational fluid dynamics 2006 (D. A. Caughey, M. M. Hafez) (z-library.sk, 1lib.sk, z-lib.sk).pdf, id=1625, page=114, 408.44495pt x 645.25066pt>
File: /Volumes/SSD_LPF/sonicSolver/sonicSolver/papers/book/Frontiers of computational fluid dynamics 2006 (D. A. Caughey, M. M. Hafez) (z-library.sk, 1lib.sk, z-lib.sk).pdf Graphic file (type pdf)
<use /Volumes/SSD_LPF/sonicSolver/sonicSolver/papers/book/Frontiers of computational fluid dynamics 2006 (D. A. Caughey, M. M. Hafez) (z-library.sk, 1lib.sk, z-lib.sk).pdf, page 114>
Package luatex.def Info: /Volumes/SSD_LPF/sonicSolver/sonicSolver/papers/book/Frontiers of computational fluid dynamics 2006 (D. A. Caughey, M. M. Hafez) (z-library.sk, 1lib.sk, z-lib.sk).pdf , page114 used on input line 553.
(luatex.def)             Requested size: 435.95395pt x 688.71791pt.
 [229

</Volumes/SSD_LPF/sonicSolver/sonicSolver/papers/book/Frontiers of computational fluid dynamics 2006 (D. A. Caughey, M. M. Hafez) (z-library.sk, 1lib.sk, z-lib.sk).pdf>] [230

]
</Volumes/SSD_LPF/sonicSolver/sonicSolver/papers/book/Frontiers of computational fluid dynamics 2006 (D. A. Caughey, M. M. Hafez) (z-library.sk, 1lib.sk, z-lib.sk).pdf, id=1638, page=115, 401.5793pt x 640.0703pt>
File: /Volumes/SSD_LPF/sonicSolver/sonicSolver/papers/book/Frontiers of computational fluid dynamics 2006 (D. A. Caughey, M. M. Hafez) (z-library.sk, 1lib.sk, z-lib.sk).pdf Graphic file (type pdf)
<use /Volumes/SSD_LPF/sonicSolver/sonicSolver/papers/book/Frontiers of computational fluid dynamics 2006 (D. A. Caughey, M. M. Hafez) (z-library.sk, 1lib.sk, z-lib.sk).pdf, page 115>
Package luatex.def Info: /Volumes/SSD_LPF/sonicSolver/sonicSolver/papers/book/Frontiers of computational fluid dynamics 2006 (D. A. Caughey, M. M. Hafez) (z-library.sk, 1lib.sk, z-lib.sk).pdf , page115 used on input line 557.
(luatex.def)             Requested size: 435.95395pt x 694.87929pt.
 [231

</Volumes/SSD_LPF/sonicSolver/sonicSolver/papers/book/Frontiers of computational fluid dynamics 2006 (D. A. Caughey, M. M. Hafez) (z-library.sk, 1lib.sk, z-lib.sk).pdf>]
第五章
[232



]
</Volumes/SSD_LPF/sonicSolver/sonicSolver/papers/book/Frontiers of computational fluid dynamics 2006 (D. A. Caughey, M. M. Hafez) (z-library.sk, 1lib.sk, z-lib.sk).pdf, id=1652, page=116, 402.90524pt x 642.11896pt>
File: /Volumes/SSD_LPF/sonicSolver/sonicSolver/papers/book/Frontiers of computational fluid dynamics 2006 (D. A. Caughey, M. M. Hafez) (z-library.sk, 1lib.sk, z-lib.sk).pdf Graphic file (type pdf)
<use /Volumes/SSD_LPF/sonicSolver/sonicSolver/papers/book/Frontiers of computational fluid dynamics 2006 (D. A. Caughey, M. M. Hafez) (z-library.sk, 1lib.sk, z-lib.sk).pdf, page 116>
Package luatex.def Info: /Volumes/SSD_LPF/sonicSolver/sonicSolver/papers/book/Frontiers of computational fluid dynamics 2006 (D. A. Caughey, M. M. Hafez) (z-library.sk, 1lib.sk, z-lib.sk).pdf , page116 used on input line 564.
(luatex.def)             Requested size: 435.95395pt x 694.83026pt.
 [233

</Volumes/SSD_LPF/sonicSolver/sonicSolver/papers/book/Frontiers of computational fluid dynamics 2006 (D. A. Caughey, M. M. Hafez) (z-library.sk, 1lib.sk, z-lib.sk).pdf>] [234

]
</Volumes/SSD_LPF/sonicSolver/sonicSolver/papers/book/Frontiers of computational fluid dynamics 2006 (D. A. Caughey, M. M. Hafez) (z-library.sk, 1lib.sk, z-lib.sk).pdf, id=1666, page=117, 407.96315pt x 644.28705pt>
File: /Volumes/SSD_LPF/sonicSolver/sonicSolver/papers/book/Frontiers of computational fluid dynamics 2006 (D. A. Caughey, M. M. Hafez) (z-library.sk, 1lib.sk, z-lib.sk).pdf Graphic file (type pdf)
<use /Volumes/SSD_LPF/sonicSolver/sonicSolver/papers/book/Frontiers of computational fluid dynamics 2006 (D. A. Caughey, M. M. Hafez) (z-library.sk, 1lib.sk, z-lib.sk).pdf, page 117>
Package luatex.def Info: /Volumes/SSD_LPF/sonicSolver/sonicSolver/papers/book/Frontiers of computational fluid dynamics 2006 (D. A. Caughey, M. M. Hafez) (z-library.sk, 1lib.sk, z-lib.sk).pdf , page117 used on input line 569.
(luatex.def)             Requested size: 435.95395pt x 688.52504pt.
 [235

</Volumes/SSD_LPF/sonicSolver/sonicSolver/papers/book/Frontiers of computational fluid dynamics 2006 (D. A. Caughey, M. M. Hafez) (z-library.sk, 1lib.sk, z-lib.sk).pdf>] [236

]
</Volumes/SSD_LPF/sonicSolver/sonicSolver/papers/book/Frontiers of computational fluid dynamics 2006 (D. A. Caughey, M. M. Hafez) (z-library.sk, 1lib.sk, z-lib.sk).pdf, id=1679, page=118, 406.03696pt x 644.04515pt>
File: /Volumes/SSD_LPF/sonicSolver/sonicSolver/papers/book/Frontiers of computational fluid dynamics 2006 (D. A. Caughey, M. M. Hafez) (z-library.sk, 1lib.sk, z-lib.sk).pdf Graphic file (type pdf)
<use /Volumes/SSD_LPF/sonicSolver/sonicSolver/papers/book/Frontiers of computational fluid dynamics 2006 (D. A. Caughey, M. M. Hafez) (z-library.sk, 1lib.sk, z-lib.sk).pdf, page 118>
Package luatex.def Info: /Volumes/SSD_LPF/sonicSolver/sonicSolver/papers/book/Frontiers of computational fluid dynamics 2006 (D. A. Caughey, M. M. Hafez) (z-library.sk, 1lib.sk, z-lib.sk).pdf , page118 used on input line 573.
(luatex.def)             Requested size: 435.95395pt x 691.49971pt.
 [237

</Volumes/SSD_LPF/sonicSolver/sonicSolver/papers/book/Frontiers of computational fluid dynamics 2006 (D. A. Caughey, M. M. Hafez) (z-library.sk, 1lib.sk, z-lib.sk).pdf>] [238

]
</Volumes/SSD_LPF/sonicSolver/sonicSolver/papers/book/Frontiers of computational fluid dynamics 2006 (D. A. Caughey, M. M. Hafez) (z-library.sk, 1lib.sk, z-lib.sk).pdf, id=1697, page=119, 402.90524pt x 642.11896pt>
File: /Volumes/SSD_LPF/sonicSolver/sonicSolver/papers/book/Frontiers of computational fluid dynamics 2006 (D. A. Caughey, M. M. Hafez) (z-library.sk, 1lib.sk, z-lib.sk).pdf Graphic file (type pdf)
<use /Volumes/SSD_LPF/sonicSolver/sonicSolver/papers/book/Frontiers of computational fluid dynamics 2006 (D. A. Caughey, M. M. Hafez) (z-library.sk, 1lib.sk, z-lib.sk).pdf, page 119>
Package luatex.def Info: /Volumes/SSD_LPF/sonicSolver/sonicSolver/papers/book/Frontiers of computational fluid dynamics 2006 (D. A. Caughey, M. M. Hafez) (z-library.sk, 1lib.sk, z-lib.sk).pdf , page119 used on input line 577.
(luatex.def)             Requested size: 435.95395pt x 694.83026pt.
 [239

</Volumes/SSD_LPF/sonicSolver/sonicSolver/papers/book/Frontiers of computational fluid dynamics 2006 (D. A. Caughey, M. M. Hafez) (z-library.sk, 1lib.sk, z-lib.sk).pdf>] [240

]
</Volumes/SSD_LPF/sonicSolver/sonicSolver/papers/book/Frontiers of computational fluid dynamics 2006 (D. A. Caughey, M. M. Hafez) (z-library.sk, 1lib.sk, z-lib.sk).pdf, id=1712, page=120, 402.90524pt x 642.11896pt>
File: /Volumes/SSD_LPF/sonicSolver/sonicSolver/papers/book/Frontiers of computational fluid dynamics 2006 (D. A. Caughey, M. M. Hafez) (z-library.sk, 1lib.sk, z-lib.sk).pdf Graphic file (type pdf)
<use /Volumes/SSD_LPF/sonicSolver/sonicSolver/papers/book/Frontiers of computational fluid dynamics 2006 (D. A. Caughey, M. M. Hafez) (z-library.sk, 1lib.sk, z-lib.sk).pdf, page 120>
Package luatex.def Info: /Volumes/SSD_LPF/sonicSolver/sonicSolver/papers/book/Frontiers of computational fluid dynamics 2006 (D. A. Caughey, M. M. Hafez) (z-library.sk, 1lib.sk, z-lib.sk).pdf , page120 used on input line 583.
(luatex.def)             Requested size: 435.95395pt x 694.83026pt.
 [241

</Volumes/SSD_LPF/sonicSolver/sonicSolver/papers/book/Frontiers of computational fluid dynamics 2006 (D. A. Caughey, M. M. Hafez) (z-library.sk, 1lib.sk, z-lib.sk).pdf>] [242

]
</Volumes/SSD_LPF/sonicSolver/sonicSolver/papers/book/Frontiers of computational fluid dynamics 2006 (D. A. Caughey, M. M. Hafez) (z-library.sk, 1lib.sk, z-lib.sk).pdf, id=1727, page=121, 402.90524pt x 642.11896pt>
File: /Volumes/SSD_LPF/sonicSolver/sonicSolver/papers/book/Frontiers of computational fluid dynamics 2006 (D. A. Caughey, M. M. Hafez) (z-library.sk, 1lib.sk, z-lib.sk).pdf Graphic file (type pdf)
<use /Volumes/SSD_LPF/sonicSolver/sonicSolver/papers/book/Frontiers of computational fluid dynamics 2006 (D. A. Caughey, M. M. Hafez) (z-library.sk, 1lib.sk, z-lib.sk).pdf, page 121>
Package luatex.def Info: /Volumes/SSD_LPF/sonicSolver/sonicSolver/papers/book/Frontiers of computational fluid dynamics 2006 (D. A. Caughey, M. M. Hafez) (z-library.sk, 1lib.sk, z-lib.sk).pdf , page121 used on input line 589.
(luatex.def)             Requested size: 435.95395pt x 694.83026pt.
 [243

</Volumes/SSD_LPF/sonicSolver/sonicSolver/papers/book/Frontiers of computational fluid dynamics 2006 (D. A. Caughey, M. M. Hafez) (z-library.sk, 1lib.sk, z-lib.sk).pdf>] [244

]
</Volumes/SSD_LPF/sonicSolver/sonicSolver/papers/book/Frontiers of computational fluid dynamics 2006 (D. A. Caughey, M. M. Hafez) (z-library.sk, 1lib.sk, z-lib.sk).pdf, id=1741, page=122, 401.5793pt x 640.0703pt>
File: /Volumes/SSD_LPF/sonicSolver/sonicSolver/papers/book/Frontiers of computational fluid dynamics 2006 (D. A. Caughey, M. M. Hafez) (z-library.sk, 1lib.sk, z-lib.sk).pdf Graphic file (type pdf)
<use /Volumes/SSD_LPF/sonicSolver/sonicSolver/papers/book/Frontiers of computational fluid dynamics 2006 (D. A. Caughey, M. M. Hafez) (z-library.sk, 1lib.sk, z-lib.sk).pdf, page 122>
Package luatex.def Info: /Volumes/SSD_LPF/sonicSolver/sonicSolver/papers/book/Frontiers of computational fluid dynamics 2006 (D. A. Caughey, M. M. Hafez) (z-library.sk, 1lib.sk, z-lib.sk).pdf , page122 used on input line 593.
(luatex.def)             Requested size: 435.95395pt x 694.87929pt.
 [245

</Volumes/SSD_LPF/sonicSolver/sonicSolver/papers/book/Frontiers of computational fluid dynamics 2006 (D. A. Caughey, M. M. Hafez) (z-library.sk, 1lib.sk, z-lib.sk).pdf>] [246

]
</Volumes/SSD_LPF/sonicSolver/sonicSolver/papers/book/Frontiers of computational fluid dynamics 2006 (D. A. Caughey, M. M. Hafez) (z-library.sk, 1lib.sk, z-lib.sk).pdf, id=1761, page=123, 404.711pt x 641.9985pt>
File: /Volumes/SSD_LPF/sonicSolver/sonicSolver/papers/book/Frontiers of computational fluid dynamics 2006 (D. A. Caughey, M. M. Hafez) (z-library.sk, 1lib.sk, z-lib.sk).pdf Graphic file (type pdf)
<use /Volumes/SSD_LPF/sonicSolver/sonicSolver/papers/book/Frontiers of computational fluid dynamics 2006 (D. A. Caughey, M. M. Hafez) (z-library.sk, 1lib.sk, z-lib.sk).pdf, page 123>
Package luatex.def Info: /Volumes/SSD_LPF/sonicSolver/sonicSolver/papers/book/Frontiers of computational fluid dynamics 2006 (D. A. Caughey, M. M. Hafez) (z-library.sk, 1lib.sk, z-lib.sk).pdf , page123 used on input line 599.
(luatex.def)             Requested size: 435.95395pt x 691.59456pt.
 [247

</Volumes/SSD_LPF/sonicSolver/sonicSolver/papers/book/Frontiers of computational fluid dynamics 2006 (D. A. Caughey, M. M. Hafez) (z-library.sk, 1lib.sk, z-lib.sk).pdf>] [248



] [249]
</Volumes/SSD_LPF/sonicSolver/sonicSolver/papers/book/Frontiers of computational fluid dynamics 2006 (D. A. Caughey, M. M. Hafez) (z-library.sk, 1lib.sk, z-lib.sk).pdf, id=1780, page=124, 404.711pt x 641.9985pt>
File: /Volumes/SSD_LPF/sonicSolver/sonicSolver/papers/book/Frontiers of computational fluid dynamics 2006 (D. A. Caughey, M. M. Hafez) (z-library.sk, 1lib.sk, z-lib.sk).pdf Graphic file (type pdf)
<use /Volumes/SSD_LPF/sonicSolver/sonicSolver/papers/book/Frontiers of computational fluid dynamics 2006 (D. A. Caughey, M. M. Hafez) (z-library.sk, 1lib.sk, z-lib.sk).pdf, page 124>
Package luatex.def Info: /Volumes/SSD_LPF/sonicSolver/sonicSolver/papers/book/Frontiers of computational fluid dynamics 2006 (D. A. Caughey, M. M. Hafez) (z-library.sk, 1lib.sk, z-lib.sk).pdf , page124 used on input line 605.
(luatex.def)             Requested size: 435.95395pt x 691.59456pt.
 [250

</Volumes/SSD_LPF/sonicSolver/sonicSolver/papers/book/Frontiers of computational fluid dynamics 2006 (D. A. Caughey, M. M. Hafez) (z-library.sk, 1lib.sk, z-lib.sk).pdf>] [251

]
</Volumes/SSD_LPF/sonicSolver/sonicSolver/papers/book/Frontiers of computational fluid dynamics 2006 (D. A. Caughey, M. M. Hafez) (z-library.sk, 1lib.sk, z-lib.sk).pdf, id=1793, page=125, 402.90524pt x 642.11896pt>
File: /Volumes/SSD_LPF/sonicSolver/sonicSolver/papers/book/Frontiers of computational fluid dynamics 2006 (D. A. Caughey, M. M. Hafez) (z-library.sk, 1lib.sk, z-lib.sk).pdf Graphic file (type pdf)
<use /Volumes/SSD_LPF/sonicSolver/sonicSolver/papers/book/Frontiers of computational fluid dynamics 2006 (D. A. Caughey, M. M. Hafez) (z-library.sk, 1lib.sk, z-lib.sk).pdf, page 125>
Package luatex.def Info: /Volumes/SSD_LPF/sonicSolver/sonicSolver/papers/book/Frontiers of computational fluid dynamics 2006 (D. A. Caughey, M. M. Hafez) (z-library.sk, 1lib.sk, z-lib.sk).pdf , page125 used on input line 609.
(luatex.def)             Requested size: 435.95395pt x 694.83026pt.
 [252

</Volumes/SSD_LPF/sonicSolver/sonicSolver/papers/book/Frontiers of computational fluid dynamics 2006 (D. A. Caughey, M. M. Hafez) (z-library.sk, 1lib.sk, z-lib.sk).pdf>]
第六章
[253



]
</Volumes/SSD_LPF/sonicSolver/sonicSolver/papers/book/Frontiers of computational fluid dynamics 2006 (D. A. Caughey, M. M. Hafez) (z-library.sk, 1lib.sk, z-lib.sk).pdf, id=1807, page=126, 406.03696pt x 643.80424pt>
File: /Volumes/SSD_LPF/sonicSolver/sonicSolver/papers/book/Frontiers of computational fluid dynamics 2006 (D. A. Caughey, M. M. Hafez) (z-library.sk, 1lib.sk, z-lib.sk).pdf Graphic file (type pdf)
<use /Volumes/SSD_LPF/sonicSolver/sonicSolver/papers/book/Frontiers of computational fluid dynamics 2006 (D. A. Caughey, M. M. Hafez) (z-library.sk, 1lib.sk, z-lib.sk).pdf, page 126>
Package luatex.def Info: /Volumes/SSD_LPF/sonicSolver/sonicSolver/papers/book/Frontiers of computational fluid dynamics 2006 (D. A. Caughey, M. M. Hafez) (z-library.sk, 1lib.sk, z-lib.sk).pdf , page126 used on input line 616.
(luatex.def)             Requested size: 435.95395pt x 691.24106pt.
 [254

</Volumes/SSD_LPF/sonicSolver/sonicSolver/papers/book/Frontiers of computational fluid dynamics 2006 (D. A. Caughey, M. M. Hafez) (z-library.sk, 1lib.sk, z-lib.sk).pdf>] [255

]
</Volumes/SSD_LPF/sonicSolver/sonicSolver/papers/book/Frontiers of computational fluid dynamics 2006 (D. A. Caughey, M. M. Hafez) (z-library.sk, 1lib.sk, z-lib.sk).pdf, id=1821, page=127, 406.03696pt x 643.80424pt>
File: /Volumes/SSD_LPF/sonicSolver/sonicSolver/papers/book/Frontiers of computational fluid dynamics 2006 (D. A. Caughey, M. M. Hafez) (z-library.sk, 1lib.sk, z-lib.sk).pdf Graphic file (type pdf)
<use /Volumes/SSD_LPF/sonicSolver/sonicSolver/papers/book/Frontiers of computational fluid dynamics 2006 (D. A. Caughey, M. M. Hafez) (z-library.sk, 1lib.sk, z-lib.sk).pdf, page 127>
Package luatex.def Info: /Volumes/SSD_LPF/sonicSolver/sonicSolver/papers/book/Frontiers of computational fluid dynamics 2006 (D. A. Caughey, M. M. Hafez) (z-library.sk, 1lib.sk, z-lib.sk).pdf , page127 used on input line 621.
(luatex.def)             Requested size: 435.95395pt x 691.24106pt.
 [256

</Volumes/SSD_LPF/sonicSolver/sonicSolver/papers/book/Frontiers of computational fluid dynamics 2006 (D. A. Caughey, M. M. Hafez) (z-library.sk, 1lib.sk, z-lib.sk).pdf>] [257

]
</Volumes/SSD_LPF/sonicSolver/sonicSolver/papers/book/Frontiers of computational fluid dynamics 2006 (D. A. Caughey, M. M. Hafez) (z-library.sk, 1lib.sk, z-lib.sk).pdf, id=1835, page=128, 401.5793pt x 640.0703pt>
File: /Volumes/SSD_LPF/sonicSolver/sonicSolver/papers/book/Frontiers of computational fluid dynamics 2006 (D. A. Caughey, M. M. Hafez) (z-library.sk, 1lib.sk, z-lib.sk).pdf Graphic file (type pdf)
<use /Volumes/SSD_LPF/sonicSolver/sonicSolver/papers/book/Frontiers of computational fluid dynamics 2006 (D. A. Caughey, M. M. Hafez) (z-library.sk, 1lib.sk, z-lib.sk).pdf, page 128>
Package luatex.def Info: /Volumes/SSD_LPF/sonicSolver/sonicSolver/papers/book/Frontiers of computational fluid dynamics 2006 (D. A. Caughey, M. M. Hafez) (z-library.sk, 1lib.sk, z-lib.sk).pdf , page128 used on input line 625.
(luatex.def)             Requested size: 435.95395pt x 694.87929pt.
 [258

</Volumes/SSD_LPF/sonicSolver/sonicSolver/papers/book/Frontiers of computational fluid dynamics 2006 (D. A. Caughey, M. M. Hafez) (z-library.sk, 1lib.sk, z-lib.sk).pdf>] [259

]
</Volumes/SSD_LPF/sonicSolver/sonicSolver/papers/book/Frontiers of computational fluid dynamics 2006 (D. A. Caughey, M. M. Hafez) (z-library.sk, 1lib.sk, z-lib.sk).pdf, id=1848, page=129, 404.59155pt x 643.32245pt>
File: /Volumes/SSD_LPF/sonicSolver/sonicSolver/papers/book/Frontiers of computational fluid dynamics 2006 (D. A. Caughey, M. M. Hafez) (z-library.sk, 1lib.sk, z-lib.sk).pdf Graphic file (type pdf)
<use /Volumes/SSD_LPF/sonicSolver/sonicSolver/papers/book/Frontiers of computational fluid dynamics 2006 (D. A. Caughey, M. M. Hafez) (z-library.sk, 1lib.sk, z-lib.sk).pdf, page 129>
Package luatex.def Info: /Volumes/SSD_LPF/sonicSolver/sonicSolver/papers/book/Frontiers of computational fluid dynamics 2006 (D. A. Caughey, M. M. Hafez) (z-library.sk, 1lib.sk, z-lib.sk).pdf , page129 used on input line 629.
(luatex.def)             Requested size: 435.95395pt x 693.23674pt.
 [260

</Volumes/SSD_LPF/sonicSolver/sonicSolver/papers/book/Frontiers of computational fluid dynamics 2006 (D. A. Caughey, M. M. Hafez) (z-library.sk, 1lib.sk, z-lib.sk).pdf>] [261

]
</Volumes/SSD_LPF/sonicSolver/sonicSolver/papers/book/Frontiers of computational fluid dynamics 2006 (D. A. Caughey, M. M. Hafez) (z-library.sk, 1lib.sk, z-lib.sk).pdf, id=1861, page=130, 405.31325pt x 643.56435pt>
File: /Volumes/SSD_LPF/sonicSolver/sonicSolver/papers/book/Frontiers of computational fluid dynamics 2006 (D. A. Caughey, M. M. Hafez) (z-library.sk, 1lib.sk, z-lib.sk).pdf Graphic file (type pdf)
<use /Volumes/SSD_LPF/sonicSolver/sonicSolver/papers/book/Frontiers of computational fluid dynamics 2006 (D. A. Caughey, M. M. Hafez) (z-library.sk, 1lib.sk, z-lib.sk).pdf, page 130>
Package luatex.def Info: /Volumes/SSD_LPF/sonicSolver/sonicSolver/papers/book/Frontiers of computational fluid dynamics 2006 (D. A. Caughey, M. M. Hafez) (z-library.sk, 1lib.sk, z-lib.sk).pdf , page130 used on input line 633.
(luatex.def)             Requested size: 435.95395pt x 692.26009pt.
 [262

</Volumes/SSD_LPF/sonicSolver/sonicSolver/papers/book/Frontiers of computational fluid dynamics 2006 (D. A. Caughey, M. M. Hafez) (z-library.sk, 1lib.sk, z-lib.sk).pdf>] [263

]
</Volumes/SSD_LPF/sonicSolver/sonicSolver/papers/book/Frontiers of computational fluid dynamics 2006 (D. A. Caughey, M. M. Hafez) (z-library.sk, 1lib.sk, z-lib.sk).pdf, id=1875, page=131, 401.5793pt x 640.0703pt>
File: /Volumes/SSD_LPF/sonicSolver/sonicSolver/papers/book/Frontiers of computational fluid dynamics 2006 (D. A. Caughey, M. M. Hafez) (z-library.sk, 1lib.sk, z-lib.sk).pdf Graphic file (type pdf)
<use /Volumes/SSD_LPF/sonicSolver/sonicSolver/papers/book/Frontiers of computational fluid dynamics 2006 (D. A. Caughey, M. M. Hafez) (z-library.sk, 1lib.sk, z-lib.sk).pdf, page 131>
Package luatex.def Info: /Volumes/SSD_LPF/sonicSolver/sonicSolver/papers/book/Frontiers of computational fluid dynamics 2006 (D. A. Caughey, M. M. Hafez) (z-library.sk, 1lib.sk, z-lib.sk).pdf , page131 used on input line 638.
(luatex.def)             Requested size: 435.95395pt x 694.87929pt.
 [264

</Volumes/SSD_LPF/sonicSolver/sonicSolver/papers/book/Frontiers of computational fluid dynamics 2006 (D. A. Caughey, M. M. Hafez) (z-library.sk, 1lib.sk, z-lib.sk).pdf>] [265

]
</Volumes/SSD_LPF/sonicSolver/sonicSolver/papers/book/Frontiers of computational fluid dynamics 2006 (D. A. Caughey, M. M. Hafez) (z-library.sk, 1lib.sk, z-lib.sk).pdf, id=1888, page=132, 404.10875pt x 642.84065pt>
File: /Volumes/SSD_LPF/sonicSolver/sonicSolver/papers/book/Frontiers of computational fluid dynamics 2006 (D. A. Caughey, M. M. Hafez) (z-library.sk, 1lib.sk, z-lib.sk).pdf Graphic file (type pdf)
<use /Volumes/SSD_LPF/sonicSolver/sonicSolver/papers/book/Frontiers of computational fluid dynamics 2006 (D. A. Caughey, M. M. Hafez) (z-library.sk, 1lib.sk, z-lib.sk).pdf, page 132>
Package luatex.def Info: /Volumes/SSD_LPF/sonicSolver/sonicSolver/papers/book/Frontiers of computational fluid dynamics 2006 (D. A. Caughey, M. M. Hafez) (z-library.sk, 1lib.sk, z-lib.sk).pdf , page132 used on input line 642.
(luatex.def)             Requested size: 435.95395pt x 693.5219pt.
 [266

</Volumes/SSD_LPF/sonicSolver/sonicSolver/papers/book/Frontiers of computational fluid dynamics 2006 (D. A. Caughey, M. M. Hafez) (z-library.sk, 1lib.sk, z-lib.sk).pdf>] [267

]
</Volumes/SSD_LPF/sonicSolver/sonicSolver/papers/book/Frontiers of computational fluid dynamics 2006 (D. A. Caughey, M. M. Hafez) (z-library.sk, 1lib.sk, z-lib.sk).pdf, id=1904, page=133, 403.38705pt x 642.35884pt>
File: /Volumes/SSD_LPF/sonicSolver/sonicSolver/papers/book/Frontiers of computational fluid dynamics 2006 (D. A. Caughey, M. M. Hafez) (z-library.sk, 1lib.sk, z-lib.sk).pdf Graphic file (type pdf)
<use /Volumes/SSD_LPF/sonicSolver/sonicSolver/papers/book/Frontiers of computational fluid dynamics 2006 (D. A. Caughey, M. M. Hafez) (z-library.sk, 1lib.sk, z-lib.sk).pdf, page 133>
Package luatex.def Info: /Volumes/SSD_LPF/sonicSolver/sonicSolver/papers/book/Frontiers of computational fluid dynamics 2006 (D. A. Caughey, M. M. Hafez) (z-library.sk, 1lib.sk, z-lib.sk).pdf , page133 used on input line 647.
(luatex.def)             Requested size: 435.95395pt x 694.2371pt.
 [268

</Volumes/SSD_LPF/sonicSolver/sonicSolver/papers/book/Frontiers of computational fluid dynamics 2006 (D. A. Caughey, M. M. Hafez) (z-library.sk, 1lib.sk, z-lib.sk).pdf>] [269

]
</Volumes/SSD_LPF/sonicSolver/sonicSolver/papers/book/Frontiers of computational fluid dynamics 2006 (D. A. Caughey, M. M. Hafez) (z-library.sk, 1lib.sk, z-lib.sk).pdf, id=1917, page=134, 404.59155pt x 643.32245pt>
File: /Volumes/SSD_LPF/sonicSolver/sonicSolver/papers/book/Frontiers of computational fluid dynamics 2006 (D. A. Caughey, M. M. Hafez) (z-library.sk, 1lib.sk, z-lib.sk).pdf Graphic file (type pdf)
<use /Volumes/SSD_LPF/sonicSolver/sonicSolver/papers/book/Frontiers of computational fluid dynamics 2006 (D. A. Caughey, M. M. Hafez) (z-library.sk, 1lib.sk, z-lib.sk).pdf, page 134>
Package luatex.def Info: /Volumes/SSD_LPF/sonicSolver/sonicSolver/papers/book/Frontiers of computational fluid dynamics 2006 (D. A. Caughey, M. M. Hafez) (z-library.sk, 1lib.sk, z-lib.sk).pdf , page134 used on input line 651.
(luatex.def)             Requested size: 435.95395pt x 693.23674pt.
 [270

</Volumes/SSD_LPF/sonicSolver/sonicSolver/papers/book/Frontiers of computational fluid dynamics 2006 (D. A. Caughey, M. M. Hafez) (z-library.sk, 1lib.sk, z-lib.sk).pdf>] [271

]
</Volumes/SSD_LPF/sonicSolver/sonicSolver/papers/book/Frontiers of computational fluid dynamics 2006 (D. A. Caughey, M. M. Hafez) (z-library.sk, 1lib.sk, z-lib.sk).pdf, id=1930, page=135, 401.5793pt x 640.0703pt>
File: /Volumes/SSD_LPF/sonicSolver/sonicSolver/papers/book/Frontiers of computational fluid dynamics 2006 (D. A. Caughey, M. M. Hafez) (z-library.sk, 1lib.sk, z-lib.sk).pdf Graphic file (type pdf)
<use /Volumes/SSD_LPF/sonicSolver/sonicSolver/papers/book/Frontiers of computational fluid dynamics 2006 (D. A. Caughey, M. M. Hafez) (z-library.sk, 1lib.sk, z-lib.sk).pdf, page 135>
Package luatex.def Info: /Volumes/SSD_LPF/sonicSolver/sonicSolver/papers/book/Frontiers of computational fluid dynamics 2006 (D. A. Caughey, M. M. Hafez) (z-library.sk, 1lib.sk, z-lib.sk).pdf , page135 used on input line 655.
(luatex.def)             Requested size: 435.95395pt x 694.87929pt.
 [272

</Volumes/SSD_LPF/sonicSolver/sonicSolver/papers/book/Frontiers of computational fluid dynamics 2006 (D. A. Caughey, M. M. Hafez) (z-library.sk, 1lib.sk, z-lib.sk).pdf>] [273

]
</Volumes/SSD_LPF/sonicSolver/sonicSolver/papers/book/Frontiers of computational fluid dynamics 2006 (D. A. Caughey, M. M. Hafez) (z-library.sk, 1lib.sk, z-lib.sk).pdf, id=1969, page=136, 404.10875pt x 642.84065pt>
File: /Volumes/SSD_LPF/sonicSolver/sonicSolver/papers/book/Frontiers of computational fluid dynamics 2006 (D. A. Caughey, M. M. Hafez) (z-library.sk, 1lib.sk, z-lib.sk).pdf Graphic file (type pdf)
<use /Volumes/SSD_LPF/sonicSolver/sonicSolver/papers/book/Frontiers of computational fluid dynamics 2006 (D. A. Caughey, M. M. Hafez) (z-library.sk, 1lib.sk, z-lib.sk).pdf, page 136>
Package luatex.def Info: /Volumes/SSD_LPF/sonicSolver/sonicSolver/papers/book/Frontiers of computational fluid dynamics 2006 (D. A. Caughey, M. M. Hafez) (z-library.sk, 1lib.sk, z-lib.sk).pdf , page136 used on input line 659.
(luatex.def)             Requested size: 435.95395pt x 693.5219pt.
 [274

</Volumes/SSD_LPF/sonicSolver/sonicSolver/papers/book/Frontiers of computational fluid dynamics 2006 (D. A. Caughey, M. M. Hafez) (z-library.sk, 1lib.sk, z-lib.sk).pdf>] [275

]
</Volumes/SSD_LPF/sonicSolver/sonicSolver/papers/book/Frontiers of computational fluid dynamics 2006 (D. A. Caughey, M. M. Hafez) (z-library.sk, 1lib.sk, z-lib.sk).pdf, id=1982, page=137, 404.10875pt x 642.84065pt>
File: /Volumes/SSD_LPF/sonicSolver/sonicSolver/papers/book/Frontiers of computational fluid dynamics 2006 (D. A. Caughey, M. M. Hafez) (z-library.sk, 1lib.sk, z-lib.sk).pdf Graphic file (type pdf)
<use /Volumes/SSD_LPF/sonicSolver/sonicSolver/papers/book/Frontiers of computational fluid dynamics 2006 (D. A. Caughey, M. M. Hafez) (z-library.sk, 1lib.sk, z-lib.sk).pdf, page 137>
Package luatex.def Info: /Volumes/SSD_LPF/sonicSolver/sonicSolver/papers/book/Frontiers of computational fluid dynamics 2006 (D. A. Caughey, M. M. Hafez) (z-library.sk, 1lib.sk, z-lib.sk).pdf , page137 used on input line 663.
(luatex.def)             Requested size: 435.95395pt x 693.5219pt.
 [276

</Volumes/SSD_LPF/sonicSolver/sonicSolver/papers/book/Frontiers of computational fluid dynamics 2006 (D. A. Caughey, M. M. Hafez) (z-library.sk, 1lib.sk, z-lib.sk).pdf>] [277

]
</Volumes/SSD_LPF/sonicSolver/sonicSolver/papers/book/Frontiers of computational fluid dynamics 2006 (D. A. Caughey, M. M. Hafez) (z-library.sk, 1lib.sk, z-lib.sk).pdf, id=1996, page=138, 410.9754pt x 644.88829pt>
File: /Volumes/SSD_LPF/sonicSolver/sonicSolver/papers/book/Frontiers of computational fluid dynamics 2006 (D. A. Caughey, M. M. Hafez) (z-library.sk, 1lib.sk, z-lib.sk).pdf Graphic file (type pdf)
<use /Volumes/SSD_LPF/sonicSolver/sonicSolver/papers/book/Frontiers of computational fluid dynamics 2006 (D. A. Caughey, M. M. Hafez) (z-library.sk, 1lib.sk, z-lib.sk).pdf, page 138>
Package luatex.def Info: /Volumes/SSD_LPF/sonicSolver/sonicSolver/papers/book/Frontiers of computational fluid dynamics 2006 (D. A. Caughey, M. M. Hafez) (z-library.sk, 1lib.sk, z-lib.sk).pdf , page138 used on input line 667.
(luatex.def)             Requested size: 435.95395pt x 684.09003pt.
 [278

</Volumes/SSD_LPF/sonicSolver/sonicSolver/papers/book/Frontiers of computational fluid dynamics 2006 (D. A. Caughey, M. M. Hafez) (z-library.sk, 1lib.sk, z-lib.sk).pdf>] [279

]
</Volumes/SSD_LPF/sonicSolver/sonicSolver/papers/book/Frontiers of computational fluid dynamics 2006 (D. A. Caughey, M. M. Hafez) (z-library.sk, 1lib.sk, z-lib.sk).pdf, id=2010, page=139, 402.90524pt x 642.11896pt>
File: /Volumes/SSD_LPF/sonicSolver/sonicSolver/papers/book/Frontiers of computational fluid dynamics 2006 (D. A. Caughey, M. M. Hafez) (z-library.sk, 1lib.sk, z-lib.sk).pdf Graphic file (type pdf)
<use /Volumes/SSD_LPF/sonicSolver/sonicSolver/papers/book/Frontiers of computational fluid dynamics 2006 (D. A. Caughey, M. M. Hafez) (z-library.sk, 1lib.sk, z-lib.sk).pdf, page 139>
Package luatex.def Info: /Volumes/SSD_LPF/sonicSolver/sonicSolver/papers/book/Frontiers of computational fluid dynamics 2006 (D. A. Caughey, M. M. Hafez) (z-library.sk, 1lib.sk, z-lib.sk).pdf , page139 used on input line 672.
(luatex.def)             Requested size: 435.95395pt x 694.83026pt.
 [280

</Volumes/SSD_LPF/sonicSolver/sonicSolver/papers/book/Frontiers of computational fluid dynamics 2006 (D. A. Caughey, M. M. Hafez) (z-library.sk, 1lib.sk, z-lib.sk).pdf>] [281

]
</Volumes/SSD_LPF/sonicSolver/sonicSolver/papers/book/Frontiers of computational fluid dynamics 2006 (D. A. Caughey, M. M. Hafez) (z-library.sk, 1lib.sk, z-lib.sk).pdf, id=2023, page=140, 402.90524pt x 642.11896pt>
File: /Volumes/SSD_LPF/sonicSolver/sonicSolver/papers/book/Frontiers of computational fluid dynamics 2006 (D. A. Caughey, M. M. Hafez) (z-library.sk, 1lib.sk, z-lib.sk).pdf Graphic file (type pdf)
<use /Volumes/SSD_LPF/sonicSolver/sonicSolver/papers/book/Frontiers of computational fluid dynamics 2006 (D. A. Caughey, M. M. Hafez) (z-library.sk, 1lib.sk, z-lib.sk).pdf, page 140>
Package luatex.def Info: /Volumes/SSD_LPF/sonicSolver/sonicSolver/papers/book/Frontiers of computational fluid dynamics 2006 (D. A. Caughey, M. M. Hafez) (z-library.sk, 1lib.sk, z-lib.sk).pdf , page140 used on input line 676.
(luatex.def)             Requested size: 435.95395pt x 694.83026pt.
 [282

</Volumes/SSD_LPF/sonicSolver/sonicSolver/papers/book/Frontiers of computational fluid dynamics 2006 (D. A. Caughey, M. M. Hafez) (z-library.sk, 1lib.sk, z-lib.sk).pdf>] [283

]
</Volumes/SSD_LPF/sonicSolver/sonicSolver/papers/book/Frontiers of computational fluid dynamics 2006 (D. A. Caughey, M. M. Hafez) (z-library.sk, 1lib.sk, z-lib.sk).pdf, id=2036, page=141, 404.10875pt x 642.84065pt>
File: /Volumes/SSD_LPF/sonicSolver/sonicSolver/papers/book/Frontiers of computational fluid dynamics 2006 (D. A. Caughey, M. M. Hafez) (z-library.sk, 1lib.sk, z-lib.sk).pdf Graphic file (type pdf)
<use /Volumes/SSD_LPF/sonicSolver/sonicSolver/papers/book/Frontiers of computational fluid dynamics 2006 (D. A. Caughey, M. M. Hafez) (z-library.sk, 1lib.sk, z-lib.sk).pdf, page 141>
Package luatex.def Info: /Volumes/SSD_LPF/sonicSolver/sonicSolver/papers/book/Frontiers of computational fluid dynamics 2006 (D. A. Caughey, M. M. Hafez) (z-library.sk, 1lib.sk, z-lib.sk).pdf , page141 used on input line 680.
(luatex.def)             Requested size: 435.95395pt x 693.5219pt.
 [284

</Volumes/SSD_LPF/sonicSolver/sonicSolver/papers/book/Frontiers of computational fluid dynamics 2006 (D. A. Caughey, M. M. Hafez) (z-library.sk, 1lib.sk, z-lib.sk).pdf>] [285

]
</Volumes/SSD_LPF/sonicSolver/sonicSolver/papers/book/Frontiers of computational fluid dynamics 2006 (D. A. Caughey, M. M. Hafez) (z-library.sk, 1lib.sk, z-lib.sk).pdf, id=2070, page=142, 402.90524pt x 642.11896pt>
File: /Volumes/SSD_LPF/sonicSolver/sonicSolver/papers/book/Frontiers of computational fluid dynamics 2006 (D. A. Caughey, M. M. Hafez) (z-library.sk, 1lib.sk, z-lib.sk).pdf Graphic file (type pdf)
<use /Volumes/SSD_LPF/sonicSolver/sonicSolver/papers/book/Frontiers of computational fluid dynamics 2006 (D. A. Caughey, M. M. Hafez) (z-library.sk, 1lib.sk, z-lib.sk).pdf, page 142>
Package luatex.def Info: /Volumes/SSD_LPF/sonicSolver/sonicSolver/papers/book/Frontiers of computational fluid dynamics 2006 (D. A. Caughey, M. M. Hafez) (z-library.sk, 1lib.sk, z-lib.sk).pdf , page142 used on input line 685.
(luatex.def)             Requested size: 435.95395pt x 694.83026pt.
 [286

</Volumes/SSD_LPF/sonicSolver/sonicSolver/papers/book/Frontiers of computational fluid dynamics 2006 (D. A. Caughey, M. M. Hafez) (z-library.sk, 1lib.sk, z-lib.sk).pdf>] [287

]
</Volumes/SSD_LPF/sonicSolver/sonicSolver/papers/book/Frontiers of computational fluid dynamics 2006 (D. A. Caughey, M. M. Hafez) (z-library.sk, 1lib.sk, z-lib.sk).pdf, id=2085, page=143, 404.10875pt x 642.84065pt>
File: /Volumes/SSD_LPF/sonicSolver/sonicSolver/papers/book/Frontiers of computational fluid dynamics 2006 (D. A. Caughey, M. M. Hafez) (z-library.sk, 1lib.sk, z-lib.sk).pdf Graphic file (type pdf)
<use /Volumes/SSD_LPF/sonicSolver/sonicSolver/papers/book/Frontiers of computational fluid dynamics 2006 (D. A. Caughey, M. M. Hafez) (z-library.sk, 1lib.sk, z-lib.sk).pdf, page 143>
Package luatex.def Info: /Volumes/SSD_LPF/sonicSolver/sonicSolver/papers/book/Frontiers of computational fluid dynamics 2006 (D. A. Caughey, M. M. Hafez) (z-library.sk, 1lib.sk, z-lib.sk).pdf , page143 used on input line 689.
(luatex.def)             Requested size: 435.95395pt x 693.5219pt.
 [288

</Volumes/SSD_LPF/sonicSolver/sonicSolver/papers/book/Frontiers of computational fluid dynamics 2006 (D. A. Caughey, M. M. Hafez) (z-library.sk, 1lib.sk, z-lib.sk).pdf>] [289

]
</Volumes/SSD_LPF/sonicSolver/sonicSolver/papers/book/Frontiers of computational fluid dynamics 2006 (D. A. Caughey, M. M. Hafez) (z-library.sk, 1lib.sk, z-lib.sk).pdf, id=2098, page=144, 403.38705pt x 642.35884pt>
File: /Volumes/SSD_LPF/sonicSolver/sonicSolver/papers/book/Frontiers of computational fluid dynamics 2006 (D. A. Caughey, M. M. Hafez) (z-library.sk, 1lib.sk, z-lib.sk).pdf Graphic file (type pdf)
<use /Volumes/SSD_LPF/sonicSolver/sonicSolver/papers/book/Frontiers of computational fluid dynamics 2006 (D. A. Caughey, M. M. Hafez) (z-library.sk, 1lib.sk, z-lib.sk).pdf, page 144>
Package luatex.def Info: /Volumes/SSD_LPF/sonicSolver/sonicSolver/papers/book/Frontiers of computational fluid dynamics 2006 (D. A. Caughey, M. M. Hafez) (z-library.sk, 1lib.sk, z-lib.sk).pdf , page144 used on input line 693.
(luatex.def)             Requested size: 435.95395pt x 694.2371pt.
 [290

</Volumes/SSD_LPF/sonicSolver/sonicSolver/papers/book/Frontiers of computational fluid dynamics 2006 (D. A. Caughey, M. M. Hafez) (z-library.sk, 1lib.sk, z-lib.sk).pdf>] [291

]
</Volumes/SSD_LPF/sonicSolver/sonicSolver/papers/book/Frontiers of computational fluid dynamics 2006 (D. A. Caughey, M. M. Hafez) (z-library.sk, 1lib.sk, z-lib.sk).pdf, id=2112, page=145, 406.03696pt x 643.80424pt>
File: /Volumes/SSD_LPF/sonicSolver/sonicSolver/papers/book/Frontiers of computational fluid dynamics 2006 (D. A. Caughey, M. M. Hafez) (z-library.sk, 1lib.sk, z-lib.sk).pdf Graphic file (type pdf)
<use /Volumes/SSD_LPF/sonicSolver/sonicSolver/papers/book/Frontiers of computational fluid dynamics 2006 (D. A. Caughey, M. M. Hafez) (z-library.sk, 1lib.sk, z-lib.sk).pdf, page 145>
Package luatex.def Info: /Volumes/SSD_LPF/sonicSolver/sonicSolver/papers/book/Frontiers of computational fluid dynamics 2006 (D. A. Caughey, M. M. Hafez) (z-library.sk, 1lib.sk, z-lib.sk).pdf , page145 used on input line 698.
(luatex.def)             Requested size: 435.95395pt x 691.24106pt.
 [292

</Volumes/SSD_LPF/sonicSolver/sonicSolver/papers/book/Frontiers of computational fluid dynamics 2006 (D. A. Caughey, M. M. Hafez) (z-library.sk, 1lib.sk, z-lib.sk).pdf>] [293

]
</Volumes/SSD_LPF/sonicSolver/sonicSolver/papers/book/Frontiers of computational fluid dynamics 2006 (D. A. Caughey, M. M. Hafez) (z-library.sk, 1lib.sk, z-lib.sk).pdf, id=2125, page=146, 402.90524pt x 642.11896pt>
File: /Volumes/SSD_LPF/sonicSolver/sonicSolver/papers/book/Frontiers of computational fluid dynamics 2006 (D. A. Caughey, M. M. Hafez) (z-library.sk, 1lib.sk, z-lib.sk).pdf Graphic file (type pdf)
<use /Volumes/SSD_LPF/sonicSolver/sonicSolver/papers/book/Frontiers of computational fluid dynamics 2006 (D. A. Caughey, M. M. Hafez) (z-library.sk, 1lib.sk, z-lib.sk).pdf, page 146>
Package luatex.def Info: /Volumes/SSD_LPF/sonicSolver/sonicSolver/papers/book/Frontiers of computational fluid dynamics 2006 (D. A. Caughey, M. M. Hafez) (z-library.sk, 1lib.sk, z-lib.sk).pdf , page146 used on input line 702.
(luatex.def)             Requested size: 435.95395pt x 694.83026pt.
 [294

</Volumes/SSD_LPF/sonicSolver/sonicSolver/papers/book/Frontiers of computational fluid dynamics 2006 (D. A. Caughey, M. M. Hafez) (z-library.sk, 1lib.sk, z-lib.sk).pdf>] [295

]
</Volumes/SSD_LPF/sonicSolver/sonicSolver/papers/book/Frontiers of computational fluid dynamics 2006 (D. A. Caughey, M. M. Hafez) (z-library.sk, 1lib.sk, z-lib.sk).pdf, id=2138, page=147, 401.5793pt x 640.0703pt>
File: /Volumes/SSD_LPF/sonicSolver/sonicSolver/papers/book/Frontiers of computational fluid dynamics 2006 (D. A. Caughey, M. M. Hafez) (z-library.sk, 1lib.sk, z-lib.sk).pdf Graphic file (type pdf)
<use /Volumes/SSD_LPF/sonicSolver/sonicSolver/papers/book/Frontiers of computational fluid dynamics 2006 (D. A. Caughey, M. M. Hafez) (z-library.sk, 1lib.sk, z-lib.sk).pdf, page 147>
Package luatex.def Info: /Volumes/SSD_LPF/sonicSolver/sonicSolver/papers/book/Frontiers of computational fluid dynamics 2006 (D. A. Caughey, M. M. Hafez) (z-library.sk, 1lib.sk, z-lib.sk).pdf , page147 used on input line 706.
(luatex.def)             Requested size: 435.95395pt x 694.87929pt.
 [296

</Volumes/SSD_LPF/sonicSolver/sonicSolver/papers/book/Frontiers of computational fluid dynamics 2006 (D. A. Caughey, M. M. Hafez) (z-library.sk, 1lib.sk, z-lib.sk).pdf>]
第七章
[297



]
</Volumes/SSD_LPF/sonicSolver/sonicSolver/papers/book/Frontiers of computational fluid dynamics 2006 (D. A. Caughey, M. M. Hafez) (z-library.sk, 1lib.sk, z-lib.sk).pdf, id=2153, page=148, 406.03696pt x 643.56435pt>
File: /Volumes/SSD_LPF/sonicSolver/sonicSolver/papers/book/Frontiers of computational fluid dynamics 2006 (D. A. Caughey, M. M. Hafez) (z-library.sk, 1lib.sk, z-lib.sk).pdf Graphic file (type pdf)
<use /Volumes/SSD_LPF/sonicSolver/sonicSolver/papers/book/Frontiers of computational fluid dynamics 2006 (D. A. Caughey, M. M. Hafez) (z-library.sk, 1lib.sk, z-lib.sk).pdf, page 148>
Package luatex.def Info: /Volumes/SSD_LPF/sonicSolver/sonicSolver/papers/book/Frontiers of computational fluid dynamics 2006 (D. A. Caughey, M. M. Hafez) (z-library.sk, 1lib.sk, z-lib.sk).pdf , page148 used on input line 713.
(luatex.def)             Requested size: 435.95395pt x 690.98349pt.
 [298

</Volumes/SSD_LPF/sonicSolver/sonicSolver/papers/book/Frontiers of computational fluid dynamics 2006 (D. A. Caughey, M. M. Hafez) (z-library.sk, 1lib.sk, z-lib.sk).pdf>] [299

]
</Volumes/SSD_LPF/sonicSolver/sonicSolver/papers/book/Frontiers of computational fluid dynamics 2006 (D. A. Caughey, M. M. Hafez) (z-library.sk, 1lib.sk, z-lib.sk).pdf, id=2167, page=149, 402.0611pt x 640.3112pt>
File: /Volumes/SSD_LPF/sonicSolver/sonicSolver/papers/book/Frontiers of computational fluid dynamics 2006 (D. A. Caughey, M. M. Hafez) (z-library.sk, 1lib.sk, z-lib.sk).pdf Graphic file (type pdf)
<use /Volumes/SSD_LPF/sonicSolver/sonicSolver/papers/book/Frontiers of computational fluid dynamics 2006 (D. A. Caughey, M. M. Hafez) (z-library.sk, 1lib.sk, z-lib.sk).pdf, page 149>
Package luatex.def Info: /Volumes/SSD_LPF/sonicSolver/sonicSolver/papers/book/Frontiers of computational fluid dynamics 2006 (D. A. Caughey, M. M. Hafez) (z-library.sk, 1lib.sk, z-lib.sk).pdf , page149 used on input line 718.
(luatex.def)             Requested size: 435.95395pt x 694.32988pt.
 [300

</Volumes/SSD_LPF/sonicSolver/sonicSolver/papers/book/Frontiers of computational fluid dynamics 2006 (D. A. Caughey, M. M. Hafez) (z-library.sk, 1lib.sk, z-lib.sk).pdf>] [301

]
</Volumes/SSD_LPF/sonicSolver/sonicSolver/papers/book/Frontiers of computational fluid dynamics 2006 (D. A. Caughey, M. M. Hafez) (z-library.sk, 1lib.sk, z-lib.sk).pdf, id=2181, page=150, 402.90524pt x 642.11896pt>
File: /Volumes/SSD_LPF/sonicSolver/sonicSolver/papers/book/Frontiers of computational fluid dynamics 2006 (D. A. Caughey, M. M. Hafez) (z-library.sk, 1lib.sk, z-lib.sk).pdf Graphic file (type pdf)
<use /Volumes/SSD_LPF/sonicSolver/sonicSolver/papers/book/Frontiers of computational fluid dynamics 2006 (D. A. Caughey, M. M. Hafez) (z-library.sk, 1lib.sk, z-lib.sk).pdf, page 150>
Package luatex.def Info: /Volumes/SSD_LPF/sonicSolver/sonicSolver/papers/book/Frontiers of computational fluid dynamics 2006 (D. A. Caughey, M. M. Hafez) (z-library.sk, 1lib.sk, z-lib.sk).pdf , page150 used on input line 723.
(luatex.def)             Requested size: 435.95395pt x 694.83026pt.
 [302

</Volumes/SSD_LPF/sonicSolver/sonicSolver/papers/book/Frontiers of computational fluid dynamics 2006 (D. A. Caughey, M. M. Hafez) (z-library.sk, 1lib.sk, z-lib.sk).pdf>] [303

]
</Volumes/SSD_LPF/sonicSolver/sonicSolver/papers/book/Frontiers of computational fluid dynamics 2006 (D. A. Caughey, M. M. Hafez) (z-library.sk, 1lib.sk, z-lib.sk).pdf, id=2195, page=151, 404.711pt x 641.5167pt>
File: /Volumes/SSD_LPF/sonicSolver/sonicSolver/papers/book/Frontiers of computational fluid dynamics 2006 (D. A. Caughey, M. M. Hafez) (z-library.sk, 1lib.sk, z-lib.sk).pdf Graphic file (type pdf)
<use /Volumes/SSD_LPF/sonicSolver/sonicSolver/papers/book/Frontiers of computational fluid dynamics 2006 (D. A. Caughey, M. M. Hafez) (z-library.sk, 1lib.sk, z-lib.sk).pdf, page 151>
Package luatex.def Info: /Volumes/SSD_LPF/sonicSolver/sonicSolver/papers/book/Frontiers of computational fluid dynamics 2006 (D. A. Caughey, M. M. Hafez) (z-library.sk, 1lib.sk, z-lib.sk).pdf , page151 used on input line 728.
(luatex.def)             Requested size: 435.95395pt x 691.07553pt.
 [304

</Volumes/SSD_LPF/sonicSolver/sonicSolver/papers/book/Frontiers of computational fluid dynamics 2006 (D. A. Caughey, M. M. Hafez) (z-library.sk, 1lib.sk, z-lib.sk).pdf>] [305

]
</Volumes/SSD_LPF/sonicSolver/sonicSolver/papers/book/Frontiers of computational fluid dynamics 2006 (D. A. Caughey, M. M. Hafez) (z-library.sk, 1lib.sk, z-lib.sk).pdf, id=2208, page=152, 404.59155pt x 643.32245pt>
File: /Volumes/SSD_LPF/sonicSolver/sonicSolver/papers/book/Frontiers of computational fluid dynamics 2006 (D. A. Caughey, M. M. Hafez) (z-library.sk, 1lib.sk, z-lib.sk).pdf Graphic file (type pdf)
<use /Volumes/SSD_LPF/sonicSolver/sonicSolver/papers/book/Frontiers of computational fluid dynamics 2006 (D. A. Caughey, M. M. Hafez) (z-library.sk, 1lib.sk, z-lib.sk).pdf, page 152>
Package luatex.def Info: /Volumes/SSD_LPF/sonicSolver/sonicSolver/papers/book/Frontiers of computational fluid dynamics 2006 (D. A. Caughey, M. M. Hafez) (z-library.sk, 1lib.sk, z-lib.sk).pdf , page152 used on input line 732.
(luatex.def)             Requested size: 435.95395pt x 693.23674pt.
 [306

</Volumes/SSD_LPF/sonicSolver/sonicSolver/papers/book/Frontiers of computational fluid dynamics 2006 (D. A. Caughey, M. M. Hafez) (z-library.sk, 1lib.sk, z-lib.sk).pdf>] [307

]
</Volumes/SSD_LPF/sonicSolver/sonicSolver/papers/book/Frontiers of computational fluid dynamics 2006 (D. A. Caughey, M. M. Hafez) (z-library.sk, 1lib.sk, z-lib.sk).pdf, id=2223, page=153, 407.96315pt x 644.28705pt>
File: /Volumes/SSD_LPF/sonicSolver/sonicSolver/papers/book/Frontiers of computational fluid dynamics 2006 (D. A. Caughey, M. M. Hafez) (z-library.sk, 1lib.sk, z-lib.sk).pdf Graphic file (type pdf)
<use /Volumes/SSD_LPF/sonicSolver/sonicSolver/papers/book/Frontiers of computational fluid dynamics 2006 (D. A. Caughey, M. M. Hafez) (z-library.sk, 1lib.sk, z-lib.sk).pdf, page 153>
Package luatex.def Info: /Volumes/SSD_LPF/sonicSolver/sonicSolver/papers/book/Frontiers of computational fluid dynamics 2006 (D. A. Caughey, M. M. Hafez) (z-library.sk, 1lib.sk, z-lib.sk).pdf , page153 used on input line 737.
(luatex.def)             Requested size: 435.95395pt x 688.52504pt.
 [308

</Volumes/SSD_LPF/sonicSolver/sonicSolver/papers/book/Frontiers of computational fluid dynamics 2006 (D. A. Caughey, M. M. Hafez) (z-library.sk, 1lib.sk, z-lib.sk).pdf>] [309

]
</Volumes/SSD_LPF/sonicSolver/sonicSolver/papers/book/Frontiers of computational fluid dynamics 2006 (D. A. Caughey, M. M. Hafez) (z-library.sk, 1lib.sk, z-lib.sk).pdf, id=2239, page=154, 402.90524pt x 642.11896pt>
File: /Volumes/SSD_LPF/sonicSolver/sonicSolver/papers/book/Frontiers of computational fluid dynamics 2006 (D. A. Caughey, M. M. Hafez) (z-library.sk, 1lib.sk, z-lib.sk).pdf Graphic file (type pdf)
<use /Volumes/SSD_LPF/sonicSolver/sonicSolver/papers/book/Frontiers of computational fluid dynamics 2006 (D. A. Caughey, M. M. Hafez) (z-library.sk, 1lib.sk, z-lib.sk).pdf, page 154>
Package luatex.def Info: /Volumes/SSD_LPF/sonicSolver/sonicSolver/papers/book/Frontiers of computational fluid dynamics 2006 (D. A. Caughey, M. M. Hafez) (z-library.sk, 1lib.sk, z-lib.sk).pdf , page154 used on input line 743.
(luatex.def)             Requested size: 435.95395pt x 694.83026pt.
 [310

</Volumes/SSD_LPF/sonicSolver/sonicSolver/papers/book/Frontiers of computational fluid dynamics 2006 (D. A. Caughey, M. M. Hafez) (z-library.sk, 1lib.sk, z-lib.sk).pdf>] [311

]
</Volumes/SSD_LPF/sonicSolver/sonicSolver/papers/book/Frontiers of computational fluid dynamics 2006 (D. A. Caughey, M. M. Hafez) (z-library.sk, 1lib.sk, z-lib.sk).pdf, id=2252, page=155, 404.10875pt x 642.84065pt>
File: /Volumes/SSD_LPF/sonicSolver/sonicSolver/papers/book/Frontiers of computational fluid dynamics 2006 (D. A. Caughey, M. M. Hafez) (z-library.sk, 1lib.sk, z-lib.sk).pdf Graphic file (type pdf)
<use /Volumes/SSD_LPF/sonicSolver/sonicSolver/papers/book/Frontiers of computational fluid dynamics 2006 (D. A. Caughey, M. M. Hafez) (z-library.sk, 1lib.sk, z-lib.sk).pdf, page 155>
Package luatex.def Info: /Volumes/SSD_LPF/sonicSolver/sonicSolver/papers/book/Frontiers of computational fluid dynamics 2006 (D. A. Caughey, M. M. Hafez) (z-library.sk, 1lib.sk, z-lib.sk).pdf , page155 used on input line 747.
(luatex.def)             Requested size: 435.95395pt x 693.5219pt.
 [312

</Volumes/SSD_LPF/sonicSolver/sonicSolver/papers/book/Frontiers of computational fluid dynamics 2006 (D. A. Caughey, M. M. Hafez) (z-library.sk, 1lib.sk, z-lib.sk).pdf>] [313

]
</Volumes/SSD_LPF/sonicSolver/sonicSolver/papers/book/Frontiers of computational fluid dynamics 2006 (D. A. Caughey, M. M. Hafez) (z-library.sk, 1lib.sk, z-lib.sk).pdf, id=2267, page=156, 401.5793pt x 640.0703pt>
File: /Volumes/SSD_LPF/sonicSolver/sonicSolver/papers/book/Frontiers of computational fluid dynamics 2006 (D. A. Caughey, M. M. Hafez) (z-library.sk, 1lib.sk, z-lib.sk).pdf Graphic file (type pdf)
<use /Volumes/SSD_LPF/sonicSolver/sonicSolver/papers/book/Frontiers of computational fluid dynamics 2006 (D. A. Caughey, M. M. Hafez) (z-library.sk, 1lib.sk, z-lib.sk).pdf, page 156>
Package luatex.def Info: /Volumes/SSD_LPF/sonicSolver/sonicSolver/papers/book/Frontiers of computational fluid dynamics 2006 (D. A. Caughey, M. M. Hafez) (z-library.sk, 1lib.sk, z-lib.sk).pdf , page156 used on input line 753.
(luatex.def)             Requested size: 435.95395pt x 694.87929pt.
 [314

</Volumes/SSD_LPF/sonicSolver/sonicSolver/papers/book/Frontiers of computational fluid dynamics 2006 (D. A. Caughey, M. M. Hafez) (z-library.sk, 1lib.sk, z-lib.sk).pdf>] [315

]
</Volumes/SSD_LPF/sonicSolver/sonicSolver/papers/book/Frontiers of computational fluid dynamics 2006 (D. A. Caughey, M. M. Hafez) (z-library.sk, 1lib.sk, z-lib.sk).pdf, id=2280, page=157, 401.5793pt x 640.0703pt>
File: /Volumes/SSD_LPF/sonicSolver/sonicSolver/papers/book/Frontiers of computational fluid dynamics 2006 (D. A. Caughey, M. M. Hafez) (z-library.sk, 1lib.sk, z-lib.sk).pdf Graphic file (type pdf)
<use /Volumes/SSD_LPF/sonicSolver/sonicSolver/papers/book/Frontiers of computational fluid dynamics 2006 (D. A. Caughey, M. M. Hafez) (z-library.sk, 1lib.sk, z-lib.sk).pdf, page 157>
Package luatex.def Info: /Volumes/SSD_LPF/sonicSolver/sonicSolver/papers/book/Frontiers of computational fluid dynamics 2006 (D. A. Caughey, M. M. Hafez) (z-library.sk, 1lib.sk, z-lib.sk).pdf , page157 used on input line 757.
(luatex.def)             Requested size: 435.95395pt x 694.87929pt.
 [316

</Volumes/SSD_LPF/sonicSolver/sonicSolver/papers/book/Frontiers of computational fluid dynamics 2006 (D. A. Caughey, M. M. Hafez) (z-library.sk, 1lib.sk, z-lib.sk).pdf>] [317

]
</Volumes/SSD_LPF/sonicSolver/sonicSolver/papers/book/Frontiers of computational fluid dynamics 2006 (D. A. Caughey, M. M. Hafez) (z-library.sk, 1lib.sk, z-lib.sk).pdf, id=2340, page=158, 402.90524pt x 642.11896pt>
File: /Volumes/SSD_LPF/sonicSolver/sonicSolver/papers/book/Frontiers of computational fluid dynamics 2006 (D. A. Caughey, M. M. Hafez) (z-library.sk, 1lib.sk, z-lib.sk).pdf Graphic file (type pdf)
<use /Volumes/SSD_LPF/sonicSolver/sonicSolver/papers/book/Frontiers of computational fluid dynamics 2006 (D. A. Caughey, M. M. Hafez) (z-library.sk, 1lib.sk, z-lib.sk).pdf, page 158>
Package luatex.def Info: /Volumes/SSD_LPF/sonicSolver/sonicSolver/papers/book/Frontiers of computational fluid dynamics 2006 (D. A. Caughey, M. M. Hafez) (z-library.sk, 1lib.sk, z-lib.sk).pdf , page158 used on input line 762.
(luatex.def)             Requested size: 435.95395pt x 694.83026pt.
 [318

</Volumes/SSD_LPF/sonicSolver/sonicSolver/papers/book/Frontiers of computational fluid dynamics 2006 (D. A. Caughey, M. M. Hafez) (z-library.sk, 1lib.sk, z-lib.sk).pdf>] [319

]
</Volumes/SSD_LPF/sonicSolver/sonicSolver/papers/book/Frontiers of computational fluid dynamics 2006 (D. A. Caughey, M. M. Hafez) (z-library.sk, 1lib.sk, z-lib.sk).pdf, id=2353, page=159, 401.5793pt x 640.0703pt>
File: /Volumes/SSD_LPF/sonicSolver/sonicSolver/papers/book/Frontiers of computational fluid dynamics 2006 (D. A. Caughey, M. M. Hafez) (z-library.sk, 1lib.sk, z-lib.sk).pdf Graphic file (type pdf)
<use /Volumes/SSD_LPF/sonicSolver/sonicSolver/papers/book/Frontiers of computational fluid dynamics 2006 (D. A. Caughey, M. M. Hafez) (z-library.sk, 1lib.sk, z-lib.sk).pdf, page 159>
Package luatex.def Info: /Volumes/SSD_LPF/sonicSolver/sonicSolver/papers/book/Frontiers of computational fluid dynamics 2006 (D. A. Caughey, M. M. Hafez) (z-library.sk, 1lib.sk, z-lib.sk).pdf , page159 used on input line 766.
(luatex.def)             Requested size: 435.95395pt x 694.87929pt.
 [320

</Volumes/SSD_LPF/sonicSolver/sonicSolver/papers/book/Frontiers of computational fluid dynamics 2006 (D. A. Caughey, M. M. Hafez) (z-library.sk, 1lib.sk, z-lib.sk).pdf>] [321

]
</Volumes/SSD_LPF/sonicSolver/sonicSolver/papers/book/Frontiers of computational fluid dynamics 2006 (D. A. Caughey, M. M. Hafez) (z-library.sk, 1lib.sk, z-lib.sk).pdf, id=2404, page=160, 406.03696pt x 643.56435pt>
File: /Volumes/SSD_LPF/sonicSolver/sonicSolver/papers/book/Frontiers of computational fluid dynamics 2006 (D. A. Caughey, M. M. Hafez) (z-library.sk, 1lib.sk, z-lib.sk).pdf Graphic file (type pdf)
<use /Volumes/SSD_LPF/sonicSolver/sonicSolver/papers/book/Frontiers of computational fluid dynamics 2006 (D. A. Caughey, M. M. Hafez) (z-library.sk, 1lib.sk, z-lib.sk).pdf, page 160>
Package luatex.def Info: /Volumes/SSD_LPF/sonicSolver/sonicSolver/papers/book/Frontiers of computational fluid dynamics 2006 (D. A. Caughey, M. M. Hafez) (z-library.sk, 1lib.sk, z-lib.sk).pdf , page160 used on input line 772.
(luatex.def)             Requested size: 435.95395pt x 690.98349pt.
 [322

</Volumes/SSD_LPF/sonicSolver/sonicSolver/papers/book/Frontiers of computational fluid dynamics 2006 (D. A. Caughey, M. M. Hafez) (z-library.sk, 1lib.sk, z-lib.sk).pdf>] [323

]
</Volumes/SSD_LPF/sonicSolver/sonicSolver/papers/book/Frontiers of computational fluid dynamics 2006 (D. A. Caughey, M. M. Hafez) (z-library.sk, 1lib.sk, z-lib.sk).pdf, id=2417, page=161, 404.59155pt x 643.32245pt>
File: /Volumes/SSD_LPF/sonicSolver/sonicSolver/papers/book/Frontiers of computational fluid dynamics 2006 (D. A. Caughey, M. M. Hafez) (z-library.sk, 1lib.sk, z-lib.sk).pdf Graphic file (type pdf)
<use /Volumes/SSD_LPF/sonicSolver/sonicSolver/papers/book/Frontiers of computational fluid dynamics 2006 (D. A. Caughey, M. M. Hafez) (z-library.sk, 1lib.sk, z-lib.sk).pdf, page 161>
Package luatex.def Info: /Volumes/SSD_LPF/sonicSolver/sonicSolver/papers/book/Frontiers of computational fluid dynamics 2006 (D. A. Caughey, M. M. Hafez) (z-library.sk, 1lib.sk, z-lib.sk).pdf , page161 used on input line 776.
(luatex.def)             Requested size: 435.95395pt x 693.23674pt.
 [324

</Volumes/SSD_LPF/sonicSolver/sonicSolver/papers/book/Frontiers of computational fluid dynamics 2006 (D. A. Caughey, M. M. Hafez) (z-library.sk, 1lib.sk, z-lib.sk).pdf>] [325

]
</Volumes/SSD_LPF/sonicSolver/sonicSolver/papers/book/Frontiers of computational fluid dynamics 2006 (D. A. Caughey, M. M. Hafez) (z-library.sk, 1lib.sk, z-lib.sk).pdf, id=2430, page=162, 402.7838pt x 640.793pt>
File: /Volumes/SSD_LPF/sonicSolver/sonicSolver/papers/book/Frontiers of computational fluid dynamics 2006 (D. A. Caughey, M. M. Hafez) (z-library.sk, 1lib.sk, z-lib.sk).pdf Graphic file (type pdf)
<use /Volumes/SSD_LPF/sonicSolver/sonicSolver/papers/book/Frontiers of computational fluid dynamics 2006 (D. A. Caughey, M. M. Hafez) (z-library.sk, 1lib.sk, z-lib.sk).pdf, page 162>
Package luatex.def Info: /Volumes/SSD_LPF/sonicSolver/sonicSolver/papers/book/Frontiers of computational fluid dynamics 2006 (D. A. Caughey, M. M. Hafez) (z-library.sk, 1lib.sk, z-lib.sk).pdf , page162 used on input line 780.
(luatex.def)             Requested size: 435.95395pt x 693.56168pt.
 [326

</Volumes/SSD_LPF/sonicSolver/sonicSolver/papers/book/Frontiers of computational fluid dynamics 2006 (D. A. Caughey, M. M. Hafez) (z-library.sk, 1lib.sk, z-lib.sk).pdf>] [327

]
</Volumes/SSD_LPF/sonicSolver/sonicSolver/papers/book/Frontiers of computational fluid dynamics 2006 (D. A. Caughey, M. M. Hafez) (z-library.sk, 1lib.sk, z-lib.sk).pdf, id=2445, page=163, 401.5793pt x 640.0703pt>
File: /Volumes/SSD_LPF/sonicSolver/sonicSolver/papers/book/Frontiers of computational fluid dynamics 2006 (D. A. Caughey, M. M. Hafez) (z-library.sk, 1lib.sk, z-lib.sk).pdf Graphic file (type pdf)
<use /Volumes/SSD_LPF/sonicSolver/sonicSolver/papers/book/Frontiers of computational fluid dynamics 2006 (D. A. Caughey, M. M. Hafez) (z-library.sk, 1lib.sk, z-lib.sk).pdf, page 163>
Package luatex.def Info: /Volumes/SSD_LPF/sonicSolver/sonicSolver/papers/book/Frontiers of computational fluid dynamics 2006 (D. A. Caughey, M. M. Hafez) (z-library.sk, 1lib.sk, z-lib.sk).pdf , page163 used on input line 785.
(luatex.def)             Requested size: 435.95395pt x 694.87929pt.
 [328

</Volumes/SSD_LPF/sonicSolver/sonicSolver/papers/book/Frontiers of computational fluid dynamics 2006 (D. A. Caughey, M. M. Hafez) (z-library.sk, 1lib.sk, z-lib.sk).pdf>] [329

]
</Volumes/SSD_LPF/sonicSolver/sonicSolver/papers/book/Frontiers of computational fluid dynamics 2006 (D. A. Caughey, M. M. Hafez) (z-library.sk, 1lib.sk, z-lib.sk).pdf, id=2459, page=164, 402.7838pt x 640.793pt>
File: /Volumes/SSD_LPF/sonicSolver/sonicSolver/papers/book/Frontiers of computational fluid dynamics 2006 (D. A. Caughey, M. M. Hafez) (z-library.sk, 1lib.sk, z-lib.sk).pdf Graphic file (type pdf)
<use /Volumes/SSD_LPF/sonicSolver/sonicSolver/papers/book/Frontiers of computational fluid dynamics 2006 (D. A. Caughey, M. M. Hafez) (z-library.sk, 1lib.sk, z-lib.sk).pdf, page 164>
Package luatex.def Info: /Volumes/SSD_LPF/sonicSolver/sonicSolver/papers/book/Frontiers of computational fluid dynamics 2006 (D. A. Caughey, M. M. Hafez) (z-library.sk, 1lib.sk, z-lib.sk).pdf , page164 used on input line 789.
(luatex.def)             Requested size: 435.95395pt x 693.56168pt.
 [330

</Volumes/SSD_LPF/sonicSolver/sonicSolver/papers/book/Frontiers of computational fluid dynamics 2006 (D. A. Caughey, M. M. Hafez) (z-library.sk, 1lib.sk, z-lib.sk).pdf>] [331

]
</Volumes/SSD_LPF/sonicSolver/sonicSolver/papers/book/Frontiers of computational fluid dynamics 2006 (D. A. Caughey, M. M. Hafez) (z-library.sk, 1lib.sk, z-lib.sk).pdf, id=2472, page=165, 402.0611pt x 640.3112pt>
File: /Volumes/SSD_LPF/sonicSolver/sonicSolver/papers/book/Frontiers of computational fluid dynamics 2006 (D. A. Caughey, M. M. Hafez) (z-library.sk, 1lib.sk, z-lib.sk).pdf Graphic file (type pdf)
<use /Volumes/SSD_LPF/sonicSolver/sonicSolver/papers/book/Frontiers of computational fluid dynamics 2006 (D. A. Caughey, M. M. Hafez) (z-library.sk, 1lib.sk, z-lib.sk).pdf, page 165>
Package luatex.def Info: /Volumes/SSD_LPF/sonicSolver/sonicSolver/papers/book/Frontiers of computational fluid dynamics 2006 (D. A. Caughey, M. M. Hafez) (z-library.sk, 1lib.sk, z-lib.sk).pdf , page165 used on input line 793.
(luatex.def)             Requested size: 435.95395pt x 694.32988pt.
 [332

</Volumes/SSD_LPF/sonicSolver/sonicSolver/papers/book/Frontiers of computational fluid dynamics 2006 (D. A. Caughey, M. M. Hafez) (z-library.sk, 1lib.sk, z-lib.sk).pdf>] [333

]
</Volumes/SSD_LPF/sonicSolver/sonicSolver/papers/book/Frontiers of computational fluid dynamics 2006 (D. A. Caughey, M. M. Hafez) (z-library.sk, 1lib.sk, z-lib.sk).pdf, id=2486, page=166, 406.03696pt x 643.56435pt>
File: /Volumes/SSD_LPF/sonicSolver/sonicSolver/papers/book/Frontiers of computational fluid dynamics 2006 (D. A. Caughey, M. M. Hafez) (z-library.sk, 1lib.sk, z-lib.sk).pdf Graphic file (type pdf)
<use /Volumes/SSD_LPF/sonicSolver/sonicSolver/papers/book/Frontiers of computational fluid dynamics 2006 (D. A. Caughey, M. M. Hafez) (z-library.sk, 1lib.sk, z-lib.sk).pdf, page 166>
Package luatex.def Info: /Volumes/SSD_LPF/sonicSolver/sonicSolver/papers/book/Frontiers of computational fluid dynamics 2006 (D. A. Caughey, M. M. Hafez) (z-library.sk, 1lib.sk, z-lib.sk).pdf , page166 used on input line 798.
(luatex.def)             Requested size: 435.95395pt x 690.98349pt.
 [334

</Volumes/SSD_LPF/sonicSolver/sonicSolver/papers/book/Frontiers of computational fluid dynamics 2006 (D. A. Caughey, M. M. Hafez) (z-library.sk, 1lib.sk, z-lib.sk).pdf>] [335

]
</Volumes/SSD_LPF/sonicSolver/sonicSolver/papers/book/Frontiers of computational fluid dynamics 2006 (D. A. Caughey, M. M. Hafez) (z-library.sk, 1lib.sk, z-lib.sk).pdf, id=2499, page=167, 402.0611pt x 640.3112pt>
File: /Volumes/SSD_LPF/sonicSolver/sonicSolver/papers/book/Frontiers of computational fluid dynamics 2006 (D. A. Caughey, M. M. Hafez) (z-library.sk, 1lib.sk, z-lib.sk).pdf Graphic file (type pdf)
<use /Volumes/SSD_LPF/sonicSolver/sonicSolver/papers/book/Frontiers of computational fluid dynamics 2006 (D. A. Caughey, M. M. Hafez) (z-library.sk, 1lib.sk, z-lib.sk).pdf, page 167>
Package luatex.def Info: /Volumes/SSD_LPF/sonicSolver/sonicSolver/papers/book/Frontiers of computational fluid dynamics 2006 (D. A. Caughey, M. M. Hafez) (z-library.sk, 1lib.sk, z-lib.sk).pdf , page167 used on input line 802.
(luatex.def)             Requested size: 435.95395pt x 694.32988pt.
 [336

</Volumes/SSD_LPF/sonicSolver/sonicSolver/papers/book/Frontiers of computational fluid dynamics 2006 (D. A. Caughey, M. M. Hafez) (z-library.sk, 1lib.sk, z-lib.sk).pdf>] [337

]
</Volumes/SSD_LPF/sonicSolver/sonicSolver/papers/book/Frontiers of computational fluid dynamics 2006 (D. A. Caughey, M. M. Hafez) (z-library.sk, 1lib.sk, z-lib.sk).pdf, id=2515, page=168, 407.96315pt x 644.52695pt>
File: /Volumes/SSD_LPF/sonicSolver/sonicSolver/papers/book/Frontiers of computational fluid dynamics 2006 (D. A. Caughey, M. M. Hafez) (z-library.sk, 1lib.sk, z-lib.sk).pdf Graphic file (type pdf)
<use /Volumes/SSD_LPF/sonicSolver/sonicSolver/papers/book/Frontiers of computational fluid dynamics 2006 (D. A. Caughey, M. M. Hafez) (z-library.sk, 1lib.sk, z-lib.sk).pdf, page 168>
Package luatex.def Info: /Volumes/SSD_LPF/sonicSolver/sonicSolver/papers/book/Frontiers of computational fluid dynamics 2006 (D. A. Caughey, M. M. Hafez) (z-library.sk, 1lib.sk, z-lib.sk).pdf , page168 used on input line 806.
(luatex.def)             Requested size: 435.95395pt x 688.7814pt.
 [338

</Volumes/SSD_LPF/sonicSolver/sonicSolver/papers/book/Frontiers of computational fluid dynamics 2006 (D. A. Caughey, M. M. Hafez) (z-library.sk, 1lib.sk, z-lib.sk).pdf>] [339

]
</Volumes/SSD_LPF/sonicSolver/sonicSolver/papers/book/Frontiers of computational fluid dynamics 2006 (D. A. Caughey, M. M. Hafez) (z-library.sk, 1lib.sk, z-lib.sk).pdf, id=2528, page=169, 402.0611pt x 640.3112pt>
File: /Volumes/SSD_LPF/sonicSolver/sonicSolver/papers/book/Frontiers of computational fluid dynamics 2006 (D. A. Caughey, M. M. Hafez) (z-library.sk, 1lib.sk, z-lib.sk).pdf Graphic file (type pdf)
<use /Volumes/SSD_LPF/sonicSolver/sonicSolver/papers/book/Frontiers of computational fluid dynamics 2006 (D. A. Caughey, M. M. Hafez) (z-library.sk, 1lib.sk, z-lib.sk).pdf, page 169>
Package luatex.def Info: /Volumes/SSD_LPF/sonicSolver/sonicSolver/papers/book/Frontiers of computational fluid dynamics 2006 (D. A. Caughey, M. M. Hafez) (z-library.sk, 1lib.sk, z-lib.sk).pdf , page169 used on input line 810.
(luatex.def)             Requested size: 435.95395pt x 694.32988pt.
 [340

</Volumes/SSD_LPF/sonicSolver/sonicSolver/papers/book/Frontiers of computational fluid dynamics 2006 (D. A. Caughey, M. M. Hafez) (z-library.sk, 1lib.sk, z-lib.sk).pdf>] [341

]
</Volumes/SSD_LPF/sonicSolver/sonicSolver/papers/book/Frontiers of computational fluid dynamics 2006 (D. A. Caughey, M. M. Hafez) (z-library.sk, 1lib.sk, z-lib.sk).pdf, id=2542, page=170, 402.0611pt x 640.3112pt>
File: /Volumes/SSD_LPF/sonicSolver/sonicSolver/papers/book/Frontiers of computational fluid dynamics 2006 (D. A. Caughey, M. M. Hafez) (z-library.sk, 1lib.sk, z-lib.sk).pdf Graphic file (type pdf)
<use /Volumes/SSD_LPF/sonicSolver/sonicSolver/papers/book/Frontiers of computational fluid dynamics 2006 (D. A. Caughey, M. M. Hafez) (z-library.sk, 1lib.sk, z-lib.sk).pdf, page 170>
Package luatex.def Info: /Volumes/SSD_LPF/sonicSolver/sonicSolver/papers/book/Frontiers of computational fluid dynamics 2006 (D. A. Caughey, M. M. Hafez) (z-library.sk, 1lib.sk, z-lib.sk).pdf , page170 used on input line 815.
(luatex.def)             Requested size: 435.95395pt x 694.32988pt.
 [342

</Volumes/SSD_LPF/sonicSolver/sonicSolver/papers/book/Frontiers of computational fluid dynamics 2006 (D. A. Caughey, M. M. Hafez) (z-library.sk, 1lib.sk, z-lib.sk).pdf>] [343

]
</Volumes/SSD_LPF/sonicSolver/sonicSolver/papers/book/Frontiers of computational fluid dynamics 2006 (D. A. Caughey, M. M. Hafez) (z-library.sk, 1lib.sk, z-lib.sk).pdf, id=2557, page=171, 402.0611pt x 640.3112pt>
File: /Volumes/SSD_LPF/sonicSolver/sonicSolver/papers/book/Frontiers of computational fluid dynamics 2006 (D. A. Caughey, M. M. Hafez) (z-library.sk, 1lib.sk, z-lib.sk).pdf Graphic file (type pdf)
<use /Volumes/SSD_LPF/sonicSolver/sonicSolver/papers/book/Frontiers of computational fluid dynamics 2006 (D. A. Caughey, M. M. Hafez) (z-library.sk, 1lib.sk, z-lib.sk).pdf, page 171>
Package luatex.def Info: /Volumes/SSD_LPF/sonicSolver/sonicSolver/papers/book/Frontiers of computational fluid dynamics 2006 (D. A. Caughey, M. M. Hafez) (z-library.sk, 1lib.sk, z-lib.sk).pdf , page171 used on input line 821.
(luatex.def)             Requested size: 435.95395pt x 694.32988pt.
 [344

</Volumes/SSD_LPF/sonicSolver/sonicSolver/papers/book/Frontiers of computational fluid dynamics 2006 (D. A. Caughey, M. M. Hafez) (z-library.sk, 1lib.sk, z-lib.sk).pdf>] [345

]
</Volumes/SSD_LPF/sonicSolver/sonicSolver/papers/book/Frontiers of computational fluid dynamics 2006 (D. A. Caughey, M. M. Hafez) (z-library.sk, 1lib.sk, z-lib.sk).pdf, id=2570, page=172, 402.90524pt x 642.11896pt>
File: /Volumes/SSD_LPF/sonicSolver/sonicSolver/papers/book/Frontiers of computational fluid dynamics 2006 (D. A. Caughey, M. M. Hafez) (z-library.sk, 1lib.sk, z-lib.sk).pdf Graphic file (type pdf)
<use /Volumes/SSD_LPF/sonicSolver/sonicSolver/papers/book/Frontiers of computational fluid dynamics 2006 (D. A. Caughey, M. M. Hafez) (z-library.sk, 1lib.sk, z-lib.sk).pdf, page 172>
Package luatex.def Info: /Volumes/SSD_LPF/sonicSolver/sonicSolver/papers/book/Frontiers of computational fluid dynamics 2006 (D. A. Caughey, M. M. Hafez) (z-library.sk, 1lib.sk, z-lib.sk).pdf , page172 used on input line 825.
(luatex.def)             Requested size: 435.95395pt x 694.83026pt.
 [346

</Volumes/SSD_LPF/sonicSolver/sonicSolver/papers/book/Frontiers of computational fluid dynamics 2006 (D. A. Caughey, M. M. Hafez) (z-library.sk, 1lib.sk, z-lib.sk).pdf>] [347

]
</Volumes/SSD_LPF/sonicSolver/sonicSolver/papers/book/Frontiers of computational fluid dynamics 2006 (D. A. Caughey, M. M. Hafez) (z-library.sk, 1lib.sk, z-lib.sk).pdf, id=2584, page=173, 402.7838pt x 640.793pt>
File: /Volumes/SSD_LPF/sonicSolver/sonicSolver/papers/book/Frontiers of computational fluid dynamics 2006 (D. A. Caughey, M. M. Hafez) (z-library.sk, 1lib.sk, z-lib.sk).pdf Graphic file (type pdf)
<use /Volumes/SSD_LPF/sonicSolver/sonicSolver/papers/book/Frontiers of computational fluid dynamics 2006 (D. A. Caughey, M. M. Hafez) (z-library.sk, 1lib.sk, z-lib.sk).pdf, page 173>
Package luatex.def Info: /Volumes/SSD_LPF/sonicSolver/sonicSolver/papers/book/Frontiers of computational fluid dynamics 2006 (D. A. Caughey, M. M. Hafez) (z-library.sk, 1lib.sk, z-lib.sk).pdf , page173 used on input line 829.
(luatex.def)             Requested size: 435.95395pt x 693.56168pt.
 [348

</Volumes/SSD_LPF/sonicSolver/sonicSolver/papers/book/Frontiers of computational fluid dynamics 2006 (D. A. Caughey, M. M. Hafez) (z-library.sk, 1lib.sk, z-lib.sk).pdf>] [349

]
</Volumes/SSD_LPF/sonicSolver/sonicSolver/papers/book/Frontiers of computational fluid dynamics 2006 (D. A. Caughey, M. M. Hafez) (z-library.sk, 1lib.sk, z-lib.sk).pdf, id=2599, page=174, 401.5793pt x 640.0703pt>
File: /Volumes/SSD_LPF/sonicSolver/sonicSolver/papers/book/Frontiers of computational fluid dynamics 2006 (D. A. Caughey, M. M. Hafez) (z-library.sk, 1lib.sk, z-lib.sk).pdf Graphic file (type pdf)
<use /Volumes/SSD_LPF/sonicSolver/sonicSolver/papers/book/Frontiers of computational fluid dynamics 2006 (D. A. Caughey, M. M. Hafez) (z-library.sk, 1lib.sk, z-lib.sk).pdf, page 174>
Package luatex.def Info: /Volumes/SSD_LPF/sonicSolver/sonicSolver/papers/book/Frontiers of computational fluid dynamics 2006 (D. A. Caughey, M. M. Hafez) (z-library.sk, 1lib.sk, z-lib.sk).pdf , page174 used on input line 834.
(luatex.def)             Requested size: 435.95395pt x 694.87929pt.
 [350

</Volumes/SSD_LPF/sonicSolver/sonicSolver/papers/book/Frontiers of computational fluid dynamics 2006 (D. A. Caughey, M. M. Hafez) (z-library.sk, 1lib.sk, z-lib.sk).pdf>] [351

]
</Volumes/SSD_LPF/sonicSolver/sonicSolver/papers/book/Frontiers of computational fluid dynamics 2006 (D. A. Caughey, M. M. Hafez) (z-library.sk, 1lib.sk, z-lib.sk).pdf, id=2612, page=175, 403.9893pt x 641.5167pt>
File: /Volumes/SSD_LPF/sonicSolver/sonicSolver/papers/book/Frontiers of computational fluid dynamics 2006 (D. A. Caughey, M. M. Hafez) (z-library.sk, 1lib.sk, z-lib.sk).pdf Graphic file (type pdf)
<use /Volumes/SSD_LPF/sonicSolver/sonicSolver/papers/book/Frontiers of computational fluid dynamics 2006 (D. A. Caughey, M. M. Hafez) (z-library.sk, 1lib.sk, z-lib.sk).pdf, page 175>
Package luatex.def Info: /Volumes/SSD_LPF/sonicSolver/sonicSolver/papers/book/Frontiers of computational fluid dynamics 2006 (D. A. Caughey, M. M. Hafez) (z-library.sk, 1lib.sk, z-lib.sk).pdf , page175 used on input line 838.
(luatex.def)             Requested size: 435.95395pt x 692.29912pt.
 [352

</Volumes/SSD_LPF/sonicSolver/sonicSolver/papers/book/Frontiers of computational fluid dynamics 2006 (D. A. Caughey, M. M. Hafez) (z-library.sk, 1lib.sk, z-lib.sk).pdf>] [353

]
</Volumes/SSD_LPF/sonicSolver/sonicSolver/papers/book/Frontiers of computational fluid dynamics 2006 (D. A. Caughey, M. M. Hafez) (z-library.sk, 1lib.sk, z-lib.sk).pdf, id=2627, page=176, 403.38705pt x 642.35884pt>
File: /Volumes/SSD_LPF/sonicSolver/sonicSolver/papers/book/Frontiers of computational fluid dynamics 2006 (D. A. Caughey, M. M. Hafez) (z-library.sk, 1lib.sk, z-lib.sk).pdf Graphic file (type pdf)
<use /Volumes/SSD_LPF/sonicSolver/sonicSolver/papers/book/Frontiers of computational fluid dynamics 2006 (D. A. Caughey, M. M. Hafez) (z-library.sk, 1lib.sk, z-lib.sk).pdf, page 176>
Package luatex.def Info: /Volumes/SSD_LPF/sonicSolver/sonicSolver/papers/book/Frontiers of computational fluid dynamics 2006 (D. A. Caughey, M. M. Hafez) (z-library.sk, 1lib.sk, z-lib.sk).pdf , page176 used on input line 842.
(luatex.def)             Requested size: 435.95395pt x 694.2371pt.
 [354

</Volumes/SSD_LPF/sonicSolver/sonicSolver/papers/book/Frontiers of computational fluid dynamics 2006 (D. A. Caughey, M. M. Hafez) (z-library.sk, 1lib.sk, z-lib.sk).pdf>] [355

]
</Volumes/SSD_LPF/sonicSolver/sonicSolver/papers/book/Frontiers of computational fluid dynamics 2006 (D. A. Caughey, M. M. Hafez) (z-library.sk, 1lib.sk, z-lib.sk).pdf, id=2640, page=177, 409.16765pt x 645.97235pt>
File: /Volumes/SSD_LPF/sonicSolver/sonicSolver/papers/book/Frontiers of computational fluid dynamics 2006 (D. A. Caughey, M. M. Hafez) (z-library.sk, 1lib.sk, z-lib.sk).pdf Graphic file (type pdf)
<use /Volumes/SSD_LPF/sonicSolver/sonicSolver/papers/book/Frontiers of computational fluid dynamics 2006 (D. A. Caughey, M. M. Hafez) (z-library.sk, 1lib.sk, z-lib.sk).pdf, page 177>
Package luatex.def Info: /Volumes/SSD_LPF/sonicSolver/sonicSolver/papers/book/Frontiers of computational fluid dynamics 2006 (D. A. Caughey, M. M. Hafez) (z-library.sk, 1lib.sk, z-lib.sk).pdf , page177 used on input line 846.
(luatex.def)             Requested size: 435.95395pt x 688.27585pt.
 [356

</Volumes/SSD_LPF/sonicSolver/sonicSolver/papers/book/Frontiers of computational fluid dynamics 2006 (D. A. Caughey, M. M. Hafez) (z-library.sk, 1lib.sk, z-lib.sk).pdf>] [357

]
</Volumes/SSD_LPF/sonicSolver/sonicSolver/papers/book/Frontiers of computational fluid dynamics 2006 (D. A. Caughey, M. M. Hafez) (z-library.sk, 1lib.sk, z-lib.sk).pdf, id=2654, page=178, 406.51875pt x 643.80424pt>
File: /Volumes/SSD_LPF/sonicSolver/sonicSolver/papers/book/Frontiers of computational fluid dynamics 2006 (D. A. Caughey, M. M. Hafez) (z-library.sk, 1lib.sk, z-lib.sk).pdf Graphic file (type pdf)
<use /Volumes/SSD_LPF/sonicSolver/sonicSolver/papers/book/Frontiers of computational fluid dynamics 2006 (D. A. Caughey, M. M. Hafez) (z-library.sk, 1lib.sk, z-lib.sk).pdf, page 178>
Package luatex.def Info: /Volumes/SSD_LPF/sonicSolver/sonicSolver/papers/book/Frontiers of computational fluid dynamics 2006 (D. A. Caughey, M. M. Hafez) (z-library.sk, 1lib.sk, z-lib.sk).pdf , page178 used on input line 850.
(luatex.def)             Requested size: 435.95395pt x 690.44534pt.
 [358

</Volumes/SSD_LPF/sonicSolver/sonicSolver/papers/book/Frontiers of computational fluid dynamics 2006 (D. A. Caughey, M. M. Hafez) (z-library.sk, 1lib.sk, z-lib.sk).pdf>] [359

]
</Volumes/SSD_LPF/sonicSolver/sonicSolver/papers/book/Frontiers of computational fluid dynamics 2006 (D. A. Caughey, M. M. Hafez) (z-library.sk, 1lib.sk, z-lib.sk).pdf, id=2667, page=179, 402.0611pt x 640.3112pt>
File: /Volumes/SSD_LPF/sonicSolver/sonicSolver/papers/book/Frontiers of computational fluid dynamics 2006 (D. A. Caughey, M. M. Hafez) (z-library.sk, 1lib.sk, z-lib.sk).pdf Graphic file (type pdf)
<use /Volumes/SSD_LPF/sonicSolver/sonicSolver/papers/book/Frontiers of computational fluid dynamics 2006 (D. A. Caughey, M. M. Hafez) (z-library.sk, 1lib.sk, z-lib.sk).pdf, page 179>
Package luatex.def Info: /Volumes/SSD_LPF/sonicSolver/sonicSolver/papers/book/Frontiers of computational fluid dynamics 2006 (D. A. Caughey, M. M. Hafez) (z-library.sk, 1lib.sk, z-lib.sk).pdf , page179 used on input line 854.
(luatex.def)             Requested size: 435.95395pt x 694.32988pt.
 [360

</Volumes/SSD_LPF/sonicSolver/sonicSolver/papers/book/Frontiers of computational fluid dynamics 2006 (D. A. Caughey, M. M. Hafez) (z-library.sk, 1lib.sk, z-lib.sk).pdf>]
第八章
[361



]
</Volumes/SSD_LPF/sonicSolver/sonicSolver/papers/book/Frontiers of computational fluid dynamics 2006 (D. A. Caughey, M. M. Hafez) (z-library.sk, 1lib.sk, z-lib.sk).pdf, id=2682, page=180, 406.03696pt x 644.04515pt>
File: /Volumes/SSD_LPF/sonicSolver/sonicSolver/papers/book/Frontiers of computational fluid dynamics 2006 (D. A. Caughey, M. M. Hafez) (z-library.sk, 1lib.sk, z-lib.sk).pdf Graphic file (type pdf)
<use /Volumes/SSD_LPF/sonicSolver/sonicSolver/papers/book/Frontiers of computational fluid dynamics 2006 (D. A. Caughey, M. M. Hafez) (z-library.sk, 1lib.sk, z-lib.sk).pdf, page 180>
Package luatex.def Info: /Volumes/SSD_LPF/sonicSolver/sonicSolver/papers/book/Frontiers of computational fluid dynamics 2006 (D. A. Caughey, M. M. Hafez) (z-library.sk, 1lib.sk, z-lib.sk).pdf , page180 used on input line 861.
(luatex.def)             Requested size: 435.95395pt x 691.49971pt.
 [362

</Volumes/SSD_LPF/sonicSolver/sonicSolver/papers/book/Frontiers of computational fluid dynamics 2006 (D. A. Caughey, M. M. Hafez) (z-library.sk, 1lib.sk, z-lib.sk).pdf>] [363

]
</Volumes/SSD_LPF/sonicSolver/sonicSolver/papers/book/Frontiers of computational fluid dynamics 2006 (D. A. Caughey, M. M. Hafez) (z-library.sk, 1lib.sk, z-lib.sk).pdf, id=2697, page=181, 406.03696pt x 643.56435pt>
File: /Volumes/SSD_LPF/sonicSolver/sonicSolver/papers/book/Frontiers of computational fluid dynamics 2006 (D. A. Caughey, M. M. Hafez) (z-library.sk, 1lib.sk, z-lib.sk).pdf Graphic file (type pdf)
<use /Volumes/SSD_LPF/sonicSolver/sonicSolver/papers/book/Frontiers of computational fluid dynamics 2006 (D. A. Caughey, M. M. Hafez) (z-library.sk, 1lib.sk, z-lib.sk).pdf, page 181>
Package luatex.def Info: /Volumes/SSD_LPF/sonicSolver/sonicSolver/papers/book/Frontiers of computational fluid dynamics 2006 (D. A. Caughey, M. M. Hafez) (z-library.sk, 1lib.sk, z-lib.sk).pdf , page181 used on input line 867.
(luatex.def)             Requested size: 435.95395pt x 690.98349pt.
 [364

</Volumes/SSD_LPF/sonicSolver/sonicSolver/papers/book/Frontiers of computational fluid dynamics 2006 (D. A. Caughey, M. M. Hafez) (z-library.sk, 1lib.sk, z-lib.sk).pdf>] [365

]
</Volumes/SSD_LPF/sonicSolver/sonicSolver/papers/book/Frontiers of computational fluid dynamics 2006 (D. A. Caughey, M. M. Hafez) (z-library.sk, 1lib.sk, z-lib.sk).pdf, id=2713, page=182, 402.7838pt x 640.793pt>
File: /Volumes/SSD_LPF/sonicSolver/sonicSolver/papers/book/Frontiers of computational fluid dynamics 2006 (D. A. Caughey, M. M. Hafez) (z-library.sk, 1lib.sk, z-lib.sk).pdf Graphic file (type pdf)
<use /Volumes/SSD_LPF/sonicSolver/sonicSolver/papers/book/Frontiers of computational fluid dynamics 2006 (D. A. Caughey, M. M. Hafez) (z-library.sk, 1lib.sk, z-lib.sk).pdf, page 182>
Package luatex.def Info: /Volumes/SSD_LPF/sonicSolver/sonicSolver/papers/book/Frontiers of computational fluid dynamics 2006 (D. A. Caughey, M. M. Hafez) (z-library.sk, 1lib.sk, z-lib.sk).pdf , page182 used on input line 874.
(luatex.def)             Requested size: 435.95395pt x 693.56168pt.
 [366

</Volumes/SSD_LPF/sonicSolver/sonicSolver/papers/book/Frontiers of computational fluid dynamics 2006 (D. A. Caughey, M. M. Hafez) (z-library.sk, 1lib.sk, z-lib.sk).pdf>] [367

]
</Volumes/SSD_LPF/sonicSolver/sonicSolver/papers/book/Frontiers of computational fluid dynamics 2006 (D. A. Caughey, M. M. Hafez) (z-library.sk, 1lib.sk, z-lib.sk).pdf, id=2731, page=183, 402.90524pt x 642.11896pt>
File: /Volumes/SSD_LPF/sonicSolver/sonicSolver/papers/book/Frontiers of computational fluid dynamics 2006 (D. A. Caughey, M. M. Hafez) (z-library.sk, 1lib.sk, z-lib.sk).pdf Graphic file (type pdf)
<use /Volumes/SSD_LPF/sonicSolver/sonicSolver/papers/book/Frontiers of computational fluid dynamics 2006 (D. A. Caughey, M. M. Hafez) (z-library.sk, 1lib.sk, z-lib.sk).pdf, page 183>
Package luatex.def Info: /Volumes/SSD_LPF/sonicSolver/sonicSolver/papers/book/Frontiers of computational fluid dynamics 2006 (D. A. Caughey, M. M. Hafez) (z-library.sk, 1lib.sk, z-lib.sk).pdf , page183 used on input line 882.
(luatex.def)             Requested size: 435.95395pt x 694.83026pt.
 [368

</Volumes/SSD_LPF/sonicSolver/sonicSolver/papers/book/Frontiers of computational fluid dynamics 2006 (D. A. Caughey, M. M. Hafez) (z-library.sk, 1lib.sk, z-lib.sk).pdf>] [369

]
</Volumes/SSD_LPF/sonicSolver/sonicSolver/papers/book/Frontiers of computational fluid dynamics 2006 (D. A. Caughey, M. M. Hafez) (z-library.sk, 1lib.sk, z-lib.sk).pdf, id=2746, page=184, 406.03696pt x 644.04515pt>
File: /Volumes/SSD_LPF/sonicSolver/sonicSolver/papers/book/Frontiers of computational fluid dynamics 2006 (D. A. Caughey, M. M. Hafez) (z-library.sk, 1lib.sk, z-lib.sk).pdf Graphic file (type pdf)
<use /Volumes/SSD_LPF/sonicSolver/sonicSolver/papers/book/Frontiers of computational fluid dynamics 2006 (D. A. Caughey, M. M. Hafez) (z-library.sk, 1lib.sk, z-lib.sk).pdf, page 184>
Package luatex.def Info: /Volumes/SSD_LPF/sonicSolver/sonicSolver/papers/book/Frontiers of computational fluid dynamics 2006 (D. A. Caughey, M. M. Hafez) (z-library.sk, 1lib.sk, z-lib.sk).pdf , page184 used on input line 887.
(luatex.def)             Requested size: 435.95395pt x 691.49971pt.
 [370

</Volumes/SSD_LPF/sonicSolver/sonicSolver/papers/book/Frontiers of computational fluid dynamics 2006 (D. A. Caughey, M. M. Hafez) (z-library.sk, 1lib.sk, z-lib.sk).pdf>] [371

]
</Volumes/SSD_LPF/sonicSolver/sonicSolver/papers/book/Frontiers of computational fluid dynamics 2006 (D. A. Caughey, M. M. Hafez) (z-library.sk, 1lib.sk, z-lib.sk).pdf, id=2759, page=185, 404.59155pt x 643.32245pt>
File: /Volumes/SSD_LPF/sonicSolver/sonicSolver/papers/book/Frontiers of computational fluid dynamics 2006 (D. A. Caughey, M. M. Hafez) (z-library.sk, 1lib.sk, z-lib.sk).pdf Graphic file (type pdf)
<use /Volumes/SSD_LPF/sonicSolver/sonicSolver/papers/book/Frontiers of computational fluid dynamics 2006 (D. A. Caughey, M. M. Hafez) (z-library.sk, 1lib.sk, z-lib.sk).pdf, page 185>
Package luatex.def Info: /Volumes/SSD_LPF/sonicSolver/sonicSolver/papers/book/Frontiers of computational fluid dynamics 2006 (D. A. Caughey, M. M. Hafez) (z-library.sk, 1lib.sk, z-lib.sk).pdf , page185 used on input line 891.
(luatex.def)             Requested size: 435.95395pt x 693.23674pt.
 [372

</Volumes/SSD_LPF/sonicSolver/sonicSolver/papers/book/Frontiers of computational fluid dynamics 2006 (D. A. Caughey, M. M. Hafez) (z-library.sk, 1lib.sk, z-lib.sk).pdf>] [373

]
</Volumes/SSD_LPF/sonicSolver/sonicSolver/papers/book/Frontiers of computational fluid dynamics 2006 (D. A. Caughey, M. M. Hafez) (z-library.sk, 1lib.sk, z-lib.sk).pdf, id=2773, page=186, 402.90524pt x 642.11896pt>
File: /Volumes/SSD_LPF/sonicSolver/sonicSolver/papers/book/Frontiers of computational fluid dynamics 2006 (D. A. Caughey, M. M. Hafez) (z-library.sk, 1lib.sk, z-lib.sk).pdf Graphic file (type pdf)
<use /Volumes/SSD_LPF/sonicSolver/sonicSolver/papers/book/Frontiers of computational fluid dynamics 2006 (D. A. Caughey, M. M. Hafez) (z-library.sk, 1lib.sk, z-lib.sk).pdf, page 186>
Package luatex.def Info: /Volumes/SSD_LPF/sonicSolver/sonicSolver/papers/book/Frontiers of computational fluid dynamics 2006 (D. A. Caughey, M. M. Hafez) (z-library.sk, 1lib.sk, z-lib.sk).pdf , page186 used on input line 896.
(luatex.def)             Requested size: 435.95395pt x 694.83026pt.
 [374

</Volumes/SSD_LPF/sonicSolver/sonicSolver/papers/book/Frontiers of computational fluid dynamics 2006 (D. A. Caughey, M. M. Hafez) (z-library.sk, 1lib.sk, z-lib.sk).pdf>] [375

]
</Volumes/SSD_LPF/sonicSolver/sonicSolver/papers/book/Frontiers of computational fluid dynamics 2006 (D. A. Caughey, M. M. Hafez) (z-library.sk, 1lib.sk, z-lib.sk).pdf, id=2788, page=187, 409.16765pt x 645.25066pt>
File: /Volumes/SSD_LPF/sonicSolver/sonicSolver/papers/book/Frontiers of computational fluid dynamics 2006 (D. A. Caughey, M. M. Hafez) (z-library.sk, 1lib.sk, z-lib.sk).pdf Graphic file (type pdf)
<use /Volumes/SSD_LPF/sonicSolver/sonicSolver/papers/book/Frontiers of computational fluid dynamics 2006 (D. A. Caughey, M. M. Hafez) (z-library.sk, 1lib.sk, z-lib.sk).pdf, page 187>
Package luatex.def Info: /Volumes/SSD_LPF/sonicSolver/sonicSolver/papers/book/Frontiers of computational fluid dynamics 2006 (D. A. Caughey, M. M. Hafez) (z-library.sk, 1lib.sk, z-lib.sk).pdf , page187 used on input line 902.
(luatex.def)             Requested size: 435.95395pt x 687.5069pt.
 [376

</Volumes/SSD_LPF/sonicSolver/sonicSolver/papers/book/Frontiers of computational fluid dynamics 2006 (D. A. Caughey, M. M. Hafez) (z-library.sk, 1lib.sk, z-lib.sk).pdf>] [377

]
</Volumes/SSD_LPF/sonicSolver/sonicSolver/papers/book/Frontiers of computational fluid dynamics 2006 (D. A. Caughey, M. M. Hafez) (z-library.sk, 1lib.sk, z-lib.sk).pdf, id=2803, page=188, 403.2656pt x 641.2748pt>
File: /Volumes/SSD_LPF/sonicSolver/sonicSolver/papers/book/Frontiers of computational fluid dynamics 2006 (D. A. Caughey, M. M. Hafez) (z-library.sk, 1lib.sk, z-lib.sk).pdf Graphic file (type pdf)
<use /Volumes/SSD_LPF/sonicSolver/sonicSolver/papers/book/Frontiers of computational fluid dynamics 2006 (D. A. Caughey, M. M. Hafez) (z-library.sk, 1lib.sk, z-lib.sk).pdf, page 188>
Package luatex.def Info: /Volumes/SSD_LPF/sonicSolver/sonicSolver/papers/book/Frontiers of computational fluid dynamics 2006 (D. A. Caughey, M. M. Hafez) (z-library.sk, 1lib.sk, z-lib.sk).pdf , page188 used on input line 907.
(luatex.def)             Requested size: 435.95395pt x 693.28078pt.
 [378

</Volumes/SSD_LPF/sonicSolver/sonicSolver/papers/book/Frontiers of computational fluid dynamics 2006 (D. A. Caughey, M. M. Hafez) (z-library.sk, 1lib.sk, z-lib.sk).pdf>] [379

]
</Volumes/SSD_LPF/sonicSolver/sonicSolver/papers/book/Frontiers of computational fluid dynamics 2006 (D. A. Caughey, M. M. Hafez) (z-library.sk, 1lib.sk, z-lib.sk).pdf, id=2816, page=189, 414.22655pt x 649.10405pt>
File: /Volumes/SSD_LPF/sonicSolver/sonicSolver/papers/book/Frontiers of computational fluid dynamics 2006 (D. A. Caughey, M. M. Hafez) (z-library.sk, 1lib.sk, z-lib.sk).pdf Graphic file (type pdf)
<use /Volumes/SSD_LPF/sonicSolver/sonicSolver/papers/book/Frontiers of computational fluid dynamics 2006 (D. A. Caughey, M. M. Hafez) (z-library.sk, 1lib.sk, z-lib.sk).pdf, page 189>
Package luatex.def Info: /Volumes/SSD_LPF/sonicSolver/sonicSolver/papers/book/Frontiers of computational fluid dynamics 2006 (D. A. Caughey, M. M. Hafez) (z-library.sk, 1lib.sk, z-lib.sk).pdf , page189 used on input line 911.
(luatex.def)             Requested size: 435.95395pt x 683.15419pt.
 [380

</Volumes/SSD_LPF/sonicSolver/sonicSolver/papers/book/Frontiers of computational fluid dynamics 2006 (D. A. Caughey, M. M. Hafez) (z-library.sk, 1lib.sk, z-lib.sk).pdf>] [381

]
</Volumes/SSD_LPF/sonicSolver/sonicSolver/papers/book/Frontiers of computational fluid dynamics 2006 (D. A. Caughey, M. M. Hafez) (z-library.sk, 1lib.sk, z-lib.sk).pdf, id=2830, page=190, 404.59155pt x 643.32245pt>
File: /Volumes/SSD_LPF/sonicSolver/sonicSolver/papers/book/Frontiers of computational fluid dynamics 2006 (D. A. Caughey, M. M. Hafez) (z-library.sk, 1lib.sk, z-lib.sk).pdf Graphic file (type pdf)
<use /Volumes/SSD_LPF/sonicSolver/sonicSolver/papers/book/Frontiers of computational fluid dynamics 2006 (D. A. Caughey, M. M. Hafez) (z-library.sk, 1lib.sk, z-lib.sk).pdf, page 190>
Package luatex.def Info: /Volumes/SSD_LPF/sonicSolver/sonicSolver/papers/book/Frontiers of computational fluid dynamics 2006 (D. A. Caughey, M. M. Hafez) (z-library.sk, 1lib.sk, z-lib.sk).pdf , page190 used on input line 916.
(luatex.def)             Requested size: 435.95395pt x 693.23674pt.
 [382

</Volumes/SSD_LPF/sonicSolver/sonicSolver/papers/book/Frontiers of computational fluid dynamics 2006 (D. A. Caughey, M. M. Hafez) (z-library.sk, 1lib.sk, z-lib.sk).pdf>] [383

]
</Volumes/SSD_LPF/sonicSolver/sonicSolver/papers/book/Frontiers of computational fluid dynamics 2006 (D. A. Caughey, M. M. Hafez) (z-library.sk, 1lib.sk, z-lib.sk).pdf, id=2843, page=191, 404.10875pt x 642.84065pt>
File: /Volumes/SSD_LPF/sonicSolver/sonicSolver/papers/book/Frontiers of computational fluid dynamics 2006 (D. A. Caughey, M. M. Hafez) (z-library.sk, 1lib.sk, z-lib.sk).pdf Graphic file (type pdf)
<use /Volumes/SSD_LPF/sonicSolver/sonicSolver/papers/book/Frontiers of computational fluid dynamics 2006 (D. A. Caughey, M. M. Hafez) (z-library.sk, 1lib.sk, z-lib.sk).pdf, page 191>
Package luatex.def Info: /Volumes/SSD_LPF/sonicSolver/sonicSolver/papers/book/Frontiers of computational fluid dynamics 2006 (D. A. Caughey, M. M. Hafez) (z-library.sk, 1lib.sk, z-lib.sk).pdf , page191 used on input line 920.
(luatex.def)             Requested size: 435.95395pt x 693.5219pt.
 [384

</Volumes/SSD_LPF/sonicSolver/sonicSolver/papers/book/Frontiers of computational fluid dynamics 2006 (D. A. Caughey, M. M. Hafez) (z-library.sk, 1lib.sk, z-lib.sk).pdf>] [385

]
</Volumes/SSD_LPF/sonicSolver/sonicSolver/papers/book/Frontiers of computational fluid dynamics 2006 (D. A. Caughey, M. M. Hafez) (z-library.sk, 1lib.sk, z-lib.sk).pdf, id=2857, page=192, 406.03696pt x 643.80424pt>
File: /Volumes/SSD_LPF/sonicSolver/sonicSolver/papers/book/Frontiers of computational fluid dynamics 2006 (D. A. Caughey, M. M. Hafez) (z-library.sk, 1lib.sk, z-lib.sk).pdf Graphic file (type pdf)
<use /Volumes/SSD_LPF/sonicSolver/sonicSolver/papers/book/Frontiers of computational fluid dynamics 2006 (D. A. Caughey, M. M. Hafez) (z-library.sk, 1lib.sk, z-lib.sk).pdf, page 192>
Package luatex.def Info: /Volumes/SSD_LPF/sonicSolver/sonicSolver/papers/book/Frontiers of computational fluid dynamics 2006 (D. A. Caughey, M. M. Hafez) (z-library.sk, 1lib.sk, z-lib.sk).pdf , page192 used on input line 925.
(luatex.def)             Requested size: 435.95395pt x 691.24106pt.
 [386

</Volumes/SSD_LPF/sonicSolver/sonicSolver/papers/book/Frontiers of computational fluid dynamics 2006 (D. A. Caughey, M. M. Hafez) (z-library.sk, 1lib.sk, z-lib.sk).pdf>] [387

]
</Volumes/SSD_LPF/sonicSolver/sonicSolver/papers/book/Frontiers of computational fluid dynamics 2006 (D. A. Caughey, M. M. Hafez) (z-library.sk, 1lib.sk, z-lib.sk).pdf, id=2871, page=193, 402.90524pt x 642.11896pt>
File: /Volumes/SSD_LPF/sonicSolver/sonicSolver/papers/book/Frontiers of computational fluid dynamics 2006 (D. A. Caughey, M. M. Hafez) (z-library.sk, 1lib.sk, z-lib.sk).pdf Graphic file (type pdf)
<use /Volumes/SSD_LPF/sonicSolver/sonicSolver/papers/book/Frontiers of computational fluid dynamics 2006 (D. A. Caughey, M. M. Hafez) (z-library.sk, 1lib.sk, z-lib.sk).pdf, page 193>
Package luatex.def Info: /Volumes/SSD_LPF/sonicSolver/sonicSolver/papers/book/Frontiers of computational fluid dynamics 2006 (D. A. Caughey, M. M. Hafez) (z-library.sk, 1lib.sk, z-lib.sk).pdf , page193 used on input line 929.
(luatex.def)             Requested size: 435.95395pt x 694.83026pt.
 [388

</Volumes/SSD_LPF/sonicSolver/sonicSolver/papers/book/Frontiers of computational fluid dynamics 2006 (D. A. Caughey, M. M. Hafez) (z-library.sk, 1lib.sk, z-lib.sk).pdf>] [389

]
</Volumes/SSD_LPF/sonicSolver/sonicSolver/papers/book/Frontiers of computational fluid dynamics 2006 (D. A. Caughey, M. M. Hafez) (z-library.sk, 1lib.sk, z-lib.sk).pdf, id=2885, page=194, 406.03696pt x 644.04515pt>
File: /Volumes/SSD_LPF/sonicSolver/sonicSolver/papers/book/Frontiers of computational fluid dynamics 2006 (D. A. Caughey, M. M. Hafez) (z-library.sk, 1lib.sk, z-lib.sk).pdf Graphic file (type pdf)
<use /Volumes/SSD_LPF/sonicSolver/sonicSolver/papers/book/Frontiers of computational fluid dynamics 2006 (D. A. Caughey, M. M. Hafez) (z-library.sk, 1lib.sk, z-lib.sk).pdf, page 194>
Package luatex.def Info: /Volumes/SSD_LPF/sonicSolver/sonicSolver/papers/book/Frontiers of computational fluid dynamics 2006 (D. A. Caughey, M. M. Hafez) (z-library.sk, 1lib.sk, z-lib.sk).pdf , page194 used on input line 933.
(luatex.def)             Requested size: 435.95395pt x 691.49971pt.
 [390

</Volumes/SSD_LPF/sonicSolver/sonicSolver/papers/book/Frontiers of computational fluid dynamics 2006 (D. A. Caughey, M. M. Hafez) (z-library.sk, 1lib.sk, z-lib.sk).pdf>] [391

]
</Volumes/SSD_LPF/sonicSolver/sonicSolver/papers/book/Frontiers of computational fluid dynamics 2006 (D. A. Caughey, M. M. Hafez) (z-library.sk, 1lib.sk, z-lib.sk).pdf, id=2899, page=195, 402.90524pt x 642.11896pt>
File: /Volumes/SSD_LPF/sonicSolver/sonicSolver/papers/book/Frontiers of computational fluid dynamics 2006 (D. A. Caughey, M. M. Hafez) (z-library.sk, 1lib.sk, z-lib.sk).pdf Graphic file (type pdf)
<use /Volumes/SSD_LPF/sonicSolver/sonicSolver/papers/book/Frontiers of computational fluid dynamics 2006 (D. A. Caughey, M. M. Hafez) (z-library.sk, 1lib.sk, z-lib.sk).pdf, page 195>
Package luatex.def Info: /Volumes/SSD_LPF/sonicSolver/sonicSolver/papers/book/Frontiers of computational fluid dynamics 2006 (D. A. Caughey, M. M. Hafez) (z-library.sk, 1lib.sk, z-lib.sk).pdf , page195 used on input line 938.
(luatex.def)             Requested size: 435.95395pt x 694.83026pt.
 [392

</Volumes/SSD_LPF/sonicSolver/sonicSolver/papers/book/Frontiers of computational fluid dynamics 2006 (D. A. Caughey, M. M. Hafez) (z-library.sk, 1lib.sk, z-lib.sk).pdf>] [393

]
</Volumes/SSD_LPF/sonicSolver/sonicSolver/papers/book/Frontiers of computational fluid dynamics 2006 (D. A. Caughey, M. M. Hafez) (z-library.sk, 1lib.sk, z-lib.sk).pdf, id=2912, page=196, 407.96315pt x 644.28705pt>
File: /Volumes/SSD_LPF/sonicSolver/sonicSolver/papers/book/Frontiers of computational fluid dynamics 2006 (D. A. Caughey, M. M. Hafez) (z-library.sk, 1lib.sk, z-lib.sk).pdf Graphic file (type pdf)
<use /Volumes/SSD_LPF/sonicSolver/sonicSolver/papers/book/Frontiers of computational fluid dynamics 2006 (D. A. Caughey, M. M. Hafez) (z-library.sk, 1lib.sk, z-lib.sk).pdf, page 196>
Package luatex.def Info: /Volumes/SSD_LPF/sonicSolver/sonicSolver/papers/book/Frontiers of computational fluid dynamics 2006 (D. A. Caughey, M. M. Hafez) (z-library.sk, 1lib.sk, z-lib.sk).pdf , page196 used on input line 942.
(luatex.def)             Requested size: 435.95395pt x 688.52504pt.
 [394

</Volumes/SSD_LPF/sonicSolver/sonicSolver/papers/book/Frontiers of computational fluid dynamics 2006 (D. A. Caughey, M. M. Hafez) (z-library.sk, 1lib.sk, z-lib.sk).pdf>] [395

]
</Volumes/SSD_LPF/sonicSolver/sonicSolver/papers/book/Frontiers of computational fluid dynamics 2006 (D. A. Caughey, M. M. Hafez) (z-library.sk, 1lib.sk, z-lib.sk).pdf, id=2926, page=197, 403.38705pt x 642.35884pt>
File: /Volumes/SSD_LPF/sonicSolver/sonicSolver/papers/book/Frontiers of computational fluid dynamics 2006 (D. A. Caughey, M. M. Hafez) (z-library.sk, 1lib.sk, z-lib.sk).pdf Graphic file (type pdf)
<use /Volumes/SSD_LPF/sonicSolver/sonicSolver/papers/book/Frontiers of computational fluid dynamics 2006 (D. A. Caughey, M. M. Hafez) (z-library.sk, 1lib.sk, z-lib.sk).pdf, page 197>
Package luatex.def Info: /Volumes/SSD_LPF/sonicSolver/sonicSolver/papers/book/Frontiers of computational fluid dynamics 2006 (D. A. Caughey, M. M. Hafez) (z-library.sk, 1lib.sk, z-lib.sk).pdf , page197 used on input line 947.
(luatex.def)             Requested size: 435.95395pt x 694.2371pt.
 [396

</Volumes/SSD_LPF/sonicSolver/sonicSolver/papers/book/Frontiers of computational fluid dynamics 2006 (D. A. Caughey, M. M. Hafez) (z-library.sk, 1lib.sk, z-lib.sk).pdf>] [397

]
</Volumes/SSD_LPF/sonicSolver/sonicSolver/papers/book/Frontiers of computational fluid dynamics 2006 (D. A. Caughey, M. M. Hafez) (z-library.sk, 1lib.sk, z-lib.sk).pdf, id=2954, page=198, 403.38705pt x 642.35884pt>
File: /Volumes/SSD_LPF/sonicSolver/sonicSolver/papers/book/Frontiers of computational fluid dynamics 2006 (D. A. Caughey, M. M. Hafez) (z-library.sk, 1lib.sk, z-lib.sk).pdf Graphic file (type pdf)
<use /Volumes/SSD_LPF/sonicSolver/sonicSolver/papers/book/Frontiers of computational fluid dynamics 2006 (D. A. Caughey, M. M. Hafez) (z-library.sk, 1lib.sk, z-lib.sk).pdf, page 198>
Package luatex.def Info: /Volumes/SSD_LPF/sonicSolver/sonicSolver/papers/book/Frontiers of computational fluid dynamics 2006 (D. A. Caughey, M. M. Hafez) (z-library.sk, 1lib.sk, z-lib.sk).pdf , page198 used on input line 951.
(luatex.def)             Requested size: 435.95395pt x 694.2371pt.
 [398

</Volumes/SSD_LPF/sonicSolver/sonicSolver/papers/book/Frontiers of computational fluid dynamics 2006 (D. A. Caughey, M. M. Hafez) (z-library.sk, 1lib.sk, z-lib.sk).pdf>] [399

]
</Volumes/SSD_LPF/sonicSolver/sonicSolver/papers/book/Frontiers of computational fluid dynamics 2006 (D. A. Caughey, M. M. Hafez) (z-library.sk, 1lib.sk, z-lib.sk).pdf, id=2967, page=199, 404.711pt x 641.75659pt>
File: /Volumes/SSD_LPF/sonicSolver/sonicSolver/papers/book/Frontiers of computational fluid dynamics 2006 (D. A. Caughey, M. M. Hafez) (z-library.sk, 1lib.sk, z-lib.sk).pdf Graphic file (type pdf)
<use /Volumes/SSD_LPF/sonicSolver/sonicSolver/papers/book/Frontiers of computational fluid dynamics 2006 (D. A. Caughey, M. M. Hafez) (z-library.sk, 1lib.sk, z-lib.sk).pdf, page 199>
Package luatex.def Info: /Volumes/SSD_LPF/sonicSolver/sonicSolver/papers/book/Frontiers of computational fluid dynamics 2006 (D. A. Caughey, M. M. Hafez) (z-library.sk, 1lib.sk, z-lib.sk).pdf , page199 used on input line 955.
(luatex.def)             Requested size: 435.95395pt x 691.33395pt.
 [400

</Volumes/SSD_LPF/sonicSolver/sonicSolver/papers/book/Frontiers of computational fluid dynamics 2006 (D. A. Caughey, M. M. Hafez) (z-library.sk, 1lib.sk, z-lib.sk).pdf>] [401

]
</Volumes/SSD_LPF/sonicSolver/sonicSolver/papers/book/Frontiers of computational fluid dynamics 2006 (D. A. Caughey, M. M. Hafez) (z-library.sk, 1lib.sk, z-lib.sk).pdf, id=2980, page=200, 404.59155pt x 643.32245pt>
File: /Volumes/SSD_LPF/sonicSolver/sonicSolver/papers/book/Frontiers of computational fluid dynamics 2006 (D. A. Caughey, M. M. Hafez) (z-library.sk, 1lib.sk, z-lib.sk).pdf Graphic file (type pdf)
<use /Volumes/SSD_LPF/sonicSolver/sonicSolver/papers/book/Frontiers of computational fluid dynamics 2006 (D. A. Caughey, M. M. Hafez) (z-library.sk, 1lib.sk, z-lib.sk).pdf, page 200>
Package luatex.def Info: /Volumes/SSD_LPF/sonicSolver/sonicSolver/papers/book/Frontiers of computational fluid dynamics 2006 (D. A. Caughey, M. M. Hafez) (z-library.sk, 1lib.sk, z-lib.sk).pdf , page200 used on input line 959.
(luatex.def)             Requested size: 435.95395pt x 693.23674pt.
 [402

</Volumes/SSD_LPF/sonicSolver/sonicSolver/papers/book/Frontiers of computational fluid dynamics 2006 (D. A. Caughey, M. M. Hafez) (z-library.sk, 1lib.sk, z-lib.sk).pdf>] [403

]
</Volumes/SSD_LPF/sonicSolver/sonicSolver/papers/book/Frontiers of computational fluid dynamics 2006 (D. A. Caughey, M. M. Hafez) (z-library.sk, 1lib.sk, z-lib.sk).pdf, id=2993, page=201, 401.5793pt x 640.0703pt>
File: /Volumes/SSD_LPF/sonicSolver/sonicSolver/papers/book/Frontiers of computational fluid dynamics 2006 (D. A. Caughey, M. M. Hafez) (z-library.sk, 1lib.sk, z-lib.sk).pdf Graphic file (type pdf)
<use /Volumes/SSD_LPF/sonicSolver/sonicSolver/papers/book/Frontiers of computational fluid dynamics 2006 (D. A. Caughey, M. M. Hafez) (z-library.sk, 1lib.sk, z-lib.sk).pdf, page 201>
Package luatex.def Info: /Volumes/SSD_LPF/sonicSolver/sonicSolver/papers/book/Frontiers of computational fluid dynamics 2006 (D. A. Caughey, M. M. Hafez) (z-library.sk, 1lib.sk, z-lib.sk).pdf , page201 used on input line 963.
(luatex.def)             Requested size: 435.95395pt x 694.87929pt.
 [404

</Volumes/SSD_LPF/sonicSolver/sonicSolver/papers/book/Frontiers of computational fluid dynamics 2006 (D. A. Caughey, M. M. Hafez) (z-library.sk, 1lib.sk, z-lib.sk).pdf>]
第九章
[405



]
</Volumes/SSD_LPF/sonicSolver/sonicSolver/papers/book/Frontiers of computational fluid dynamics 2006 (D. A. Caughey, M. M. Hafez) (z-library.sk, 1lib.sk, z-lib.sk).pdf, id=3011, page=202, 406.03696pt x 643.80424pt>
File: /Volumes/SSD_LPF/sonicSolver/sonicSolver/papers/book/Frontiers of computational fluid dynamics 2006 (D. A. Caughey, M. M. Hafez) (z-library.sk, 1lib.sk, z-lib.sk).pdf Graphic file (type pdf)
<use /Volumes/SSD_LPF/sonicSolver/sonicSolver/papers/book/Frontiers of computational fluid dynamics 2006 (D. A. Caughey, M. M. Hafez) (z-library.sk, 1lib.sk, z-lib.sk).pdf, page 202>
Package luatex.def Info: /Volumes/SSD_LPF/sonicSolver/sonicSolver/papers/book/Frontiers of computational fluid dynamics 2006 (D. A. Caughey, M. M. Hafez) (z-library.sk, 1lib.sk, z-lib.sk).pdf , page202 used on input line 970.
(luatex.def)             Requested size: 435.95395pt x 691.24106pt.
 [406

</Volumes/SSD_LPF/sonicSolver/sonicSolver/papers/book/Frontiers of computational fluid dynamics 2006 (D. A. Caughey, M. M. Hafez) (z-library.sk, 1lib.sk, z-lib.sk).pdf>] [407

]
</Volumes/SSD_LPF/sonicSolver/sonicSolver/papers/book/Frontiers of computational fluid dynamics 2006 (D. A. Caughey, M. M. Hafez) (z-library.sk, 1lib.sk, z-lib.sk).pdf, id=3026, page=203, 406.03696pt x 643.56435pt>
File: /Volumes/SSD_LPF/sonicSolver/sonicSolver/papers/book/Frontiers of computational fluid dynamics 2006 (D. A. Caughey, M. M. Hafez) (z-library.sk, 1lib.sk, z-lib.sk).pdf Graphic file (type pdf)
<use /Volumes/SSD_LPF/sonicSolver/sonicSolver/papers/book/Frontiers of computational fluid dynamics 2006 (D. A. Caughey, M. M. Hafez) (z-library.sk, 1lib.sk, z-lib.sk).pdf, page 203>
Package luatex.def Info: /Volumes/SSD_LPF/sonicSolver/sonicSolver/papers/book/Frontiers of computational fluid dynamics 2006 (D. A. Caughey, M. M. Hafez) (z-library.sk, 1lib.sk, z-lib.sk).pdf , page203 used on input line 975.
(luatex.def)             Requested size: 435.95395pt x 690.98349pt.
 [408

</Volumes/SSD_LPF/sonicSolver/sonicSolver/papers/book/Frontiers of computational fluid dynamics 2006 (D. A. Caughey, M. M. Hafez) (z-library.sk, 1lib.sk, z-lib.sk).pdf>] [409

]
</Volumes/SSD_LPF/sonicSolver/sonicSolver/papers/book/Frontiers of computational fluid dynamics 2006 (D. A. Caughey, M. M. Hafez) (z-library.sk, 1lib.sk, z-lib.sk).pdf, id=3039, page=204, 402.90524pt x 642.11896pt>
File: /Volumes/SSD_LPF/sonicSolver/sonicSolver/papers/book/Frontiers of computational fluid dynamics 2006 (D. A. Caughey, M. M. Hafez) (z-library.sk, 1lib.sk, z-lib.sk).pdf Graphic file (type pdf)
<use /Volumes/SSD_LPF/sonicSolver/sonicSolver/papers/book/Frontiers of computational fluid dynamics 2006 (D. A. Caughey, M. M. Hafez) (z-library.sk, 1lib.sk, z-lib.sk).pdf, page 204>
Package luatex.def Info: /Volumes/SSD_LPF/sonicSolver/sonicSolver/papers/book/Frontiers of computational fluid dynamics 2006 (D. A. Caughey, M. M. Hafez) (z-library.sk, 1lib.sk, z-lib.sk).pdf , page204 used on input line 979.
(luatex.def)             Requested size: 435.95395pt x 694.83026pt.
 [410

</Volumes/SSD_LPF/sonicSolver/sonicSolver/papers/book/Frontiers of computational fluid dynamics 2006 (D. A. Caughey, M. M. Hafez) (z-library.sk, 1lib.sk, z-lib.sk).pdf>] [411

]
</Volumes/SSD_LPF/sonicSolver/sonicSolver/papers/book/Frontiers of computational fluid dynamics 2006 (D. A. Caughey, M. M. Hafez) (z-library.sk, 1lib.sk, z-lib.sk).pdf, id=3054, page=205, 404.711pt x 641.5167pt>
File: /Volumes/SSD_LPF/sonicSolver/sonicSolver/papers/book/Frontiers of computational fluid dynamics 2006 (D. A. Caughey, M. M. Hafez) (z-library.sk, 1lib.sk, z-lib.sk).pdf Graphic file (type pdf)
<use /Volumes/SSD_LPF/sonicSolver/sonicSolver/papers/book/Frontiers of computational fluid dynamics 2006 (D. A. Caughey, M. M. Hafez) (z-library.sk, 1lib.sk, z-lib.sk).pdf, page 205>
Package luatex.def Info: /Volumes/SSD_LPF/sonicSolver/sonicSolver/papers/book/Frontiers of computational fluid dynamics 2006 (D. A. Caughey, M. M. Hafez) (z-library.sk, 1lib.sk, z-lib.sk).pdf , page205 used on input line 984.
(luatex.def)             Requested size: 435.95395pt x 691.07553pt.
 [412

</Volumes/SSD_LPF/sonicSolver/sonicSolver/papers/book/Frontiers of computational fluid dynamics 2006 (D. A. Caughey, M. M. Hafez) (z-library.sk, 1lib.sk, z-lib.sk).pdf>] [413

]
</Volumes/SSD_LPF/sonicSolver/sonicSolver/papers/book/Frontiers of computational fluid dynamics 2006 (D. A. Caughey, M. M. Hafez) (z-library.sk, 1lib.sk, z-lib.sk).pdf, id=3067, page=206, 406.03696pt x 643.56435pt>
File: /Volumes/SSD_LPF/sonicSolver/sonicSolver/papers/book/Frontiers of computational fluid dynamics 2006 (D. A. Caughey, M. M. Hafez) (z-library.sk, 1lib.sk, z-lib.sk).pdf Graphic file (type pdf)
<use /Volumes/SSD_LPF/sonicSolver/sonicSolver/papers/book/Frontiers of computational fluid dynamics 2006 (D. A. Caughey, M. M. Hafez) (z-library.sk, 1lib.sk, z-lib.sk).pdf, page 206>
Package luatex.def Info: /Volumes/SSD_LPF/sonicSolver/sonicSolver/papers/book/Frontiers of computational fluid dynamics 2006 (D. A. Caughey, M. M. Hafez) (z-library.sk, 1lib.sk, z-lib.sk).pdf , page206 used on input line 988.
(luatex.def)             Requested size: 435.95395pt x 690.98349pt.
 [414

</Volumes/SSD_LPF/sonicSolver/sonicSolver/papers/book/Frontiers of computational fluid dynamics 2006 (D. A. Caughey, M. M. Hafez) (z-library.sk, 1lib.sk, z-lib.sk).pdf>] [415

]
</Volumes/SSD_LPF/sonicSolver/sonicSolver/papers/book/Frontiers of computational fluid dynamics 2006 (D. A. Caughey, M. M. Hafez) (z-library.sk, 1lib.sk, z-lib.sk).pdf, id=3081, page=207, 406.51875pt x 643.80424pt>
File: /Volumes/SSD_LPF/sonicSolver/sonicSolver/papers/book/Frontiers of computational fluid dynamics 2006 (D. A. Caughey, M. M. Hafez) (z-library.sk, 1lib.sk, z-lib.sk).pdf Graphic file (type pdf)
<use /Volumes/SSD_LPF/sonicSolver/sonicSolver/papers/book/Frontiers of computational fluid dynamics 2006 (D. A. Caughey, M. M. Hafez) (z-library.sk, 1lib.sk, z-lib.sk).pdf, page 207>
Package luatex.def Info: /Volumes/SSD_LPF/sonicSolver/sonicSolver/papers/book/Frontiers of computational fluid dynamics 2006 (D. A. Caughey, M. M. Hafez) (z-library.sk, 1lib.sk, z-lib.sk).pdf , page207 used on input line 993.
(luatex.def)             Requested size: 435.95395pt x 690.44534pt.
 [416

</Volumes/SSD_LPF/sonicSolver/sonicSolver/papers/book/Frontiers of computational fluid dynamics 2006 (D. A. Caughey, M. M. Hafez) (z-library.sk, 1lib.sk, z-lib.sk).pdf>] [417

]
</Volumes/SSD_LPF/sonicSolver/sonicSolver/papers/book/Frontiers of computational fluid dynamics 2006 (D. A. Caughey, M. M. Hafez) (z-library.sk, 1lib.sk, z-lib.sk).pdf, id=3096, page=208, 407.96315pt x 644.28705pt>
File: /Volumes/SSD_LPF/sonicSolver/sonicSolver/papers/book/Frontiers of computational fluid dynamics 2006 (D. A. Caughey, M. M. Hafez) (z-library.sk, 1lib.sk, z-lib.sk).pdf Graphic file (type pdf)
<use /Volumes/SSD_LPF/sonicSolver/sonicSolver/papers/book/Frontiers of computational fluid dynamics 2006 (D. A. Caughey, M. M. Hafez) (z-library.sk, 1lib.sk, z-lib.sk).pdf, page 208>
Package luatex.def Info: /Volumes/SSD_LPF/sonicSolver/sonicSolver/papers/book/Frontiers of computational fluid dynamics 2006 (D. A. Caughey, M. M. Hafez) (z-library.sk, 1lib.sk, z-lib.sk).pdf , page208 used on input line 998.
(luatex.def)             Requested size: 435.95395pt x 688.52504pt.
 [418

</Volumes/SSD_LPF/sonicSolver/sonicSolver/papers/book/Frontiers of computational fluid dynamics 2006 (D. A. Caughey, M. M. Hafez) (z-library.sk, 1lib.sk, z-lib.sk).pdf>] [419

]
</Volumes/SSD_LPF/sonicSolver/sonicSolver/papers/book/Frontiers of computational fluid dynamics 2006 (D. A. Caughey, M. M. Hafez) (z-library.sk, 1lib.sk, z-lib.sk).pdf, id=3109, page=209, 403.38705pt x 642.35884pt>
File: /Volumes/SSD_LPF/sonicSolver/sonicSolver/papers/book/Frontiers of computational fluid dynamics 2006 (D. A. Caughey, M. M. Hafez) (z-library.sk, 1lib.sk, z-lib.sk).pdf Graphic file (type pdf)
<use /Volumes/SSD_LPF/sonicSolver/sonicSolver/papers/book/Frontiers of computational fluid dynamics 2006 (D. A. Caughey, M. M. Hafez) (z-library.sk, 1lib.sk, z-lib.sk).pdf, page 209>
Package luatex.def Info: /Volumes/SSD_LPF/sonicSolver/sonicSolver/papers/book/Frontiers of computational fluid dynamics 2006 (D. A. Caughey, M. M. Hafez) (z-library.sk, 1lib.sk, z-lib.sk).pdf , page209 used on input line 1002.
(luatex.def)             Requested size: 435.95395pt x 694.2371pt.
 [420

</Volumes/SSD_LPF/sonicSolver/sonicSolver/papers/book/Frontiers of computational fluid dynamics 2006 (D. A. Caughey, M. M. Hafez) (z-library.sk, 1lib.sk, z-lib.sk).pdf>] [421

]
</Volumes/SSD_LPF/sonicSolver/sonicSolver/papers/book/Frontiers of computational fluid dynamics 2006 (D. A. Caughey, M. M. Hafez) (z-library.sk, 1lib.sk, z-lib.sk).pdf, id=3123, page=210, 409.16765pt x 645.25066pt>
File: /Volumes/SSD_LPF/sonicSolver/sonicSolver/papers/book/Frontiers of computational fluid dynamics 2006 (D. A. Caughey, M. M. Hafez) (z-library.sk, 1lib.sk, z-lib.sk).pdf Graphic file (type pdf)
<use /Volumes/SSD_LPF/sonicSolver/sonicSolver/papers/book/Frontiers of computational fluid dynamics 2006 (D. A. Caughey, M. M. Hafez) (z-library.sk, 1lib.sk, z-lib.sk).pdf, page 210>
Package luatex.def Info: /Volumes/SSD_LPF/sonicSolver/sonicSolver/papers/book/Frontiers of computational fluid dynamics 2006 (D. A. Caughey, M. M. Hafez) (z-library.sk, 1lib.sk, z-lib.sk).pdf , page210 used on input line 1007.
(luatex.def)             Requested size: 435.95395pt x 687.5069pt.
 [422

</Volumes/SSD_LPF/sonicSolver/sonicSolver/papers/book/Frontiers of computational fluid dynamics 2006 (D. A. Caughey, M. M. Hafez) (z-library.sk, 1lib.sk, z-lib.sk).pdf>] [423

]
</Volumes/SSD_LPF/sonicSolver/sonicSolver/papers/book/Frontiers of computational fluid dynamics 2006 (D. A. Caughey, M. M. Hafez) (z-library.sk, 1lib.sk, z-lib.sk).pdf, id=3138, page=211, 406.03696pt x 643.56435pt>
File: /Volumes/SSD_LPF/sonicSolver/sonicSolver/papers/book/Frontiers of computational fluid dynamics 2006 (D. A. Caughey, M. M. Hafez) (z-library.sk, 1lib.sk, z-lib.sk).pdf Graphic file (type pdf)
<use /Volumes/SSD_LPF/sonicSolver/sonicSolver/papers/book/Frontiers of computational fluid dynamics 2006 (D. A. Caughey, M. M. Hafez) (z-library.sk, 1lib.sk, z-lib.sk).pdf, page 211>
Package luatex.def Info: /Volumes/SSD_LPF/sonicSolver/sonicSolver/papers/book/Frontiers of computational fluid dynamics 2006 (D. A. Caughey, M. M. Hafez) (z-library.sk, 1lib.sk, z-lib.sk).pdf , page211 used on input line 1013.
(luatex.def)             Requested size: 435.95395pt x 690.98349pt.
 [424

</Volumes/SSD_LPF/sonicSolver/sonicSolver/papers/book/Frontiers of computational fluid dynamics 2006 (D. A. Caughey, M. M. Hafez) (z-library.sk, 1lib.sk, z-lib.sk).pdf>] [425

]
</Volumes/SSD_LPF/sonicSolver/sonicSolver/papers/book/Frontiers of computational fluid dynamics 2006 (D. A. Caughey, M. M. Hafez) (z-library.sk, 1lib.sk, z-lib.sk).pdf, id=3152, page=212, 402.90524pt x 642.11896pt>
File: /Volumes/SSD_LPF/sonicSolver/sonicSolver/papers/book/Frontiers of computational fluid dynamics 2006 (D. A. Caughey, M. M. Hafez) (z-library.sk, 1lib.sk, z-lib.sk).pdf Graphic file (type pdf)
<use /Volumes/SSD_LPF/sonicSolver/sonicSolver/papers/book/Frontiers of computational fluid dynamics 2006 (D. A. Caughey, M. M. Hafez) (z-library.sk, 1lib.sk, z-lib.sk).pdf, page 212>
Package luatex.def Info: /Volumes/SSD_LPF/sonicSolver/sonicSolver/papers/book/Frontiers of computational fluid dynamics 2006 (D. A. Caughey, M. M. Hafez) (z-library.sk, 1lib.sk, z-lib.sk).pdf , page212 used on input line 1018.
(luatex.def)             Requested size: 435.95395pt x 694.83026pt.
 [426

</Volumes/SSD_LPF/sonicSolver/sonicSolver/papers/book/Frontiers of computational fluid dynamics 2006 (D. A. Caughey, M. M. Hafez) (z-library.sk, 1lib.sk, z-lib.sk).pdf>] [427

]
</Volumes/SSD_LPF/sonicSolver/sonicSolver/papers/book/Frontiers of computational fluid dynamics 2006 (D. A. Caughey, M. M. Hafez) (z-library.sk, 1lib.sk, z-lib.sk).pdf, id=3166, page=213, 401.5793pt x 640.0703pt>
File: /Volumes/SSD_LPF/sonicSolver/sonicSolver/papers/book/Frontiers of computational fluid dynamics 2006 (D. A. Caughey, M. M. Hafez) (z-library.sk, 1lib.sk, z-lib.sk).pdf Graphic file (type pdf)
<use /Volumes/SSD_LPF/sonicSolver/sonicSolver/papers/book/Frontiers of computational fluid dynamics 2006 (D. A. Caughey, M. M. Hafez) (z-library.sk, 1lib.sk, z-lib.sk).pdf, page 213>
Package luatex.def Info: /Volumes/SSD_LPF/sonicSolver/sonicSolver/papers/book/Frontiers of computational fluid dynamics 2006 (D. A. Caughey, M. M. Hafez) (z-library.sk, 1lib.sk, z-lib.sk).pdf , page213 used on input line 1022.
(luatex.def)             Requested size: 435.95395pt x 694.87929pt.
 [428

</Volumes/SSD_LPF/sonicSolver/sonicSolver/papers/book/Frontiers of computational fluid dynamics 2006 (D. A. Caughey, M. M. Hafez) (z-library.sk, 1lib.sk, z-lib.sk).pdf>] [429

]
</Volumes/SSD_LPF/sonicSolver/sonicSolver/papers/book/Frontiers of computational fluid dynamics 2006 (D. A. Caughey, M. M. Hafez) (z-library.sk, 1lib.sk, z-lib.sk).pdf, id=3180, page=214, 405.31325pt x 643.56435pt>
File: /Volumes/SSD_LPF/sonicSolver/sonicSolver/papers/book/Frontiers of computational fluid dynamics 2006 (D. A. Caughey, M. M. Hafez) (z-library.sk, 1lib.sk, z-lib.sk).pdf Graphic file (type pdf)
<use /Volumes/SSD_LPF/sonicSolver/sonicSolver/papers/book/Frontiers of computational fluid dynamics 2006 (D. A. Caughey, M. M. Hafez) (z-library.sk, 1lib.sk, z-lib.sk).pdf, page 214>
Package luatex.def Info: /Volumes/SSD_LPF/sonicSolver/sonicSolver/papers/book/Frontiers of computational fluid dynamics 2006 (D. A. Caughey, M. M. Hafez) (z-library.sk, 1lib.sk, z-lib.sk).pdf , page214 used on input line 1027.
(luatex.def)             Requested size: 435.95395pt x 692.26009pt.
 [430

</Volumes/SSD_LPF/sonicSolver/sonicSolver/papers/book/Frontiers of computational fluid dynamics 2006 (D. A. Caughey, M. M. Hafez) (z-library.sk, 1lib.sk, z-lib.sk).pdf>] [431

]
</Volumes/SSD_LPF/sonicSolver/sonicSolver/papers/book/Frontiers of computational fluid dynamics 2006 (D. A. Caughey, M. M. Hafez) (z-library.sk, 1lib.sk, z-lib.sk).pdf, id=3195, page=215, 406.03696pt x 643.56435pt>
File: /Volumes/SSD_LPF/sonicSolver/sonicSolver/papers/book/Frontiers of computational fluid dynamics 2006 (D. A. Caughey, M. M. Hafez) (z-library.sk, 1lib.sk, z-lib.sk).pdf Graphic file (type pdf)
<use /Volumes/SSD_LPF/sonicSolver/sonicSolver/papers/book/Frontiers of computational fluid dynamics 2006 (D. A. Caughey, M. M. Hafez) (z-library.sk, 1lib.sk, z-lib.sk).pdf, page 215>
Package luatex.def Info: /Volumes/SSD_LPF/sonicSolver/sonicSolver/papers/book/Frontiers of computational fluid dynamics 2006 (D. A. Caughey, M. M. Hafez) (z-library.sk, 1lib.sk, z-lib.sk).pdf , page215 used on input line 1032.
(luatex.def)             Requested size: 435.95395pt x 690.98349pt.
 [432

</Volumes/SSD_LPF/sonicSolver/sonicSolver/papers/book/Frontiers of computational fluid dynamics 2006 (D. A. Caughey, M. M. Hafez) (z-library.sk, 1lib.sk, z-lib.sk).pdf>] [433

]
</Volumes/SSD_LPF/sonicSolver/sonicSolver/papers/book/Frontiers of computational fluid dynamics 2006 (D. A. Caughey, M. M. Hafez) (z-library.sk, 1lib.sk, z-lib.sk).pdf, id=3208, page=216, 404.10875pt x 642.84065pt>
File: /Volumes/SSD_LPF/sonicSolver/sonicSolver/papers/book/Frontiers of computational fluid dynamics 2006 (D. A. Caughey, M. M. Hafez) (z-library.sk, 1lib.sk, z-lib.sk).pdf Graphic file (type pdf)
<use /Volumes/SSD_LPF/sonicSolver/sonicSolver/papers/book/Frontiers of computational fluid dynamics 2006 (D. A. Caughey, M. M. Hafez) (z-library.sk, 1lib.sk, z-lib.sk).pdf, page 216>
Package luatex.def Info: /Volumes/SSD_LPF/sonicSolver/sonicSolver/papers/book/Frontiers of computational fluid dynamics 2006 (D. A. Caughey, M. M. Hafez) (z-library.sk, 1lib.sk, z-lib.sk).pdf , page216 used on input line 1036.
(luatex.def)             Requested size: 435.95395pt x 693.5219pt.
 [434

</Volumes/SSD_LPF/sonicSolver/sonicSolver/papers/book/Frontiers of computational fluid dynamics 2006 (D. A. Caughey, M. M. Hafez) (z-library.sk, 1lib.sk, z-lib.sk).pdf>] [435

]
</Volumes/SSD_LPF/sonicSolver/sonicSolver/papers/book/Frontiers of computational fluid dynamics 2006 (D. A. Caughey, M. M. Hafez) (z-library.sk, 1lib.sk, z-lib.sk).pdf, id=3221, page=217, 402.90524pt x 642.11896pt>
File: /Volumes/SSD_LPF/sonicSolver/sonicSolver/papers/book/Frontiers of computational fluid dynamics 2006 (D. A. Caughey, M. M. Hafez) (z-library.sk, 1lib.sk, z-lib.sk).pdf Graphic file (type pdf)
<use /Volumes/SSD_LPF/sonicSolver/sonicSolver/papers/book/Frontiers of computational fluid dynamics 2006 (D. A. Caughey, M. M. Hafez) (z-library.sk, 1lib.sk, z-lib.sk).pdf, page 217>
Package luatex.def Info: /Volumes/SSD_LPF/sonicSolver/sonicSolver/papers/book/Frontiers of computational fluid dynamics 2006 (D. A. Caughey, M. M. Hafez) (z-library.sk, 1lib.sk, z-lib.sk).pdf , page217 used on input line 1040.
(luatex.def)             Requested size: 435.95395pt x 694.83026pt.
 [436

</Volumes/SSD_LPF/sonicSolver/sonicSolver/papers/book/Frontiers of computational fluid dynamics 2006 (D. A. Caughey, M. M. Hafez) (z-library.sk, 1lib.sk, z-lib.sk).pdf>]
第十章
[437



]
</Volumes/SSD_LPF/sonicSolver/sonicSolver/papers/book/Frontiers of computational fluid dynamics 2006 (D. A. Caughey, M. M. Hafez) (z-library.sk, 1lib.sk, z-lib.sk).pdf, id=3237, page=218, 402.90524pt x 642.11896pt>
File: /Volumes/SSD_LPF/sonicSolver/sonicSolver/papers/book/Frontiers of computational fluid dynamics 2006 (D. A. Caughey, M. M. Hafez) (z-library.sk, 1lib.sk, z-lib.sk).pdf Graphic file (type pdf)
<use /Volumes/SSD_LPF/sonicSolver/sonicSolver/papers/book/Frontiers of computational fluid dynamics 2006 (D. A. Caughey, M. M. Hafez) (z-library.sk, 1lib.sk, z-lib.sk).pdf, page 218>
Package luatex.def Info: /Volumes/SSD_LPF/sonicSolver/sonicSolver/papers/book/Frontiers of computational fluid dynamics 2006 (D. A. Caughey, M. M. Hafez) (z-library.sk, 1lib.sk, z-lib.sk).pdf , page218 used on input line 1047.
(luatex.def)             Requested size: 435.95395pt x 694.83026pt.
 [438

</Volumes/SSD_LPF/sonicSolver/sonicSolver/papers/book/Frontiers of computational fluid dynamics 2006 (D. A. Caughey, M. M. Hafez) (z-library.sk, 1lib.sk, z-lib.sk).pdf>] [439

]
</Volumes/SSD_LPF/sonicSolver/sonicSolver/papers/book/Frontiers of computational fluid dynamics 2006 (D. A. Caughey, M. M. Hafez) (z-library.sk, 1lib.sk, z-lib.sk).pdf, id=3251, page=219, 406.03696pt x 643.80424pt>
File: /Volumes/SSD_LPF/sonicSolver/sonicSolver/papers/book/Frontiers of computational fluid dynamics 2006 (D. A. Caughey, M. M. Hafez) (z-library.sk, 1lib.sk, z-lib.sk).pdf Graphic file (type pdf)
<use /Volumes/SSD_LPF/sonicSolver/sonicSolver/papers/book/Frontiers of computational fluid dynamics 2006 (D. A. Caughey, M. M. Hafez) (z-library.sk, 1lib.sk, z-lib.sk).pdf, page 219>
Package luatex.def Info: /Volumes/SSD_LPF/sonicSolver/sonicSolver/papers/book/Frontiers of computational fluid dynamics 2006 (D. A. Caughey, M. M. Hafez) (z-library.sk, 1lib.sk, z-lib.sk).pdf , page219 used on input line 1052.
(luatex.def)             Requested size: 435.95395pt x 691.24106pt.
 [440

</Volumes/SSD_LPF/sonicSolver/sonicSolver/papers/book/Frontiers of computational fluid dynamics 2006 (D. A. Caughey, M. M. Hafez) (z-library.sk, 1lib.sk, z-lib.sk).pdf>] [441

]
</Volumes/SSD_LPF/sonicSolver/sonicSolver/papers/book/Frontiers of computational fluid dynamics 2006 (D. A. Caughey, M. M. Hafez) (z-library.sk, 1lib.sk, z-lib.sk).pdf, id=3265, page=220, 402.90524pt x 642.11896pt>
File: /Volumes/SSD_LPF/sonicSolver/sonicSolver/papers/book/Frontiers of computational fluid dynamics 2006 (D. A. Caughey, M. M. Hafez) (z-library.sk, 1lib.sk, z-lib.sk).pdf Graphic file (type pdf)
<use /Volumes/SSD_LPF/sonicSolver/sonicSolver/papers/book/Frontiers of computational fluid dynamics 2006 (D. A. Caughey, M. M. Hafez) (z-library.sk, 1lib.sk, z-lib.sk).pdf, page 220>
Package luatex.def Info: /Volumes/SSD_LPF/sonicSolver/sonicSolver/papers/book/Frontiers of computational fluid dynamics 2006 (D. A. Caughey, M. M. Hafez) (z-library.sk, 1lib.sk, z-lib.sk).pdf , page220 used on input line 1057.
(luatex.def)             Requested size: 435.95395pt x 694.83026pt.
 [442

</Volumes/SSD_LPF/sonicSolver/sonicSolver/papers/book/Frontiers of computational fluid dynamics 2006 (D. A. Caughey, M. M. Hafez) (z-library.sk, 1lib.sk, z-lib.sk).pdf>] [443

]
</Volumes/SSD_LPF/sonicSolver/sonicSolver/papers/book/Frontiers of computational fluid dynamics 2006 (D. A. Caughey, M. M. Hafez) (z-library.sk, 1lib.sk, z-lib.sk).pdf, id=3278, page=221, 406.03696pt x 643.56435pt>
File: /Volumes/SSD_LPF/sonicSolver/sonicSolver/papers/book/Frontiers of computational fluid dynamics 2006 (D. A. Caughey, M. M. Hafez) (z-library.sk, 1lib.sk, z-lib.sk).pdf Graphic file (type pdf)
<use /Volumes/SSD_LPF/sonicSolver/sonicSolver/papers/book/Frontiers of computational fluid dynamics 2006 (D. A. Caughey, M. M. Hafez) (z-library.sk, 1lib.sk, z-lib.sk).pdf, page 221>
Package luatex.def Info: /Volumes/SSD_LPF/sonicSolver/sonicSolver/papers/book/Frontiers of computational fluid dynamics 2006 (D. A. Caughey, M. M. Hafez) (z-library.sk, 1lib.sk, z-lib.sk).pdf , page221 used on input line 1061.
(luatex.def)             Requested size: 435.95395pt x 690.98349pt.
 [444

</Volumes/SSD_LPF/sonicSolver/sonicSolver/papers/book/Frontiers of computational fluid dynamics 2006 (D. A. Caughey, M. M. Hafez) (z-library.sk, 1lib.sk, z-lib.sk).pdf>] [445

]
</Volumes/SSD_LPF/sonicSolver/sonicSolver/papers/book/Frontiers of computational fluid dynamics 2006 (D. A. Caughey, M. M. Hafez) (z-library.sk, 1lib.sk, z-lib.sk).pdf, id=3291, page=222, 404.10875pt x 642.84065pt>
File: /Volumes/SSD_LPF/sonicSolver/sonicSolver/papers/book/Frontiers of computational fluid dynamics 2006 (D. A. Caughey, M. M. Hafez) (z-library.sk, 1lib.sk, z-lib.sk).pdf Graphic file (type pdf)
<use /Volumes/SSD_LPF/sonicSolver/sonicSolver/papers/book/Frontiers of computational fluid dynamics 2006 (D. A. Caughey, M. M. Hafez) (z-library.sk, 1lib.sk, z-lib.sk).pdf, page 222>
Package luatex.def Info: /Volumes/SSD_LPF/sonicSolver/sonicSolver/papers/book/Frontiers of computational fluid dynamics 2006 (D. A. Caughey, M. M. Hafez) (z-library.sk, 1lib.sk, z-lib.sk).pdf , page222 used on input line 1065.
(luatex.def)             Requested size: 435.95395pt x 693.5219pt.
 [446

</Volumes/SSD_LPF/sonicSolver/sonicSolver/papers/book/Frontiers of computational fluid dynamics 2006 (D. A. Caughey, M. M. Hafez) (z-library.sk, 1lib.sk, z-lib.sk).pdf>] [447

]
</Volumes/SSD_LPF/sonicSolver/sonicSolver/papers/book/Frontiers of computational fluid dynamics 2006 (D. A. Caughey, M. M. Hafez) (z-library.sk, 1lib.sk, z-lib.sk).pdf, id=3306, page=223, 404.711pt x 641.9985pt>
File: /Volumes/SSD_LPF/sonicSolver/sonicSolver/papers/book/Frontiers of computational fluid dynamics 2006 (D. A. Caughey, M. M. Hafez) (z-library.sk, 1lib.sk, z-lib.sk).pdf Graphic file (type pdf)
<use /Volumes/SSD_LPF/sonicSolver/sonicSolver/papers/book/Frontiers of computational fluid dynamics 2006 (D. A. Caughey, M. M. Hafez) (z-library.sk, 1lib.sk, z-lib.sk).pdf, page 223>
Package luatex.def Info: /Volumes/SSD_LPF/sonicSolver/sonicSolver/papers/book/Frontiers of computational fluid dynamics 2006 (D. A. Caughey, M. M. Hafez) (z-library.sk, 1lib.sk, z-lib.sk).pdf , page223 used on input line 1070.
(luatex.def)             Requested size: 435.95395pt x 691.59456pt.
 [448

</Volumes/SSD_LPF/sonicSolver/sonicSolver/papers/book/Frontiers of computational fluid dynamics 2006 (D. A. Caughey, M. M. Hafez) (z-library.sk, 1lib.sk, z-lib.sk).pdf>] [449

]
</Volumes/SSD_LPF/sonicSolver/sonicSolver/papers/book/Frontiers of computational fluid dynamics 2006 (D. A. Caughey, M. M. Hafez) (z-library.sk, 1lib.sk, z-lib.sk).pdf, id=3319, page=224, 405.9155pt x 642.2384pt>
File: /Volumes/SSD_LPF/sonicSolver/sonicSolver/papers/book/Frontiers of computational fluid dynamics 2006 (D. A. Caughey, M. M. Hafez) (z-library.sk, 1lib.sk, z-lib.sk).pdf Graphic file (type pdf)
<use /Volumes/SSD_LPF/sonicSolver/sonicSolver/papers/book/Frontiers of computational fluid dynamics 2006 (D. A. Caughey, M. M. Hafez) (z-library.sk, 1lib.sk, z-lib.sk).pdf, page 224>
Package luatex.def Info: /Volumes/SSD_LPF/sonicSolver/sonicSolver/papers/book/Frontiers of computational fluid dynamics 2006 (D. A. Caughey, M. M. Hafez) (z-library.sk, 1lib.sk, z-lib.sk).pdf , page224 used on input line 1074.
(luatex.def)             Requested size: 435.95395pt x 689.77544pt.
 [450

</Volumes/SSD_LPF/sonicSolver/sonicSolver/papers/book/Frontiers of computational fluid dynamics 2006 (D. A. Caughey, M. M. Hafez) (z-library.sk, 1lib.sk, z-lib.sk).pdf>] [451

]
</Volumes/SSD_LPF/sonicSolver/sonicSolver/papers/book/Frontiers of computational fluid dynamics 2006 (D. A. Caughey, M. M. Hafez) (z-library.sk, 1lib.sk, z-lib.sk).pdf, id=3333, page=225, 406.03696pt x 643.80424pt>
File: /Volumes/SSD_LPF/sonicSolver/sonicSolver/papers/book/Frontiers of computational fluid dynamics 2006 (D. A. Caughey, M. M. Hafez) (z-library.sk, 1lib.sk, z-lib.sk).pdf Graphic file (type pdf)
<use /Volumes/SSD_LPF/sonicSolver/sonicSolver/papers/book/Frontiers of computational fluid dynamics 2006 (D. A. Caughey, M. M. Hafez) (z-library.sk, 1lib.sk, z-lib.sk).pdf, page 225>
Package luatex.def Info: /Volumes/SSD_LPF/sonicSolver/sonicSolver/papers/book/Frontiers of computational fluid dynamics 2006 (D. A. Caughey, M. M. Hafez) (z-library.sk, 1lib.sk, z-lib.sk).pdf , page225 used on input line 1078.
(luatex.def)             Requested size: 435.95395pt x 691.24106pt.
 [452

</Volumes/SSD_LPF/sonicSolver/sonicSolver/papers/book/Frontiers of computational fluid dynamics 2006 (D. A. Caughey, M. M. Hafez) (z-library.sk, 1lib.sk, z-lib.sk).pdf>] [453

]
</Volumes/SSD_LPF/sonicSolver/sonicSolver/papers/book/Frontiers of computational fluid dynamics 2006 (D. A. Caughey, M. M. Hafez) (z-library.sk, 1lib.sk, z-lib.sk).pdf, id=3347, page=226, 404.10875pt x 642.84065pt>
File: /Volumes/SSD_LPF/sonicSolver/sonicSolver/papers/book/Frontiers of computational fluid dynamics 2006 (D. A. Caughey, M. M. Hafez) (z-library.sk, 1lib.sk, z-lib.sk).pdf Graphic file (type pdf)
<use /Volumes/SSD_LPF/sonicSolver/sonicSolver/papers/book/Frontiers of computational fluid dynamics 2006 (D. A. Caughey, M. M. Hafez) (z-library.sk, 1lib.sk, z-lib.sk).pdf, page 226>
Package luatex.def Info: /Volumes/SSD_LPF/sonicSolver/sonicSolver/papers/book/Frontiers of computational fluid dynamics 2006 (D. A. Caughey, M. M. Hafez) (z-library.sk, 1lib.sk, z-lib.sk).pdf , page226 used on input line 1083.
(luatex.def)             Requested size: 435.95395pt x 693.5219pt.
 [454

</Volumes/SSD_LPF/sonicSolver/sonicSolver/papers/book/Frontiers of computational fluid dynamics 2006 (D. A. Caughey, M. M. Hafez) (z-library.sk, 1lib.sk, z-lib.sk).pdf>] [455

]
</Volumes/SSD_LPF/sonicSolver/sonicSolver/papers/book/Frontiers of computational fluid dynamics 2006 (D. A. Caughey, M. M. Hafez) (z-library.sk, 1lib.sk, z-lib.sk).pdf, id=3360, page=227, 403.38705pt x 642.35884pt>
File: /Volumes/SSD_LPF/sonicSolver/sonicSolver/papers/book/Frontiers of computational fluid dynamics 2006 (D. A. Caughey, M. M. Hafez) (z-library.sk, 1lib.sk, z-lib.sk).pdf Graphic file (type pdf)
<use /Volumes/SSD_LPF/sonicSolver/sonicSolver/papers/book/Frontiers of computational fluid dynamics 2006 (D. A. Caughey, M. M. Hafez) (z-library.sk, 1lib.sk, z-lib.sk).pdf, page 227>
Package luatex.def Info: /Volumes/SSD_LPF/sonicSolver/sonicSolver/papers/book/Frontiers of computational fluid dynamics 2006 (D. A. Caughey, M. M. Hafez) (z-library.sk, 1lib.sk, z-lib.sk).pdf , page227 used on input line 1087.
(luatex.def)             Requested size: 435.95395pt x 694.2371pt.
 [456

</Volumes/SSD_LPF/sonicSolver/sonicSolver/papers/book/Frontiers of computational fluid dynamics 2006 (D. A. Caughey, M. M. Hafez) (z-library.sk, 1lib.sk, z-lib.sk).pdf>] [457

]
</Volumes/SSD_LPF/sonicSolver/sonicSolver/papers/book/Frontiers of computational fluid dynamics 2006 (D. A. Caughey, M. M. Hafez) (z-library.sk, 1lib.sk, z-lib.sk).pdf, id=3374, page=228, 406.03696pt x 643.56435pt>
File: /Volumes/SSD_LPF/sonicSolver/sonicSolver/papers/book/Frontiers of computational fluid dynamics 2006 (D. A. Caughey, M. M. Hafez) (z-library.sk, 1lib.sk, z-lib.sk).pdf Graphic file (type pdf)
<use /Volumes/SSD_LPF/sonicSolver/sonicSolver/papers/book/Frontiers of computational fluid dynamics 2006 (D. A. Caughey, M. M. Hafez) (z-library.sk, 1lib.sk, z-lib.sk).pdf, page 228>
Package luatex.def Info: /Volumes/SSD_LPF/sonicSolver/sonicSolver/papers/book/Frontiers of computational fluid dynamics 2006 (D. A. Caughey, M. M. Hafez) (z-library.sk, 1lib.sk, z-lib.sk).pdf , page228 used on input line 1091.
(luatex.def)             Requested size: 435.95395pt x 690.98349pt.
 [458

</Volumes/SSD_LPF/sonicSolver/sonicSolver/papers/book/Frontiers of computational fluid dynamics 2006 (D. A. Caughey, M. M. Hafez) (z-library.sk, 1lib.sk, z-lib.sk).pdf>] [459

]
</Volumes/SSD_LPF/sonicSolver/sonicSolver/papers/book/Frontiers of computational fluid dynamics 2006 (D. A. Caughey, M. M. Hafez) (z-library.sk, 1lib.sk, z-lib.sk).pdf, id=3389, page=229, 404.711pt x 641.5167pt>
File: /Volumes/SSD_LPF/sonicSolver/sonicSolver/papers/book/Frontiers of computational fluid dynamics 2006 (D. A. Caughey, M. M. Hafez) (z-library.sk, 1lib.sk, z-lib.sk).pdf Graphic file (type pdf)
<use /Volumes/SSD_LPF/sonicSolver/sonicSolver/papers/book/Frontiers of computational fluid dynamics 2006 (D. A. Caughey, M. M. Hafez) (z-library.sk, 1lib.sk, z-lib.sk).pdf, page 229>
Package luatex.def Info: /Volumes/SSD_LPF/sonicSolver/sonicSolver/papers/book/Frontiers of computational fluid dynamics 2006 (D. A. Caughey, M. M. Hafez) (z-library.sk, 1lib.sk, z-lib.sk).pdf , page229 used on input line 1097.
(luatex.def)             Requested size: 435.95395pt x 691.07553pt.
 [460

</Volumes/SSD_LPF/sonicSolver/sonicSolver/papers/book/Frontiers of computational fluid dynamics 2006 (D. A. Caughey, M. M. Hafez) (z-library.sk, 1lib.sk, z-lib.sk).pdf>] [461

]
</Volumes/SSD_LPF/sonicSolver/sonicSolver/papers/book/Frontiers of computational fluid dynamics 2006 (D. A. Caughey, M. M. Hafez) (z-library.sk, 1lib.sk, z-lib.sk).pdf, id=3403, page=230, 403.38705pt x 642.35884pt>
File: /Volumes/SSD_LPF/sonicSolver/sonicSolver/papers/book/Frontiers of computational fluid dynamics 2006 (D. A. Caughey, M. M. Hafez) (z-library.sk, 1lib.sk, z-lib.sk).pdf Graphic file (type pdf)
<use /Volumes/SSD_LPF/sonicSolver/sonicSolver/papers/book/Frontiers of computational fluid dynamics 2006 (D. A. Caughey, M. M. Hafez) (z-library.sk, 1lib.sk, z-lib.sk).pdf, page 230>
Package luatex.def Info: /Volumes/SSD_LPF/sonicSolver/sonicSolver/papers/book/Frontiers of computational fluid dynamics 2006 (D. A. Caughey, M. M. Hafez) (z-library.sk, 1lib.sk, z-lib.sk).pdf , page230 used on input line 1102.
(luatex.def)             Requested size: 435.95395pt x 694.2371pt.
 [462

</Volumes/SSD_LPF/sonicSolver/sonicSolver/papers/book/Frontiers of computational fluid dynamics 2006 (D. A. Caughey, M. M. Hafez) (z-library.sk, 1lib.sk, z-lib.sk).pdf>] [463

]
</Volumes/SSD_LPF/sonicSolver/sonicSolver/papers/book/Frontiers of computational fluid dynamics 2006 (D. A. Caughey, M. M. Hafez) (z-library.sk, 1lib.sk, z-lib.sk).pdf, id=3417, page=231, 403.38705pt x 642.35884pt>
File: /Volumes/SSD_LPF/sonicSolver/sonicSolver/papers/book/Frontiers of computational fluid dynamics 2006 (D. A. Caughey, M. M. Hafez) (z-library.sk, 1lib.sk, z-lib.sk).pdf Graphic file (type pdf)
<use /Volumes/SSD_LPF/sonicSolver/sonicSolver/papers/book/Frontiers of computational fluid dynamics 2006 (D. A. Caughey, M. M. Hafez) (z-library.sk, 1lib.sk, z-lib.sk).pdf, page 231>
Package luatex.def Info: /Volumes/SSD_LPF/sonicSolver/sonicSolver/papers/book/Frontiers of computational fluid dynamics 2006 (D. A. Caughey, M. M. Hafez) (z-library.sk, 1lib.sk, z-lib.sk).pdf , page231 used on input line 1107.
(luatex.def)             Requested size: 435.95395pt x 694.2371pt.
 [464

</Volumes/SSD_LPF/sonicSolver/sonicSolver/papers/book/Frontiers of computational fluid dynamics 2006 (D. A. Caughey, M. M. Hafez) (z-library.sk, 1lib.sk, z-lib.sk).pdf>] [465

]
</Volumes/SSD_LPF/sonicSolver/sonicSolver/papers/book/Frontiers of computational fluid dynamics 2006 (D. A. Caughey, M. M. Hafez) (z-library.sk, 1lib.sk, z-lib.sk).pdf, id=3430, page=232, 406.03696pt x 643.56435pt>
File: /Volumes/SSD_LPF/sonicSolver/sonicSolver/papers/book/Frontiers of computational fluid dynamics 2006 (D. A. Caughey, M. M. Hafez) (z-library.sk, 1lib.sk, z-lib.sk).pdf Graphic file (type pdf)
<use /Volumes/SSD_LPF/sonicSolver/sonicSolver/papers/book/Frontiers of computational fluid dynamics 2006 (D. A. Caughey, M. M. Hafez) (z-library.sk, 1lib.sk, z-lib.sk).pdf, page 232>
Package luatex.def Info: /Volumes/SSD_LPF/sonicSolver/sonicSolver/papers/book/Frontiers of computational fluid dynamics 2006 (D. A. Caughey, M. M. Hafez) (z-library.sk, 1lib.sk, z-lib.sk).pdf , page232 used on input line 1111.
(luatex.def)             Requested size: 435.95395pt x 690.98349pt.
 [466

</Volumes/SSD_LPF/sonicSolver/sonicSolver/papers/book/Frontiers of computational fluid dynamics 2006 (D. A. Caughey, M. M. Hafez) (z-library.sk, 1lib.sk, z-lib.sk).pdf>] [467

]
</Volumes/SSD_LPF/sonicSolver/sonicSolver/papers/book/Frontiers of computational fluid dynamics 2006 (D. A. Caughey, M. M. Hafez) (z-library.sk, 1lib.sk, z-lib.sk).pdf, id=3445, page=233, 404.10875pt x 642.84065pt>
File: /Volumes/SSD_LPF/sonicSolver/sonicSolver/papers/book/Frontiers of computational fluid dynamics 2006 (D. A. Caughey, M. M. Hafez) (z-library.sk, 1lib.sk, z-lib.sk).pdf Graphic file (type pdf)
<use /Volumes/SSD_LPF/sonicSolver/sonicSolver/papers/book/Frontiers of computational fluid dynamics 2006 (D. A. Caughey, M. M. Hafez) (z-library.sk, 1lib.sk, z-lib.sk).pdf, page 233>
Package luatex.def Info: /Volumes/SSD_LPF/sonicSolver/sonicSolver/papers/book/Frontiers of computational fluid dynamics 2006 (D. A. Caughey, M. M. Hafez) (z-library.sk, 1lib.sk, z-lib.sk).pdf , page233 used on input line 1116.
(luatex.def)             Requested size: 435.95395pt x 693.5219pt.
 [468

</Volumes/SSD_LPF/sonicSolver/sonicSolver/papers/book/Frontiers of computational fluid dynamics 2006 (D. A. Caughey, M. M. Hafez) (z-library.sk, 1lib.sk, z-lib.sk).pdf>] [469

]
</Volumes/SSD_LPF/sonicSolver/sonicSolver/papers/book/Frontiers of computational fluid dynamics 2006 (D. A. Caughey, M. M. Hafez) (z-library.sk, 1lib.sk, z-lib.sk).pdf, id=3459, page=234, 406.03696pt x 643.56435pt>
File: /Volumes/SSD_LPF/sonicSolver/sonicSolver/papers/book/Frontiers of computational fluid dynamics 2006 (D. A. Caughey, M. M. Hafez) (z-library.sk, 1lib.sk, z-lib.sk).pdf Graphic file (type pdf)
<use /Volumes/SSD_LPF/sonicSolver/sonicSolver/papers/book/Frontiers of computational fluid dynamics 2006 (D. A. Caughey, M. M. Hafez) (z-library.sk, 1lib.sk, z-lib.sk).pdf, page 234>
Package luatex.def Info: /Volumes/SSD_LPF/sonicSolver/sonicSolver/papers/book/Frontiers of computational fluid dynamics 2006 (D. A. Caughey, M. M. Hafez) (z-library.sk, 1lib.sk, z-lib.sk).pdf , page234 used on input line 1121.
(luatex.def)             Requested size: 435.95395pt x 690.98349pt.
 [470

</Volumes/SSD_LPF/sonicSolver/sonicSolver/papers/book/Frontiers of computational fluid dynamics 2006 (D. A. Caughey, M. M. Hafez) (z-library.sk, 1lib.sk, z-lib.sk).pdf>] [471

]
</Volumes/SSD_LPF/sonicSolver/sonicSolver/papers/book/Frontiers of computational fluid dynamics 2006 (D. A. Caughey, M. M. Hafez) (z-library.sk, 1lib.sk, z-lib.sk).pdf, id=3472, page=235, 406.03696pt x 643.80424pt>
File: /Volumes/SSD_LPF/sonicSolver/sonicSolver/papers/book/Frontiers of computational fluid dynamics 2006 (D. A. Caughey, M. M. Hafez) (z-library.sk, 1lib.sk, z-lib.sk).pdf Graphic file (type pdf)
<use /Volumes/SSD_LPF/sonicSolver/sonicSolver/papers/book/Frontiers of computational fluid dynamics 2006 (D. A. Caughey, M. M. Hafez) (z-library.sk, 1lib.sk, z-lib.sk).pdf, page 235>
Package luatex.def Info: /Volumes/SSD_LPF/sonicSolver/sonicSolver/papers/book/Frontiers of computational fluid dynamics 2006 (D. A. Caughey, M. M. Hafez) (z-library.sk, 1lib.sk, z-lib.sk).pdf , page235 used on input line 1125.
(luatex.def)             Requested size: 435.95395pt x 691.24106pt.
 [472

</Volumes/SSD_LPF/sonicSolver/sonicSolver/papers/book/Frontiers of computational fluid dynamics 2006 (D. A. Caughey, M. M. Hafez) (z-library.sk, 1lib.sk, z-lib.sk).pdf>] [473

]
</Volumes/SSD_LPF/sonicSolver/sonicSolver/papers/book/Frontiers of computational fluid dynamics 2006 (D. A. Caughey, M. M. Hafez) (z-library.sk, 1lib.sk, z-lib.sk).pdf, id=3488, page=236, 404.10875pt x 642.84065pt>
File: /Volumes/SSD_LPF/sonicSolver/sonicSolver/papers/book/Frontiers of computational fluid dynamics 2006 (D. A. Caughey, M. M. Hafez) (z-library.sk, 1lib.sk, z-lib.sk).pdf Graphic file (type pdf)
<use /Volumes/SSD_LPF/sonicSolver/sonicSolver/papers/book/Frontiers of computational fluid dynamics 2006 (D. A. Caughey, M. M. Hafez) (z-library.sk, 1lib.sk, z-lib.sk).pdf, page 236>
Package luatex.def Info: /Volumes/SSD_LPF/sonicSolver/sonicSolver/papers/book/Frontiers of computational fluid dynamics 2006 (D. A. Caughey, M. M. Hafez) (z-library.sk, 1lib.sk, z-lib.sk).pdf , page236 used on input line 1131.
(luatex.def)             Requested size: 435.95395pt x 693.5219pt.
 [474

</Volumes/SSD_LPF/sonicSolver/sonicSolver/papers/book/Frontiers of computational fluid dynamics 2006 (D. A. Caughey, M. M. Hafez) (z-library.sk, 1lib.sk, z-lib.sk).pdf>] [475

]
</Volumes/SSD_LPF/sonicSolver/sonicSolver/papers/book/Frontiers of computational fluid dynamics 2006 (D. A. Caughey, M. M. Hafez) (z-library.sk, 1lib.sk, z-lib.sk).pdf, id=3502, page=237, 406.51875pt x 644.04515pt>
File: /Volumes/SSD_LPF/sonicSolver/sonicSolver/papers/book/Frontiers of computational fluid dynamics 2006 (D. A. Caughey, M. M. Hafez) (z-library.sk, 1lib.sk, z-lib.sk).pdf Graphic file (type pdf)
<use /Volumes/SSD_LPF/sonicSolver/sonicSolver/papers/book/Frontiers of computational fluid dynamics 2006 (D. A. Caughey, M. M. Hafez) (z-library.sk, 1lib.sk, z-lib.sk).pdf, page 237>
Package luatex.def Info: /Volumes/SSD_LPF/sonicSolver/sonicSolver/papers/book/Frontiers of computational fluid dynamics 2006 (D. A. Caughey, M. M. Hafez) (z-library.sk, 1lib.sk, z-lib.sk).pdf , page237 used on input line 1136.
(luatex.def)             Requested size: 435.95395pt x 690.70369pt.
 [476

</Volumes/SSD_LPF/sonicSolver/sonicSolver/papers/book/Frontiers of computational fluid dynamics 2006 (D. A. Caughey, M. M. Hafez) (z-library.sk, 1lib.sk, z-lib.sk).pdf>] [477

]
</Volumes/SSD_LPF/sonicSolver/sonicSolver/papers/book/Frontiers of computational fluid dynamics 2006 (D. A. Caughey, M. M. Hafez) (z-library.sk, 1lib.sk, z-lib.sk).pdf, id=3517, page=238, 402.7838pt x 640.793pt>
File: /Volumes/SSD_LPF/sonicSolver/sonicSolver/papers/book/Frontiers of computational fluid dynamics 2006 (D. A. Caughey, M. M. Hafez) (z-library.sk, 1lib.sk, z-lib.sk).pdf Graphic file (type pdf)
<use /Volumes/SSD_LPF/sonicSolver/sonicSolver/papers/book/Frontiers of computational fluid dynamics 2006 (D. A. Caughey, M. M. Hafez) (z-library.sk, 1lib.sk, z-lib.sk).pdf, page 238>
Package luatex.def Info: /Volumes/SSD_LPF/sonicSolver/sonicSolver/papers/book/Frontiers of computational fluid dynamics 2006 (D. A. Caughey, M. M. Hafez) (z-library.sk, 1lib.sk, z-lib.sk).pdf , page238 used on input line 1141.
(luatex.def)             Requested size: 435.95395pt x 693.56168pt.
 [478

</Volumes/SSD_LPF/sonicSolver/sonicSolver/papers/book/Frontiers of computational fluid dynamics 2006 (D. A. Caughey, M. M. Hafez) (z-library.sk, 1lib.sk, z-lib.sk).pdf>] [479

]
</Volumes/SSD_LPF/sonicSolver/sonicSolver/papers/book/Frontiers of computational fluid dynamics 2006 (D. A. Caughey, M. M. Hafez) (z-library.sk, 1lib.sk, z-lib.sk).pdf, id=3533, page=239, 406.03696pt x 644.04515pt>
File: /Volumes/SSD_LPF/sonicSolver/sonicSolver/papers/book/Frontiers of computational fluid dynamics 2006 (D. A. Caughey, M. M. Hafez) (z-library.sk, 1lib.sk, z-lib.sk).pdf Graphic file (type pdf)
<use /Volumes/SSD_LPF/sonicSolver/sonicSolver/papers/book/Frontiers of computational fluid dynamics 2006 (D. A. Caughey, M. M. Hafez) (z-library.sk, 1lib.sk, z-lib.sk).pdf, page 239>
Package luatex.def Info: /Volumes/SSD_LPF/sonicSolver/sonicSolver/papers/book/Frontiers of computational fluid dynamics 2006 (D. A. Caughey, M. M. Hafez) (z-library.sk, 1lib.sk, z-lib.sk).pdf , page239 used on input line 1148.
(luatex.def)             Requested size: 435.95395pt x 691.49971pt.
 [480

</Volumes/SSD_LPF/sonicSolver/sonicSolver/papers/book/Frontiers of computational fluid dynamics 2006 (D. A. Caughey, M. M. Hafez) (z-library.sk, 1lib.sk, z-lib.sk).pdf>] [481

]
</Volumes/SSD_LPF/sonicSolver/sonicSolver/papers/book/Frontiers of computational fluid dynamics 2006 (D. A. Caughey, M. M. Hafez) (z-library.sk, 1lib.sk, z-lib.sk).pdf, id=3548, page=240, 406.51875pt x 644.04515pt>
File: /Volumes/SSD_LPF/sonicSolver/sonicSolver/papers/book/Frontiers of computational fluid dynamics 2006 (D. A. Caughey, M. M. Hafez) (z-library.sk, 1lib.sk, z-lib.sk).pdf Graphic file (type pdf)
<use /Volumes/SSD_LPF/sonicSolver/sonicSolver/papers/book/Frontiers of computational fluid dynamics 2006 (D. A. Caughey, M. M. Hafez) (z-library.sk, 1lib.sk, z-lib.sk).pdf, page 240>
Package luatex.def Info: /Volumes/SSD_LPF/sonicSolver/sonicSolver/papers/book/Frontiers of computational fluid dynamics 2006 (D. A. Caughey, M. M. Hafez) (z-library.sk, 1lib.sk, z-lib.sk).pdf , page240 used on input line 1154.
(luatex.def)             Requested size: 435.95395pt x 690.70369pt.
 [482

</Volumes/SSD_LPF/sonicSolver/sonicSolver/papers/book/Frontiers of computational fluid dynamics 2006 (D. A. Caughey, M. M. Hafez) (z-library.sk, 1lib.sk, z-lib.sk).pdf>] [483

]
</Volumes/SSD_LPF/sonicSolver/sonicSolver/papers/book/Frontiers of computational fluid dynamics 2006 (D. A. Caughey, M. M. Hafez) (z-library.sk, 1lib.sk, z-lib.sk).pdf, id=3562, page=241, 406.03696pt x 643.80424pt>
File: /Volumes/SSD_LPF/sonicSolver/sonicSolver/papers/book/Frontiers of computational fluid dynamics 2006 (D. A. Caughey, M. M. Hafez) (z-library.sk, 1lib.sk, z-lib.sk).pdf Graphic file (type pdf)
<use /Volumes/SSD_LPF/sonicSolver/sonicSolver/papers/book/Frontiers of computational fluid dynamics 2006 (D. A. Caughey, M. M. Hafez) (z-library.sk, 1lib.sk, z-lib.sk).pdf, page 241>
Package luatex.def Info: /Volumes/SSD_LPF/sonicSolver/sonicSolver/papers/book/Frontiers of computational fluid dynamics 2006 (D. A. Caughey, M. M. Hafez) (z-library.sk, 1lib.sk, z-lib.sk).pdf , page241 used on input line 1159.
(luatex.def)             Requested size: 435.95395pt x 691.24106pt.
 [484

</Volumes/SSD_LPF/sonicSolver/sonicSolver/papers/book/Frontiers of computational fluid dynamics 2006 (D. A. Caughey, M. M. Hafez) (z-library.sk, 1lib.sk, z-lib.sk).pdf>] [485

]
</Volumes/SSD_LPF/sonicSolver/sonicSolver/papers/book/Frontiers of computational fluid dynamics 2006 (D. A. Caughey, M. M. Hafez) (z-library.sk, 1lib.sk, z-lib.sk).pdf, id=3576, page=242, 402.90524pt x 642.11896pt>
File: /Volumes/SSD_LPF/sonicSolver/sonicSolver/papers/book/Frontiers of computational fluid dynamics 2006 (D. A. Caughey, M. M. Hafez) (z-library.sk, 1lib.sk, z-lib.sk).pdf Graphic file (type pdf)
<use /Volumes/SSD_LPF/sonicSolver/sonicSolver/papers/book/Frontiers of computational fluid dynamics 2006 (D. A. Caughey, M. M. Hafez) (z-library.sk, 1lib.sk, z-lib.sk).pdf, page 242>
Package luatex.def Info: /Volumes/SSD_LPF/sonicSolver/sonicSolver/papers/book/Frontiers of computational fluid dynamics 2006 (D. A. Caughey, M. M. Hafez) (z-library.sk, 1lib.sk, z-lib.sk).pdf , page242 used on input line 1164.
(luatex.def)             Requested size: 435.95395pt x 694.83026pt.
 [486

</Volumes/SSD_LPF/sonicSolver/sonicSolver/papers/book/Frontiers of computational fluid dynamics 2006 (D. A. Caughey, M. M. Hafez) (z-library.sk, 1lib.sk, z-lib.sk).pdf>] [487

]
</Volumes/SSD_LPF/sonicSolver/sonicSolver/papers/book/Frontiers of computational fluid dynamics 2006 (D. A. Caughey, M. M. Hafez) (z-library.sk, 1lib.sk, z-lib.sk).pdf, id=3590, page=243, 401.5793pt x 640.0703pt>
File: /Volumes/SSD_LPF/sonicSolver/sonicSolver/papers/book/Frontiers of computational fluid dynamics 2006 (D. A. Caughey, M. M. Hafez) (z-library.sk, 1lib.sk, z-lib.sk).pdf Graphic file (type pdf)
<use /Volumes/SSD_LPF/sonicSolver/sonicSolver/papers/book/Frontiers of computational fluid dynamics 2006 (D. A. Caughey, M. M. Hafez) (z-library.sk, 1lib.sk, z-lib.sk).pdf, page 243>
Package luatex.def Info: /Volumes/SSD_LPF/sonicSolver/sonicSolver/papers/book/Frontiers of computational fluid dynamics 2006 (D. A. Caughey, M. M. Hafez) (z-library.sk, 1lib.sk, z-lib.sk).pdf , page243 used on input line 1168.
(luatex.def)             Requested size: 435.95395pt x 694.87929pt.
 [488

</Volumes/SSD_LPF/sonicSolver/sonicSolver/papers/book/Frontiers of computational fluid dynamics 2006 (D. A. Caughey, M. M. Hafez) (z-library.sk, 1lib.sk, z-lib.sk).pdf>] [489

]
</Volumes/SSD_LPF/sonicSolver/sonicSolver/papers/book/Frontiers of computational fluid dynamics 2006 (D. A. Caughey, M. M. Hafez) (z-library.sk, 1lib.sk, z-lib.sk).pdf, id=3603, page=244, 406.6392pt x 642.2384pt>
File: /Volumes/SSD_LPF/sonicSolver/sonicSolver/papers/book/Frontiers of computational fluid dynamics 2006 (D. A. Caughey, M. M. Hafez) (z-library.sk, 1lib.sk, z-lib.sk).pdf Graphic file (type pdf)
<use /Volumes/SSD_LPF/sonicSolver/sonicSolver/papers/book/Frontiers of computational fluid dynamics 2006 (D. A. Caughey, M. M. Hafez) (z-library.sk, 1lib.sk, z-lib.sk).pdf, page 244>
Package luatex.def Info: /Volumes/SSD_LPF/sonicSolver/sonicSolver/papers/book/Frontiers of computational fluid dynamics 2006 (D. A. Caughey, M. M. Hafez) (z-library.sk, 1lib.sk, z-lib.sk).pdf , page244 used on input line 1172.
(luatex.def)             Requested size: 435.95395pt x 688.55048pt.
 [490

</Volumes/SSD_LPF/sonicSolver/sonicSolver/papers/book/Frontiers of computational fluid dynamics 2006 (D. A. Caughey, M. M. Hafez) (z-library.sk, 1lib.sk, z-lib.sk).pdf>] [491

]
</Volumes/SSD_LPF/sonicSolver/sonicSolver/papers/book/Frontiers of computational fluid dynamics 2006 (D. A. Caughey, M. M. Hafez) (z-library.sk, 1lib.sk, z-lib.sk).pdf, id=3617, page=245, 401.5793pt x 640.0703pt>
File: /Volumes/SSD_LPF/sonicSolver/sonicSolver/papers/book/Frontiers of computational fluid dynamics 2006 (D. A. Caughey, M. M. Hafez) (z-library.sk, 1lib.sk, z-lib.sk).pdf Graphic file (type pdf)
<use /Volumes/SSD_LPF/sonicSolver/sonicSolver/papers/book/Frontiers of computational fluid dynamics 2006 (D. A. Caughey, M. M. Hafez) (z-library.sk, 1lib.sk, z-lib.sk).pdf, page 245>
Package luatex.def Info: /Volumes/SSD_LPF/sonicSolver/sonicSolver/papers/book/Frontiers of computational fluid dynamics 2006 (D. A. Caughey, M. M. Hafez) (z-library.sk, 1lib.sk, z-lib.sk).pdf , page245 used on input line 1176.
(luatex.def)             Requested size: 435.95395pt x 694.87929pt.
 [492

</Volumes/SSD_LPF/sonicSolver/sonicSolver/papers/book/Frontiers of computational fluid dynamics 2006 (D. A. Caughey, M. M. Hafez) (z-library.sk, 1lib.sk, z-lib.sk).pdf>] [493

]
</Volumes/SSD_LPF/sonicSolver/sonicSolver/papers/book/Frontiers of computational fluid dynamics 2006 (D. A. Caughey, M. M. Hafez) (z-library.sk, 1lib.sk, z-lib.sk).pdf, id=3630, page=246, 402.90524pt x 642.11896pt>
File: /Volumes/SSD_LPF/sonicSolver/sonicSolver/papers/book/Frontiers of computational fluid dynamics 2006 (D. A. Caughey, M. M. Hafez) (z-library.sk, 1lib.sk, z-lib.sk).pdf Graphic file (type pdf)
<use /Volumes/SSD_LPF/sonicSolver/sonicSolver/papers/book/Frontiers of computational fluid dynamics 2006 (D. A. Caughey, M. M. Hafez) (z-library.sk, 1lib.sk, z-lib.sk).pdf, page 246>
Package luatex.def Info: /Volumes/SSD_LPF/sonicSolver/sonicSolver/papers/book/Frontiers of computational fluid dynamics 2006 (D. A. Caughey, M. M. Hafez) (z-library.sk, 1lib.sk, z-lib.sk).pdf , page246 used on input line 1180.
(luatex.def)             Requested size: 435.95395pt x 694.83026pt.
 [494

</Volumes/SSD_LPF/sonicSolver/sonicSolver/papers/book/Frontiers of computational fluid dynamics 2006 (D. A. Caughey, M. M. Hafez) (z-library.sk, 1lib.sk, z-lib.sk).pdf>] [495

]
</Volumes/SSD_LPF/sonicSolver/sonicSolver/papers/book/Frontiers of computational fluid dynamics 2006 (D. A. Caughey, M. M. Hafez) (z-library.sk, 1lib.sk, z-lib.sk).pdf, id=3643, page=247, 410.37315pt x 646.21425pt>
File: /Volumes/SSD_LPF/sonicSolver/sonicSolver/papers/book/Frontiers of computational fluid dynamics 2006 (D. A. Caughey, M. M. Hafez) (z-library.sk, 1lib.sk, z-lib.sk).pdf Graphic file (type pdf)
<use /Volumes/SSD_LPF/sonicSolver/sonicSolver/papers/book/Frontiers of computational fluid dynamics 2006 (D. A. Caughey, M. M. Hafez) (z-library.sk, 1lib.sk, z-lib.sk).pdf, page 247>
Package luatex.def Info: /Volumes/SSD_LPF/sonicSolver/sonicSolver/papers/book/Frontiers of computational fluid dynamics 2006 (D. A. Caughey, M. M. Hafez) (z-library.sk, 1lib.sk, z-lib.sk).pdf , page247 used on input line 1184.
(luatex.def)             Requested size: 435.95395pt x 686.54178pt.
 [496

</Volumes/SSD_LPF/sonicSolver/sonicSolver/papers/book/Frontiers of computational fluid dynamics 2006 (D. A. Caughey, M. M. Hafez) (z-library.sk, 1lib.sk, z-lib.sk).pdf>] [497

]
</Volumes/SSD_LPF/sonicSolver/sonicSolver/papers/book/Frontiers of computational fluid dynamics 2006 (D. A. Caughey, M. M. Hafez) (z-library.sk, 1lib.sk, z-lib.sk).pdf, id=3657, page=248, 402.90524pt x 642.11896pt>
File: /Volumes/SSD_LPF/sonicSolver/sonicSolver/papers/book/Frontiers of computational fluid dynamics 2006 (D. A. Caughey, M. M. Hafez) (z-library.sk, 1lib.sk, z-lib.sk).pdf Graphic file (type pdf)
<use /Volumes/SSD_LPF/sonicSolver/sonicSolver/papers/book/Frontiers of computational fluid dynamics 2006 (D. A. Caughey, M. M. Hafez) (z-library.sk, 1lib.sk, z-lib.sk).pdf, page 248>
Package luatex.def Info: /Volumes/SSD_LPF/sonicSolver/sonicSolver/papers/book/Frontiers of computational fluid dynamics 2006 (D. A. Caughey, M. M. Hafez) (z-library.sk, 1lib.sk, z-lib.sk).pdf , page248 used on input line 1188.
(luatex.def)             Requested size: 435.95395pt x 694.83026pt.
 [498

</Volumes/SSD_LPF/sonicSolver/sonicSolver/papers/book/Frontiers of computational fluid dynamics 2006 (D. A. Caughey, M. M. Hafez) (z-library.sk, 1lib.sk, z-lib.sk).pdf>] [499

]
</Volumes/SSD_LPF/sonicSolver/sonicSolver/papers/book/Frontiers of computational fluid dynamics 2006 (D. A. Caughey, M. M. Hafez) (z-library.sk, 1lib.sk, z-lib.sk).pdf, id=3670, page=249, 401.5793pt x 640.0703pt>
File: /Volumes/SSD_LPF/sonicSolver/sonicSolver/papers/book/Frontiers of computational fluid dynamics 2006 (D. A. Caughey, M. M. Hafez) (z-library.sk, 1lib.sk, z-lib.sk).pdf Graphic file (type pdf)
<use /Volumes/SSD_LPF/sonicSolver/sonicSolver/papers/book/Frontiers of computational fluid dynamics 2006 (D. A. Caughey, M. M. Hafez) (z-library.sk, 1lib.sk, z-lib.sk).pdf, page 249>
Package luatex.def Info: /Volumes/SSD_LPF/sonicSolver/sonicSolver/papers/book/Frontiers of computational fluid dynamics 2006 (D. A. Caughey, M. M. Hafez) (z-library.sk, 1lib.sk, z-lib.sk).pdf , page249 used on input line 1192.
(luatex.def)             Requested size: 435.95395pt x 694.87929pt.
 [500

</Volumes/SSD_LPF/sonicSolver/sonicSolver/papers/book/Frontiers of computational fluid dynamics 2006 (D. A. Caughey, M. M. Hafez) (z-library.sk, 1lib.sk, z-lib.sk).pdf>] [501

]
</Volumes/SSD_LPF/sonicSolver/sonicSolver/papers/book/Frontiers of computational fluid dynamics 2006 (D. A. Caughey, M. M. Hafez) (z-library.sk, 1lib.sk, z-lib.sk).pdf, id=3683, page=250, 406.6392pt x 642.96109pt>
File: /Volumes/SSD_LPF/sonicSolver/sonicSolver/papers/book/Frontiers of computational fluid dynamics 2006 (D. A. Caughey, M. M. Hafez) (z-library.sk, 1lib.sk, z-lib.sk).pdf Graphic file (type pdf)
<use /Volumes/SSD_LPF/sonicSolver/sonicSolver/papers/book/Frontiers of computational fluid dynamics 2006 (D. A. Caughey, M. M. Hafez) (z-library.sk, 1lib.sk, z-lib.sk).pdf, page 250>
Package luatex.def Info: /Volumes/SSD_LPF/sonicSolver/sonicSolver/papers/book/Frontiers of computational fluid dynamics 2006 (D. A. Caughey, M. M. Hafez) (z-library.sk, 1lib.sk, z-lib.sk).pdf , page250 used on input line 1196.
(luatex.def)             Requested size: 435.95395pt x 689.32527pt.
 [502

</Volumes/SSD_LPF/sonicSolver/sonicSolver/papers/book/Frontiers of computational fluid dynamics 2006 (D. A. Caughey, M. M. Hafez) (z-library.sk, 1lib.sk, z-lib.sk).pdf>] [503

]
</Volumes/SSD_LPF/sonicSolver/sonicSolver/papers/book/Frontiers of computational fluid dynamics 2006 (D. A. Caughey, M. M. Hafez) (z-library.sk, 1lib.sk, z-lib.sk).pdf, id=3696, page=251, 409.89136pt x 645.49054pt>
File: /Volumes/SSD_LPF/sonicSolver/sonicSolver/papers/book/Frontiers of computational fluid dynamics 2006 (D. A. Caughey, M. M. Hafez) (z-library.sk, 1lib.sk, z-lib.sk).pdf Graphic file (type pdf)
<use /Volumes/SSD_LPF/sonicSolver/sonicSolver/papers/book/Frontiers of computational fluid dynamics 2006 (D. A. Caughey, M. M. Hafez) (z-library.sk, 1lib.sk, z-lib.sk).pdf, page 251>
Package luatex.def Info: /Volumes/SSD_LPF/sonicSolver/sonicSolver/papers/book/Frontiers of computational fluid dynamics 2006 (D. A. Caughey, M. M. Hafez) (z-library.sk, 1lib.sk, z-lib.sk).pdf , page251 used on input line 1200.
(luatex.def)             Requested size: 435.95395pt x 686.55101pt.
 [504

</Volumes/SSD_LPF/sonicSolver/sonicSolver/papers/book/Frontiers of computational fluid dynamics 2006 (D. A. Caughey, M. M. Hafez) (z-library.sk, 1lib.sk, z-lib.sk).pdf>] [505

]
</Volumes/SSD_LPF/sonicSolver/sonicSolver/papers/book/Frontiers of computational fluid dynamics 2006 (D. A. Caughey, M. M. Hafez) (z-library.sk, 1lib.sk, z-lib.sk).pdf, id=3741, page=252, 402.90524pt x 642.11896pt>
File: /Volumes/SSD_LPF/sonicSolver/sonicSolver/papers/book/Frontiers of computational fluid dynamics 2006 (D. A. Caughey, M. M. Hafez) (z-library.sk, 1lib.sk, z-lib.sk).pdf Graphic file (type pdf)
<use /Volumes/SSD_LPF/sonicSolver/sonicSolver/papers/book/Frontiers of computational fluid dynamics 2006 (D. A. Caughey, M. M. Hafez) (z-library.sk, 1lib.sk, z-lib.sk).pdf, page 252>
Package luatex.def Info: /Volumes/SSD_LPF/sonicSolver/sonicSolver/papers/book/Frontiers of computational fluid dynamics 2006 (D. A. Caughey, M. M. Hafez) (z-library.sk, 1lib.sk, z-lib.sk).pdf , page252 used on input line 1204.
(luatex.def)             Requested size: 435.95395pt x 694.83026pt.
 [506

</Volumes/SSD_LPF/sonicSolver/sonicSolver/papers/book/Frontiers of computational fluid dynamics 2006 (D. A. Caughey, M. M. Hafez) (z-library.sk, 1lib.sk, z-lib.sk).pdf>] [507

]
</Volumes/SSD_LPF/sonicSolver/sonicSolver/papers/book/Frontiers of computational fluid dynamics 2006 (D. A. Caughey, M. M. Hafez) (z-library.sk, 1lib.sk, z-lib.sk).pdf, id=3755, page=253, 402.90524pt x 642.11896pt>
File: /Volumes/SSD_LPF/sonicSolver/sonicSolver/papers/book/Frontiers of computational fluid dynamics 2006 (D. A. Caughey, M. M. Hafez) (z-library.sk, 1lib.sk, z-lib.sk).pdf Graphic file (type pdf)
<use /Volumes/SSD_LPF/sonicSolver/sonicSolver/papers/book/Frontiers of computational fluid dynamics 2006 (D. A. Caughey, M. M. Hafez) (z-library.sk, 1lib.sk, z-lib.sk).pdf, page 253>
Package luatex.def Info: /Volumes/SSD_LPF/sonicSolver/sonicSolver/papers/book/Frontiers of computational fluid dynamics 2006 (D. A. Caughey, M. M. Hafez) (z-library.sk, 1lib.sk, z-lib.sk).pdf , page253 used on input line 1208.
(luatex.def)             Requested size: 435.95395pt x 694.83026pt.
 [508

</Volumes/SSD_LPF/sonicSolver/sonicSolver/papers/book/Frontiers of computational fluid dynamics 2006 (D. A. Caughey, M. M. Hafez) (z-library.sk, 1lib.sk, z-lib.sk).pdf>] [509

]
</Volumes/SSD_LPF/sonicSolver/sonicSolver/papers/book/Frontiers of computational fluid dynamics 2006 (D. A. Caughey, M. M. Hafez) (z-library.sk, 1lib.sk, z-lib.sk).pdf, id=3768, page=254, 403.38705pt x 642.35884pt>
File: /Volumes/SSD_LPF/sonicSolver/sonicSolver/papers/book/Frontiers of computational fluid dynamics 2006 (D. A. Caughey, M. M. Hafez) (z-library.sk, 1lib.sk, z-lib.sk).pdf Graphic file (type pdf)
<use /Volumes/SSD_LPF/sonicSolver/sonicSolver/papers/book/Frontiers of computational fluid dynamics 2006 (D. A. Caughey, M. M. Hafez) (z-library.sk, 1lib.sk, z-lib.sk).pdf, page 254>
Package luatex.def Info: /Volumes/SSD_LPF/sonicSolver/sonicSolver/papers/book/Frontiers of computational fluid dynamics 2006 (D. A. Caughey, M. M. Hafez) (z-library.sk, 1lib.sk, z-lib.sk).pdf , page254 used on input line 1212.
(luatex.def)             Requested size: 435.95395pt x 694.2371pt.
 [510

</Volumes/SSD_LPF/sonicSolver/sonicSolver/papers/book/Frontiers of computational fluid dynamics 2006 (D. A. Caughey, M. M. Hafez) (z-library.sk, 1lib.sk, z-lib.sk).pdf>] [511

]
</Volumes/SSD_LPF/sonicSolver/sonicSolver/papers/book/Frontiers of computational fluid dynamics 2006 (D. A. Caughey, M. M. Hafez) (z-library.sk, 1lib.sk, z-lib.sk).pdf, id=3781, page=255, 405.9155pt x 642.7202pt>
File: /Volumes/SSD_LPF/sonicSolver/sonicSolver/papers/book/Frontiers of computational fluid dynamics 2006 (D. A. Caughey, M. M. Hafez) (z-library.sk, 1lib.sk, z-lib.sk).pdf Graphic file (type pdf)
<use /Volumes/SSD_LPF/sonicSolver/sonicSolver/papers/book/Frontiers of computational fluid dynamics 2006 (D. A. Caughey, M. M. Hafez) (z-library.sk, 1lib.sk, z-lib.sk).pdf, page 255>
Package luatex.def Info: /Volumes/SSD_LPF/sonicSolver/sonicSolver/papers/book/Frontiers of computational fluid dynamics 2006 (D. A. Caughey, M. M. Hafez) (z-library.sk, 1lib.sk, z-lib.sk).pdf , page255 used on input line 1216.
(luatex.def)             Requested size: 435.95395pt x 690.29291pt.
 [512

</Volumes/SSD_LPF/sonicSolver/sonicSolver/papers/book/Frontiers of computational fluid dynamics 2006 (D. A. Caughey, M. M. Hafez) (z-library.sk, 1lib.sk, z-lib.sk).pdf>] [513

]
</Volumes/SSD_LPF/sonicSolver/sonicSolver/papers/book/Frontiers of computational fluid dynamics 2006 (D. A. Caughey, M. M. Hafez) (z-library.sk, 1lib.sk, z-lib.sk).pdf, id=3794, page=256, 402.90524pt x 642.11896pt>
File: /Volumes/SSD_LPF/sonicSolver/sonicSolver/papers/book/Frontiers of computational fluid dynamics 2006 (D. A. Caughey, M. M. Hafez) (z-library.sk, 1lib.sk, z-lib.sk).pdf Graphic file (type pdf)
<use /Volumes/SSD_LPF/sonicSolver/sonicSolver/papers/book/Frontiers of computational fluid dynamics 2006 (D. A. Caughey, M. M. Hafez) (z-library.sk, 1lib.sk, z-lib.sk).pdf, page 256>
Package luatex.def Info: /Volumes/SSD_LPF/sonicSolver/sonicSolver/papers/book/Frontiers of computational fluid dynamics 2006 (D. A. Caughey, M. M. Hafez) (z-library.sk, 1lib.sk, z-lib.sk).pdf , page256 used on input line 1220.
(luatex.def)             Requested size: 435.95395pt x 694.83026pt.
 [514

</Volumes/SSD_LPF/sonicSolver/sonicSolver/papers/book/Frontiers of computational fluid dynamics 2006 (D. A. Caughey, M. M. Hafez) (z-library.sk, 1lib.sk, z-lib.sk).pdf>] [515

]
</Volumes/SSD_LPF/sonicSolver/sonicSolver/papers/book/Frontiers of computational fluid dynamics 2006 (D. A. Caughey, M. M. Hafez) (z-library.sk, 1lib.sk, z-lib.sk).pdf, id=3808, page=257, 402.90524pt x 642.11896pt>
File: /Volumes/SSD_LPF/sonicSolver/sonicSolver/papers/book/Frontiers of computational fluid dynamics 2006 (D. A. Caughey, M. M. Hafez) (z-library.sk, 1lib.sk, z-lib.sk).pdf Graphic file (type pdf)
<use /Volumes/SSD_LPF/sonicSolver/sonicSolver/papers/book/Frontiers of computational fluid dynamics 2006 (D. A. Caughey, M. M. Hafez) (z-library.sk, 1lib.sk, z-lib.sk).pdf, page 257>
Package luatex.def Info: /Volumes/SSD_LPF/sonicSolver/sonicSolver/papers/book/Frontiers of computational fluid dynamics 2006 (D. A. Caughey, M. M. Hafez) (z-library.sk, 1lib.sk, z-lib.sk).pdf , page257 used on input line 1224.
(luatex.def)             Requested size: 435.95395pt x 694.83026pt.
 [516

</Volumes/SSD_LPF/sonicSolver/sonicSolver/papers/book/Frontiers of computational fluid dynamics 2006 (D. A. Caughey, M. M. Hafez) (z-library.sk, 1lib.sk, z-lib.sk).pdf>] [517



] [518]
</Volumes/SSD_LPF/sonicSolver/sonicSolver/papers/book/Frontiers of computational fluid dynamics 2006 (D. A. Caughey, M. M. Hafez) (z-library.sk, 1lib.sk, z-lib.sk).pdf, id=3826, page=258, 402.90524pt x 642.11896pt>
File: /Volumes/SSD_LPF/sonicSolver/sonicSolver/papers/book/Frontiers of computational fluid dynamics 2006 (D. A. Caughey, M. M. Hafez) (z-library.sk, 1lib.sk, z-lib.sk).pdf Graphic file (type pdf)
<use /Volumes/SSD_LPF/sonicSolver/sonicSolver/papers/book/Frontiers of computational fluid dynamics 2006 (D. A. Caughey, M. M. Hafez) (z-library.sk, 1lib.sk, z-lib.sk).pdf, page 258>
Package luatex.def Info: /Volumes/SSD_LPF/sonicSolver/sonicSolver/papers/book/Frontiers of computational fluid dynamics 2006 (D. A. Caughey, M. M. Hafez) (z-library.sk, 1lib.sk, z-lib.sk).pdf , page258 used on input line 1230.
(luatex.def)             Requested size: 435.95395pt x 694.83026pt.
 [519

</Volumes/SSD_LPF/sonicSolver/sonicSolver/papers/book/Frontiers of computational fluid dynamics 2006 (D. A. Caughey, M. M. Hafez) (z-library.sk, 1lib.sk, z-lib.sk).pdf>] [520

]
</Volumes/SSD_LPF/sonicSolver/sonicSolver/papers/book/Frontiers of computational fluid dynamics 2006 (D. A. Caughey, M. M. Hafez) (z-library.sk, 1lib.sk, z-lib.sk).pdf, id=3839, page=259, 401.5793pt x 640.0703pt>
File: /Volumes/SSD_LPF/sonicSolver/sonicSolver/papers/book/Frontiers of computational fluid dynamics 2006 (D. A. Caughey, M. M. Hafez) (z-library.sk, 1lib.sk, z-lib.sk).pdf Graphic file (type pdf)
<use /Volumes/SSD_LPF/sonicSolver/sonicSolver/papers/book/Frontiers of computational fluid dynamics 2006 (D. A. Caughey, M. M. Hafez) (z-library.sk, 1lib.sk, z-lib.sk).pdf, page 259>
Package luatex.def Info: /Volumes/SSD_LPF/sonicSolver/sonicSolver/papers/book/Frontiers of computational fluid dynamics 2006 (D. A. Caughey, M. M. Hafez) (z-library.sk, 1lib.sk, z-lib.sk).pdf , page259 used on input line 1234.
(luatex.def)             Requested size: 435.95395pt x 694.87929pt.
 [521

</Volumes/SSD_LPF/sonicSolver/sonicSolver/papers/book/Frontiers of computational fluid dynamics 2006 (D. A. Caughey, M. M. Hafez) (z-library.sk, 1lib.sk, z-lib.sk).pdf>]
第十一章
[522



]
</Volumes/SSD_LPF/sonicSolver/sonicSolver/papers/book/Frontiers of computational fluid dynamics 2006 (D. A. Caughey, M. M. Hafez) (z-library.sk, 1lib.sk, z-lib.sk).pdf, id=3853, page=260, 402.7838pt x 640.793pt>
File: /Volumes/SSD_LPF/sonicSolver/sonicSolver/papers/book/Frontiers of computational fluid dynamics 2006 (D. A. Caughey, M. M. Hafez) (z-library.sk, 1lib.sk, z-lib.sk).pdf Graphic file (type pdf)
<use /Volumes/SSD_LPF/sonicSolver/sonicSolver/papers/book/Frontiers of computational fluid dynamics 2006 (D. A. Caughey, M. M. Hafez) (z-library.sk, 1lib.sk, z-lib.sk).pdf, page 260>
Package luatex.def Info: /Volumes/SSD_LPF/sonicSolver/sonicSolver/papers/book/Frontiers of computational fluid dynamics 2006 (D. A. Caughey, M. M. Hafez) (z-library.sk, 1lib.sk, z-lib.sk).pdf , page260 used on input line 1241.
(luatex.def)             Requested size: 435.95395pt x 693.56168pt.
 [523

</Volumes/SSD_LPF/sonicSolver/sonicSolver/papers/book/Frontiers of computational fluid dynamics 2006 (D. A. Caughey, M. M. Hafez) (z-library.sk, 1lib.sk, z-lib.sk).pdf>] [524

]
</Volumes/SSD_LPF/sonicSolver/sonicSolver/papers/book/Frontiers of computational fluid dynamics 2006 (D. A. Caughey, M. M. Hafez) (z-library.sk, 1lib.sk, z-lib.sk).pdf, id=3867, page=261, 402.90524pt x 642.11896pt>
File: /Volumes/SSD_LPF/sonicSolver/sonicSolver/papers/book/Frontiers of computational fluid dynamics 2006 (D. A. Caughey, M. M. Hafez) (z-library.sk, 1lib.sk, z-lib.sk).pdf Graphic file (type pdf)
<use /Volumes/SSD_LPF/sonicSolver/sonicSolver/papers/book/Frontiers of computational fluid dynamics 2006 (D. A. Caughey, M. M. Hafez) (z-library.sk, 1lib.sk, z-lib.sk).pdf, page 261>
Package luatex.def Info: /Volumes/SSD_LPF/sonicSolver/sonicSolver/papers/book/Frontiers of computational fluid dynamics 2006 (D. A. Caughey, M. M. Hafez) (z-library.sk, 1lib.sk, z-lib.sk).pdf , page261 used on input line 1246.
(luatex.def)             Requested size: 435.95395pt x 694.83026pt.
 [525

</Volumes/SSD_LPF/sonicSolver/sonicSolver/papers/book/Frontiers of computational fluid dynamics 2006 (D. A. Caughey, M. M. Hafez) (z-library.sk, 1lib.sk, z-lib.sk).pdf>] [526

]
</Volumes/SSD_LPF/sonicSolver/sonicSolver/papers/book/Frontiers of computational fluid dynamics 2006 (D. A. Caughey, M. M. Hafez) (z-library.sk, 1lib.sk, z-lib.sk).pdf, id=3881, page=262, 406.03696pt x 644.04515pt>
File: /Volumes/SSD_LPF/sonicSolver/sonicSolver/papers/book/Frontiers of computational fluid dynamics 2006 (D. A. Caughey, M. M. Hafez) (z-library.sk, 1lib.sk, z-lib.sk).pdf Graphic file (type pdf)
<use /Volumes/SSD_LPF/sonicSolver/sonicSolver/papers/book/Frontiers of computational fluid dynamics 2006 (D. A. Caughey, M. M. Hafez) (z-library.sk, 1lib.sk, z-lib.sk).pdf, page 262>
Package luatex.def Info: /Volumes/SSD_LPF/sonicSolver/sonicSolver/papers/book/Frontiers of computational fluid dynamics 2006 (D. A. Caughey, M. M. Hafez) (z-library.sk, 1lib.sk, z-lib.sk).pdf , page262 used on input line 1251.
(luatex.def)             Requested size: 435.95395pt x 691.49971pt.
 [527

</Volumes/SSD_LPF/sonicSolver/sonicSolver/papers/book/Frontiers of computational fluid dynamics 2006 (D. A. Caughey, M. M. Hafez) (z-library.sk, 1lib.sk, z-lib.sk).pdf>] [528

]
</Volumes/SSD_LPF/sonicSolver/sonicSolver/papers/book/Frontiers of computational fluid dynamics 2006 (D. A. Caughey, M. M. Hafez) (z-library.sk, 1lib.sk, z-lib.sk).pdf, id=3896, page=263, 403.38705pt x 642.35884pt>
File: /Volumes/SSD_LPF/sonicSolver/sonicSolver/papers/book/Frontiers of computational fluid dynamics 2006 (D. A. Caughey, M. M. Hafez) (z-library.sk, 1lib.sk, z-lib.sk).pdf Graphic file (type pdf)
<use /Volumes/SSD_LPF/sonicSolver/sonicSolver/papers/book/Frontiers of computational fluid dynamics 2006 (D. A. Caughey, M. M. Hafez) (z-library.sk, 1lib.sk, z-lib.sk).pdf, page 263>
Package luatex.def Info: /Volumes/SSD_LPF/sonicSolver/sonicSolver/papers/book/Frontiers of computational fluid dynamics 2006 (D. A. Caughey, M. M. Hafez) (z-library.sk, 1lib.sk, z-lib.sk).pdf , page263 used on input line 1256.
(luatex.def)             Requested size: 435.95395pt x 694.2371pt.
 [529

</Volumes/SSD_LPF/sonicSolver/sonicSolver/papers/book/Frontiers of computational fluid dynamics 2006 (D. A. Caughey, M. M. Hafez) (z-library.sk, 1lib.sk, z-lib.sk).pdf>] [530

]
</Volumes/SSD_LPF/sonicSolver/sonicSolver/papers/book/Frontiers of computational fluid dynamics 2006 (D. A. Caughey, M. M. Hafez) (z-library.sk, 1lib.sk, z-lib.sk).pdf, id=3909, page=264, 404.10875pt x 642.84065pt>
File: /Volumes/SSD_LPF/sonicSolver/sonicSolver/papers/book/Frontiers of computational fluid dynamics 2006 (D. A. Caughey, M. M. Hafez) (z-library.sk, 1lib.sk, z-lib.sk).pdf Graphic file (type pdf)
<use /Volumes/SSD_LPF/sonicSolver/sonicSolver/papers/book/Frontiers of computational fluid dynamics 2006 (D. A. Caughey, M. M. Hafez) (z-library.sk, 1lib.sk, z-lib.sk).pdf, page 264>
Package luatex.def Info: /Volumes/SSD_LPF/sonicSolver/sonicSolver/papers/book/Frontiers of computational fluid dynamics 2006 (D. A. Caughey, M. M. Hafez) (z-library.sk, 1lib.sk, z-lib.sk).pdf , page264 used on input line 1260.
(luatex.def)             Requested size: 435.95395pt x 693.5219pt.
 [531

</Volumes/SSD_LPF/sonicSolver/sonicSolver/papers/book/Frontiers of computational fluid dynamics 2006 (D. A. Caughey, M. M. Hafez) (z-library.sk, 1lib.sk, z-lib.sk).pdf>] [532

]
</Volumes/SSD_LPF/sonicSolver/sonicSolver/papers/book/Frontiers of computational fluid dynamics 2006 (D. A. Caughey, M. M. Hafez) (z-library.sk, 1lib.sk, z-lib.sk).pdf, id=3922, page=265, 403.38705pt x 642.35884pt>
File: /Volumes/SSD_LPF/sonicSolver/sonicSolver/papers/book/Frontiers of computational fluid dynamics 2006 (D. A. Caughey, M. M. Hafez) (z-library.sk, 1lib.sk, z-lib.sk).pdf Graphic file (type pdf)
<use /Volumes/SSD_LPF/sonicSolver/sonicSolver/papers/book/Frontiers of computational fluid dynamics 2006 (D. A. Caughey, M. M. Hafez) (z-library.sk, 1lib.sk, z-lib.sk).pdf, page 265>
Package luatex.def Info: /Volumes/SSD_LPF/sonicSolver/sonicSolver/papers/book/Frontiers of computational fluid dynamics 2006 (D. A. Caughey, M. M. Hafez) (z-library.sk, 1lib.sk, z-lib.sk).pdf , page265 used on input line 1264.
(luatex.def)             Requested size: 435.95395pt x 694.2371pt.
 [533

</Volumes/SSD_LPF/sonicSolver/sonicSolver/papers/book/Frontiers of computational fluid dynamics 2006 (D. A. Caughey, M. M. Hafez) (z-library.sk, 1lib.sk, z-lib.sk).pdf>] [534

]
</Volumes/SSD_LPF/sonicSolver/sonicSolver/papers/book/Frontiers of computational fluid dynamics 2006 (D. A. Caughey, M. M. Hafez) (z-library.sk, 1lib.sk, z-lib.sk).pdf, id=3935, page=266, 405.1928pt x 642.2384pt>
File: /Volumes/SSD_LPF/sonicSolver/sonicSolver/papers/book/Frontiers of computational fluid dynamics 2006 (D. A. Caughey, M. M. Hafez) (z-library.sk, 1lib.sk, z-lib.sk).pdf Graphic file (type pdf)
<use /Volumes/SSD_LPF/sonicSolver/sonicSolver/papers/book/Frontiers of computational fluid dynamics 2006 (D. A. Caughey, M. M. Hafez) (z-library.sk, 1lib.sk, z-lib.sk).pdf, page 266>
Package luatex.def Info: /Volumes/SSD_LPF/sonicSolver/sonicSolver/papers/book/Frontiers of computational fluid dynamics 2006 (D. A. Caughey, M. M. Hafez) (z-library.sk, 1lib.sk, z-lib.sk).pdf , page266 used on input line 1268.
(luatex.def)             Requested size: 435.95395pt x 691.00041pt.
 [535

</Volumes/SSD_LPF/sonicSolver/sonicSolver/papers/book/Frontiers of computational fluid dynamics 2006 (D. A. Caughey, M. M. Hafez) (z-library.sk, 1lib.sk, z-lib.sk).pdf>] [536

]
</Volumes/SSD_LPF/sonicSolver/sonicSolver/papers/book/Frontiers of computational fluid dynamics 2006 (D. A. Caughey, M. M. Hafez) (z-library.sk, 1lib.sk, z-lib.sk).pdf, id=3962, page=267, 406.03696pt x 644.04515pt>
File: /Volumes/SSD_LPF/sonicSolver/sonicSolver/papers/book/Frontiers of computational fluid dynamics 2006 (D. A. Caughey, M. M. Hafez) (z-library.sk, 1lib.sk, z-lib.sk).pdf Graphic file (type pdf)
<use /Volumes/SSD_LPF/sonicSolver/sonicSolver/papers/book/Frontiers of computational fluid dynamics 2006 (D. A. Caughey, M. M. Hafez) (z-library.sk, 1lib.sk, z-lib.sk).pdf, page 267>
Package luatex.def Info: /Volumes/SSD_LPF/sonicSolver/sonicSolver/papers/book/Frontiers of computational fluid dynamics 2006 (D. A. Caughey, M. M. Hafez) (z-library.sk, 1lib.sk, z-lib.sk).pdf , page267 used on input line 1272.
(luatex.def)             Requested size: 435.95395pt x 691.49971pt.
 [537

</Volumes/SSD_LPF/sonicSolver/sonicSolver/papers/book/Frontiers of computational fluid dynamics 2006 (D. A. Caughey, M. M. Hafez) (z-library.sk, 1lib.sk, z-lib.sk).pdf>] [538

]
</Volumes/SSD_LPF/sonicSolver/sonicSolver/papers/book/Frontiers of computational fluid dynamics 2006 (D. A. Caughey, M. M. Hafez) (z-library.sk, 1lib.sk, z-lib.sk).pdf, id=3976, page=268, 403.38705pt x 642.35884pt>
File: /Volumes/SSD_LPF/sonicSolver/sonicSolver/papers/book/Frontiers of computational fluid dynamics 2006 (D. A. Caughey, M. M. Hafez) (z-library.sk, 1lib.sk, z-lib.sk).pdf Graphic file (type pdf)
<use /Volumes/SSD_LPF/sonicSolver/sonicSolver/papers/book/Frontiers of computational fluid dynamics 2006 (D. A. Caughey, M. M. Hafez) (z-library.sk, 1lib.sk, z-lib.sk).pdf, page 268>
Package luatex.def Info: /Volumes/SSD_LPF/sonicSolver/sonicSolver/papers/book/Frontiers of computational fluid dynamics 2006 (D. A. Caughey, M. M. Hafez) (z-library.sk, 1lib.sk, z-lib.sk).pdf , page268 used on input line 1276.
(luatex.def)             Requested size: 435.95395pt x 694.2371pt.
 [539

</Volumes/SSD_LPF/sonicSolver/sonicSolver/papers/book/Frontiers of computational fluid dynamics 2006 (D. A. Caughey, M. M. Hafez) (z-library.sk, 1lib.sk, z-lib.sk).pdf>] [540

]
</Volumes/SSD_LPF/sonicSolver/sonicSolver/papers/book/Frontiers of computational fluid dynamics 2006 (D. A. Caughey, M. M. Hafez) (z-library.sk, 1lib.sk, z-lib.sk).pdf, id=3989, page=269, 407.96315pt x 644.28705pt>
File: /Volumes/SSD_LPF/sonicSolver/sonicSolver/papers/book/Frontiers of computational fluid dynamics 2006 (D. A. Caughey, M. M. Hafez) (z-library.sk, 1lib.sk, z-lib.sk).pdf Graphic file (type pdf)
<use /Volumes/SSD_LPF/sonicSolver/sonicSolver/papers/book/Frontiers of computational fluid dynamics 2006 (D. A. Caughey, M. M. Hafez) (z-library.sk, 1lib.sk, z-lib.sk).pdf, page 269>
Package luatex.def Info: /Volumes/SSD_LPF/sonicSolver/sonicSolver/papers/book/Frontiers of computational fluid dynamics 2006 (D. A. Caughey, M. M. Hafez) (z-library.sk, 1lib.sk, z-lib.sk).pdf , page269 used on input line 1280.
(luatex.def)             Requested size: 435.95395pt x 688.52504pt.
 [541

</Volumes/SSD_LPF/sonicSolver/sonicSolver/papers/book/Frontiers of computational fluid dynamics 2006 (D. A. Caughey, M. M. Hafez) (z-library.sk, 1lib.sk, z-lib.sk).pdf>] [542

]
</Volumes/SSD_LPF/sonicSolver/sonicSolver/papers/book/Frontiers of computational fluid dynamics 2006 (D. A. Caughey, M. M. Hafez) (z-library.sk, 1lib.sk, z-lib.sk).pdf, id=4002, page=270, 407.72325pt x 645.00874pt>
File: /Volumes/SSD_LPF/sonicSolver/sonicSolver/papers/book/Frontiers of computational fluid dynamics 2006 (D. A. Caughey, M. M. Hafez) (z-library.sk, 1lib.sk, z-lib.sk).pdf Graphic file (type pdf)
<use /Volumes/SSD_LPF/sonicSolver/sonicSolver/papers/book/Frontiers of computational fluid dynamics 2006 (D. A. Caughey, M. M. Hafez) (z-library.sk, 1lib.sk, z-lib.sk).pdf, page 270>
Package luatex.def Info: /Volumes/SSD_LPF/sonicSolver/sonicSolver/papers/book/Frontiers of computational fluid dynamics 2006 (D. A. Caughey, M. M. Hafez) (z-library.sk, 1lib.sk, z-lib.sk).pdf , page270 used on input line 1284.
(luatex.def)             Requested size: 435.95395pt x 689.67027pt.
 [543

</Volumes/SSD_LPF/sonicSolver/sonicSolver/papers/book/Frontiers of computational fluid dynamics 2006 (D. A. Caughey, M. M. Hafez) (z-library.sk, 1lib.sk, z-lib.sk).pdf>] [544

]
</Volumes/SSD_LPF/sonicSolver/sonicSolver/papers/book/Frontiers of computational fluid dynamics 2006 (D. A. Caughey, M. M. Hafez) (z-library.sk, 1lib.sk, z-lib.sk).pdf, id=4045, page=271, 404.711pt x 641.5167pt>
File: /Volumes/SSD_LPF/sonicSolver/sonicSolver/papers/book/Frontiers of computational fluid dynamics 2006 (D. A. Caughey, M. M. Hafez) (z-library.sk, 1lib.sk, z-lib.sk).pdf Graphic file (type pdf)
<use /Volumes/SSD_LPF/sonicSolver/sonicSolver/papers/book/Frontiers of computational fluid dynamics 2006 (D. A. Caughey, M. M. Hafez) (z-library.sk, 1lib.sk, z-lib.sk).pdf, page 271>
Package luatex.def Info: /Volumes/SSD_LPF/sonicSolver/sonicSolver/papers/book/Frontiers of computational fluid dynamics 2006 (D. A. Caughey, M. M. Hafez) (z-library.sk, 1lib.sk, z-lib.sk).pdf , page271 used on input line 1288.
(luatex.def)             Requested size: 435.95395pt x 691.07553pt.
 [545

</Volumes/SSD_LPF/sonicSolver/sonicSolver/papers/book/Frontiers of computational fluid dynamics 2006 (D. A. Caughey, M. M. Hafez) (z-library.sk, 1lib.sk, z-lib.sk).pdf>] [546

]
</Volumes/SSD_LPF/sonicSolver/sonicSolver/papers/book/Frontiers of computational fluid dynamics 2006 (D. A. Caughey, M. M. Hafez) (z-library.sk, 1lib.sk, z-lib.sk).pdf, id=4058, page=272, 402.90524pt x 642.11896pt>
File: /Volumes/SSD_LPF/sonicSolver/sonicSolver/papers/book/Frontiers of computational fluid dynamics 2006 (D. A. Caughey, M. M. Hafez) (z-library.sk, 1lib.sk, z-lib.sk).pdf Graphic file (type pdf)
<use /Volumes/SSD_LPF/sonicSolver/sonicSolver/papers/book/Frontiers of computational fluid dynamics 2006 (D. A. Caughey, M. M. Hafez) (z-library.sk, 1lib.sk, z-lib.sk).pdf, page 272>
Package luatex.def Info: /Volumes/SSD_LPF/sonicSolver/sonicSolver/papers/book/Frontiers of computational fluid dynamics 2006 (D. A. Caughey, M. M. Hafez) (z-library.sk, 1lib.sk, z-lib.sk).pdf , page272 used on input line 1292.
(luatex.def)             Requested size: 435.95395pt x 694.83026pt.
 [547

</Volumes/SSD_LPF/sonicSolver/sonicSolver/papers/book/Frontiers of computational fluid dynamics 2006 (D. A. Caughey, M. M. Hafez) (z-library.sk, 1lib.sk, z-lib.sk).pdf>] [548

]
</Volumes/SSD_LPF/sonicSolver/sonicSolver/papers/book/Frontiers of computational fluid dynamics 2006 (D. A. Caughey, M. M. Hafez) (z-library.sk, 1lib.sk, z-lib.sk).pdf, id=4072, page=273, 406.03696pt x 643.56435pt>
File: /Volumes/SSD_LPF/sonicSolver/sonicSolver/papers/book/Frontiers of computational fluid dynamics 2006 (D. A. Caughey, M. M. Hafez) (z-library.sk, 1lib.sk, z-lib.sk).pdf Graphic file (type pdf)
<use /Volumes/SSD_LPF/sonicSolver/sonicSolver/papers/book/Frontiers of computational fluid dynamics 2006 (D. A. Caughey, M. M. Hafez) (z-library.sk, 1lib.sk, z-lib.sk).pdf, page 273>
Package luatex.def Info: /Volumes/SSD_LPF/sonicSolver/sonicSolver/papers/book/Frontiers of computational fluid dynamics 2006 (D. A. Caughey, M. M. Hafez) (z-library.sk, 1lib.sk, z-lib.sk).pdf , page273 used on input line 1296.
(luatex.def)             Requested size: 435.95395pt x 690.98349pt.
 [549

</Volumes/SSD_LPF/sonicSolver/sonicSolver/papers/book/Frontiers of computational fluid dynamics 2006 (D. A. Caughey, M. M. Hafez) (z-library.sk, 1lib.sk, z-lib.sk).pdf>] [550

]
</Volumes/SSD_LPF/sonicSolver/sonicSolver/papers/book/Frontiers of computational fluid dynamics 2006 (D. A. Caughey, M. M. Hafez) (z-library.sk, 1lib.sk, z-lib.sk).pdf, id=4085, page=274, 402.7838pt x 640.793pt>
File: /Volumes/SSD_LPF/sonicSolver/sonicSolver/papers/book/Frontiers of computational fluid dynamics 2006 (D. A. Caughey, M. M. Hafez) (z-library.sk, 1lib.sk, z-lib.sk).pdf Graphic file (type pdf)
<use /Volumes/SSD_LPF/sonicSolver/sonicSolver/papers/book/Frontiers of computational fluid dynamics 2006 (D. A. Caughey, M. M. Hafez) (z-library.sk, 1lib.sk, z-lib.sk).pdf, page 274>
Package luatex.def Info: /Volumes/SSD_LPF/sonicSolver/sonicSolver/papers/book/Frontiers of computational fluid dynamics 2006 (D. A. Caughey, M. M. Hafez) (z-library.sk, 1lib.sk, z-lib.sk).pdf , page274 used on input line 1300.
(luatex.def)             Requested size: 435.95395pt x 693.56168pt.
 [551

</Volumes/SSD_LPF/sonicSolver/sonicSolver/papers/book/Frontiers of computational fluid dynamics 2006 (D. A. Caughey, M. M. Hafez) (z-library.sk, 1lib.sk, z-lib.sk).pdf>] [552

]
</Volumes/SSD_LPF/sonicSolver/sonicSolver/papers/book/Frontiers of computational fluid dynamics 2006 (D. A. Caughey, M. M. Hafez) (z-library.sk, 1lib.sk, z-lib.sk).pdf, id=4107, page=275, 403.38705pt x 642.35884pt>
File: /Volumes/SSD_LPF/sonicSolver/sonicSolver/papers/book/Frontiers of computational fluid dynamics 2006 (D. A. Caughey, M. M. Hafez) (z-library.sk, 1lib.sk, z-lib.sk).pdf Graphic file (type pdf)
<use /Volumes/SSD_LPF/sonicSolver/sonicSolver/papers/book/Frontiers of computational fluid dynamics 2006 (D. A. Caughey, M. M. Hafez) (z-library.sk, 1lib.sk, z-lib.sk).pdf, page 275>
Package luatex.def Info: /Volumes/SSD_LPF/sonicSolver/sonicSolver/papers/book/Frontiers of computational fluid dynamics 2006 (D. A. Caughey, M. M. Hafez) (z-library.sk, 1lib.sk, z-lib.sk).pdf , page275 used on input line 1304.
(luatex.def)             Requested size: 435.95395pt x 694.2371pt.
 [553

</Volumes/SSD_LPF/sonicSolver/sonicSolver/papers/book/Frontiers of computational fluid dynamics 2006 (D. A. Caughey, M. M. Hafez) (z-library.sk, 1lib.sk, z-lib.sk).pdf>] [554

]
</Volumes/SSD_LPF/sonicSolver/sonicSolver/papers/book/Frontiers of computational fluid dynamics 2006 (D. A. Caughey, M. M. Hafez) (z-library.sk, 1lib.sk, z-lib.sk).pdf, id=4120, page=276, 402.90524pt x 642.11896pt>
File: /Volumes/SSD_LPF/sonicSolver/sonicSolver/papers/book/Frontiers of computational fluid dynamics 2006 (D. A. Caughey, M. M. Hafez) (z-library.sk, 1lib.sk, z-lib.sk).pdf Graphic file (type pdf)
<use /Volumes/SSD_LPF/sonicSolver/sonicSolver/papers/book/Frontiers of computational fluid dynamics 2006 (D. A. Caughey, M. M. Hafez) (z-library.sk, 1lib.sk, z-lib.sk).pdf, page 276>
Package luatex.def Info: /Volumes/SSD_LPF/sonicSolver/sonicSolver/papers/book/Frontiers of computational fluid dynamics 2006 (D. A. Caughey, M. M. Hafez) (z-library.sk, 1lib.sk, z-lib.sk).pdf , page276 used on input line 1308.
(luatex.def)             Requested size: 435.95395pt x 694.83026pt.
 [555

</Volumes/SSD_LPF/sonicSolver/sonicSolver/papers/book/Frontiers of computational fluid dynamics 2006 (D. A. Caughey, M. M. Hafez) (z-library.sk, 1lib.sk, z-lib.sk).pdf>] [556

]
</Volumes/SSD_LPF/sonicSolver/sonicSolver/papers/book/Frontiers of computational fluid dynamics 2006 (D. A. Caughey, M. M. Hafez) (z-library.sk, 1lib.sk, z-lib.sk).pdf, id=4133, page=277, 405.31325pt x 643.56435pt>
File: /Volumes/SSD_LPF/sonicSolver/sonicSolver/papers/book/Frontiers of computational fluid dynamics 2006 (D. A. Caughey, M. M. Hafez) (z-library.sk, 1lib.sk, z-lib.sk).pdf Graphic file (type pdf)
<use /Volumes/SSD_LPF/sonicSolver/sonicSolver/papers/book/Frontiers of computational fluid dynamics 2006 (D. A. Caughey, M. M. Hafez) (z-library.sk, 1lib.sk, z-lib.sk).pdf, page 277>
Package luatex.def Info: /Volumes/SSD_LPF/sonicSolver/sonicSolver/papers/book/Frontiers of computational fluid dynamics 2006 (D. A. Caughey, M. M. Hafez) (z-library.sk, 1lib.sk, z-lib.sk).pdf , page277 used on input line 1312.
(luatex.def)             Requested size: 435.95395pt x 692.26009pt.
 [557

</Volumes/SSD_LPF/sonicSolver/sonicSolver/papers/book/Frontiers of computational fluid dynamics 2006 (D. A. Caughey, M. M. Hafez) (z-library.sk, 1lib.sk, z-lib.sk).pdf>] [558

]
</Volumes/SSD_LPF/sonicSolver/sonicSolver/papers/book/Frontiers of computational fluid dynamics 2006 (D. A. Caughey, M. M. Hafez) (z-library.sk, 1lib.sk, z-lib.sk).pdf, id=4174, page=278, 402.90524pt x 642.11896pt>
File: /Volumes/SSD_LPF/sonicSolver/sonicSolver/papers/book/Frontiers of computational fluid dynamics 2006 (D. A. Caughey, M. M. Hafez) (z-library.sk, 1lib.sk, z-lib.sk).pdf Graphic file (type pdf)
<use /Volumes/SSD_LPF/sonicSolver/sonicSolver/papers/book/Frontiers of computational fluid dynamics 2006 (D. A. Caughey, M. M. Hafez) (z-library.sk, 1lib.sk, z-lib.sk).pdf, page 278>
Package luatex.def Info: /Volumes/SSD_LPF/sonicSolver/sonicSolver/papers/book/Frontiers of computational fluid dynamics 2006 (D. A. Caughey, M. M. Hafez) (z-library.sk, 1lib.sk, z-lib.sk).pdf , page278 used on input line 1316.
(luatex.def)             Requested size: 435.95395pt x 694.83026pt.
 [559

</Volumes/SSD_LPF/sonicSolver/sonicSolver/papers/book/Frontiers of computational fluid dynamics 2006 (D. A. Caughey, M. M. Hafez) (z-library.sk, 1lib.sk, z-lib.sk).pdf>] [560

]
</Volumes/SSD_LPF/sonicSolver/sonicSolver/papers/book/Frontiers of computational fluid dynamics 2006 (D. A. Caughey, M. M. Hafez) (z-library.sk, 1lib.sk, z-lib.sk).pdf, id=4189, page=279, 404.10875pt x 642.84065pt>
File: /Volumes/SSD_LPF/sonicSolver/sonicSolver/papers/book/Frontiers of computational fluid dynamics 2006 (D. A. Caughey, M. M. Hafez) (z-library.sk, 1lib.sk, z-lib.sk).pdf Graphic file (type pdf)
<use /Volumes/SSD_LPF/sonicSolver/sonicSolver/papers/book/Frontiers of computational fluid dynamics 2006 (D. A. Caughey, M. M. Hafez) (z-library.sk, 1lib.sk, z-lib.sk).pdf, page 279>
Package luatex.def Info: /Volumes/SSD_LPF/sonicSolver/sonicSolver/papers/book/Frontiers of computational fluid dynamics 2006 (D. A. Caughey, M. M. Hafez) (z-library.sk, 1lib.sk, z-lib.sk).pdf , page279 used on input line 1322.
(luatex.def)             Requested size: 435.95395pt x 693.5219pt.
 [561

</Volumes/SSD_LPF/sonicSolver/sonicSolver/papers/book/Frontiers of computational fluid dynamics 2006 (D. A. Caughey, M. M. Hafez) (z-library.sk, 1lib.sk, z-lib.sk).pdf>]
Overfull \hbox (41.23283pt too wide) in paragraph at lines 1324--1325
[]\TU/lmr/m/n/10.95 R[] Agan-val [] [] [] 261 [] [] [] [] []---[] *.- -2% C) ’ik-miesR. con-toun a, 1.4 I..............................................’-
 []

[562

]
</Volumes/SSD_LPF/sonicSolver/sonicSolver/papers/book/Frontiers of computational fluid dynamics 2006 (D. A. Caughey, M. M. Hafez) (z-library.sk, 1lib.sk, z-lib.sk).pdf, id=4202, page=280, 404.10875pt x 642.84065pt>
File: /Volumes/SSD_LPF/sonicSolver/sonicSolver/papers/book/Frontiers of computational fluid dynamics 2006 (D. A. Caughey, M. M. Hafez) (z-library.sk, 1lib.sk, z-lib.sk).pdf Graphic file (type pdf)
<use /Volumes/SSD_LPF/sonicSolver/sonicSolver/papers/book/Frontiers of computational fluid dynamics 2006 (D. A. Caughey, M. M. Hafez) (z-library.sk, 1lib.sk, z-lib.sk).pdf, page 280>
Package luatex.def Info: /Volumes/SSD_LPF/sonicSolver/sonicSolver/papers/book/Frontiers of computational fluid dynamics 2006 (D. A. Caughey, M. M. Hafez) (z-library.sk, 1lib.sk, z-lib.sk).pdf , page280 used on input line 1326.
(luatex.def)             Requested size: 435.95395pt x 693.5219pt.
 [563

</Volumes/SSD_LPF/sonicSolver/sonicSolver/papers/book/Frontiers of computational fluid dynamics 2006 (D. A. Caughey, M. M. Hafez) (z-library.sk, 1lib.sk, z-lib.sk).pdf>] [564

]
</Volumes/SSD_LPF/sonicSolver/sonicSolver/papers/book/Frontiers of computational fluid dynamics 2006 (D. A. Caughey, M. M. Hafez) (z-library.sk, 1lib.sk, z-lib.sk).pdf, id=4216, page=281, 406.03696pt x 643.80424pt>
File: /Volumes/SSD_LPF/sonicSolver/sonicSolver/papers/book/Frontiers of computational fluid dynamics 2006 (D. A. Caughey, M. M. Hafez) (z-library.sk, 1lib.sk, z-lib.sk).pdf Graphic file (type pdf)
<use /Volumes/SSD_LPF/sonicSolver/sonicSolver/papers/book/Frontiers of computational fluid dynamics 2006 (D. A. Caughey, M. M. Hafez) (z-library.sk, 1lib.sk, z-lib.sk).pdf, page 281>
Package luatex.def Info: /Volumes/SSD_LPF/sonicSolver/sonicSolver/papers/book/Frontiers of computational fluid dynamics 2006 (D. A. Caughey, M. M. Hafez) (z-library.sk, 1lib.sk, z-lib.sk).pdf , page281 used on input line 1331.
(luatex.def)             Requested size: 435.95395pt x 691.24106pt.
 [565

</Volumes/SSD_LPF/sonicSolver/sonicSolver/papers/book/Frontiers of computational fluid dynamics 2006 (D. A. Caughey, M. M. Hafez) (z-library.sk, 1lib.sk, z-lib.sk).pdf>] [566

]
</Volumes/SSD_LPF/sonicSolver/sonicSolver/papers/book/Frontiers of computational fluid dynamics 2006 (D. A. Caughey, M. M. Hafez) (z-library.sk, 1lib.sk, z-lib.sk).pdf, id=4229, page=282, 402.7838pt x 640.793pt>
File: /Volumes/SSD_LPF/sonicSolver/sonicSolver/papers/book/Frontiers of computational fluid dynamics 2006 (D. A. Caughey, M. M. Hafez) (z-library.sk, 1lib.sk, z-lib.sk).pdf Graphic file (type pdf)
<use /Volumes/SSD_LPF/sonicSolver/sonicSolver/papers/book/Frontiers of computational fluid dynamics 2006 (D. A. Caughey, M. M. Hafez) (z-library.sk, 1lib.sk, z-lib.sk).pdf, page 282>
Package luatex.def Info: /Volumes/SSD_LPF/sonicSolver/sonicSolver/papers/book/Frontiers of computational fluid dynamics 2006 (D. A. Caughey, M. M. Hafez) (z-library.sk, 1lib.sk, z-lib.sk).pdf , page282 used on input line 1335.
(luatex.def)             Requested size: 435.95395pt x 693.56168pt.
 [567

</Volumes/SSD_LPF/sonicSolver/sonicSolver/papers/book/Frontiers of computational fluid dynamics 2006 (D. A. Caughey, M. M. Hafez) (z-library.sk, 1lib.sk, z-lib.sk).pdf>] [568

]
</Volumes/SSD_LPF/sonicSolver/sonicSolver/papers/book/Frontiers of computational fluid dynamics 2006 (D. A. Caughey, M. M. Hafez) (z-library.sk, 1lib.sk, z-lib.sk).pdf, id=4243, page=283, 401.5793pt x 640.0703pt>
File: /Volumes/SSD_LPF/sonicSolver/sonicSolver/papers/book/Frontiers of computational fluid dynamics 2006 (D. A. Caughey, M. M. Hafez) (z-library.sk, 1lib.sk, z-lib.sk).pdf Graphic file (type pdf)
<use /Volumes/SSD_LPF/sonicSolver/sonicSolver/papers/book/Frontiers of computational fluid dynamics 2006 (D. A. Caughey, M. M. Hafez) (z-library.sk, 1lib.sk, z-lib.sk).pdf, page 283>
Package luatex.def Info: /Volumes/SSD_LPF/sonicSolver/sonicSolver/papers/book/Frontiers of computational fluid dynamics 2006 (D. A. Caughey, M. M. Hafez) (z-library.sk, 1lib.sk, z-lib.sk).pdf , page283 used on input line 1339.
(luatex.def)             Requested size: 435.95395pt x 694.87929pt.
 [569

</Volumes/SSD_LPF/sonicSolver/sonicSolver/papers/book/Frontiers of computational fluid dynamics 2006 (D. A. Caughey, M. M. Hafez) (z-library.sk, 1lib.sk, z-lib.sk).pdf>]
第十二章
[570



]
</Volumes/SSD_LPF/sonicSolver/sonicSolver/papers/book/Frontiers of computational fluid dynamics 2006 (D. A. Caughey, M. M. Hafez) (z-library.sk, 1lib.sk, z-lib.sk).pdf, id=4257, page=284, 401.5793pt x 640.0703pt>
File: /Volumes/SSD_LPF/sonicSolver/sonicSolver/papers/book/Frontiers of computational fluid dynamics 2006 (D. A. Caughey, M. M. Hafez) (z-library.sk, 1lib.sk, z-lib.sk).pdf Graphic file (type pdf)
<use /Volumes/SSD_LPF/sonicSolver/sonicSolver/papers/book/Frontiers of computational fluid dynamics 2006 (D. A. Caughey, M. M. Hafez) (z-library.sk, 1lib.sk, z-lib.sk).pdf, page 284>
Package luatex.def Info: /Volumes/SSD_LPF/sonicSolver/sonicSolver/papers/book/Frontiers of computational fluid dynamics 2006 (D. A. Caughey, M. M. Hafez) (z-library.sk, 1lib.sk, z-lib.sk).pdf , page284 used on input line 1346.
(luatex.def)             Requested size: 435.95395pt x 694.87929pt.
 [571

</Volumes/SSD_LPF/sonicSolver/sonicSolver/papers/book/Frontiers of computational fluid dynamics 2006 (D. A. Caughey, M. M. Hafez) (z-library.sk, 1lib.sk, z-lib.sk).pdf>] [572

]
</Volumes/SSD_LPF/sonicSolver/sonicSolver/papers/book/Frontiers of computational fluid dynamics 2006 (D. A. Caughey, M. M. Hafez) (z-library.sk, 1lib.sk, z-lib.sk).pdf, id=4271, page=285, 404.59155pt x 643.32245pt>
File: /Volumes/SSD_LPF/sonicSolver/sonicSolver/papers/book/Frontiers of computational fluid dynamics 2006 (D. A. Caughey, M. M. Hafez) (z-library.sk, 1lib.sk, z-lib.sk).pdf Graphic file (type pdf)
<use /Volumes/SSD_LPF/sonicSolver/sonicSolver/papers/book/Frontiers of computational fluid dynamics 2006 (D. A. Caughey, M. M. Hafez) (z-library.sk, 1lib.sk, z-lib.sk).pdf, page 285>
Package luatex.def Info: /Volumes/SSD_LPF/sonicSolver/sonicSolver/papers/book/Frontiers of computational fluid dynamics 2006 (D. A. Caughey, M. M. Hafez) (z-library.sk, 1lib.sk, z-lib.sk).pdf , page285 used on input line 1351.
(luatex.def)             Requested size: 435.95395pt x 693.23674pt.
 [573

</Volumes/SSD_LPF/sonicSolver/sonicSolver/papers/book/Frontiers of computational fluid dynamics 2006 (D. A. Caughey, M. M. Hafez) (z-library.sk, 1lib.sk, z-lib.sk).pdf>] [574

]
</Volumes/SSD_LPF/sonicSolver/sonicSolver/papers/book/Frontiers of computational fluid dynamics 2006 (D. A. Caughey, M. M. Hafez) (z-library.sk, 1lib.sk, z-lib.sk).pdf, id=4284, page=286, 404.711pt x 641.75659pt>
File: /Volumes/SSD_LPF/sonicSolver/sonicSolver/papers/book/Frontiers of computational fluid dynamics 2006 (D. A. Caughey, M. M. Hafez) (z-library.sk, 1lib.sk, z-lib.sk).pdf Graphic file (type pdf)
<use /Volumes/SSD_LPF/sonicSolver/sonicSolver/papers/book/Frontiers of computational fluid dynamics 2006 (D. A. Caughey, M. M. Hafez) (z-library.sk, 1lib.sk, z-lib.sk).pdf, page 286>
Package luatex.def Info: /Volumes/SSD_LPF/sonicSolver/sonicSolver/papers/book/Frontiers of computational fluid dynamics 2006 (D. A. Caughey, M. M. Hafez) (z-library.sk, 1lib.sk, z-lib.sk).pdf , page286 used on input line 1355.
(luatex.def)             Requested size: 435.95395pt x 691.33395pt.
 [575

</Volumes/SSD_LPF/sonicSolver/sonicSolver/papers/book/Frontiers of computational fluid dynamics 2006 (D. A. Caughey, M. M. Hafez) (z-library.sk, 1lib.sk, z-lib.sk).pdf>] [576

]
</Volumes/SSD_LPF/sonicSolver/sonicSolver/papers/book/Frontiers of computational fluid dynamics 2006 (D. A. Caughey, M. M. Hafez) (z-library.sk, 1lib.sk, z-lib.sk).pdf, id=4298, page=287, 404.59155pt x 643.32245pt>
File: /Volumes/SSD_LPF/sonicSolver/sonicSolver/papers/book/Frontiers of computational fluid dynamics 2006 (D. A. Caughey, M. M. Hafez) (z-library.sk, 1lib.sk, z-lib.sk).pdf Graphic file (type pdf)
<use /Volumes/SSD_LPF/sonicSolver/sonicSolver/papers/book/Frontiers of computational fluid dynamics 2006 (D. A. Caughey, M. M. Hafez) (z-library.sk, 1lib.sk, z-lib.sk).pdf, page 287>
Package luatex.def Info: /Volumes/SSD_LPF/sonicSolver/sonicSolver/papers/book/Frontiers of computational fluid dynamics 2006 (D. A. Caughey, M. M. Hafez) (z-library.sk, 1lib.sk, z-lib.sk).pdf , page287 used on input line 1360.
(luatex.def)             Requested size: 435.95395pt x 693.23674pt.
 [577

</Volumes/SSD_LPF/sonicSolver/sonicSolver/papers/book/Frontiers of computational fluid dynamics 2006 (D. A. Caughey, M. M. Hafez) (z-library.sk, 1lib.sk, z-lib.sk).pdf>] [578

]
</Volumes/SSD_LPF/sonicSolver/sonicSolver/papers/book/Frontiers of computational fluid dynamics 2006 (D. A. Caughey, M. M. Hafez) (z-library.sk, 1lib.sk, z-lib.sk).pdf, id=4314, page=288, 404.10875pt x 642.84065pt>
File: /Volumes/SSD_LPF/sonicSolver/sonicSolver/papers/book/Frontiers of computational fluid dynamics 2006 (D. A. Caughey, M. M. Hafez) (z-library.sk, 1lib.sk, z-lib.sk).pdf Graphic file (type pdf)
<use /Volumes/SSD_LPF/sonicSolver/sonicSolver/papers/book/Frontiers of computational fluid dynamics 2006 (D. A. Caughey, M. M. Hafez) (z-library.sk, 1lib.sk, z-lib.sk).pdf, page 288>
Package luatex.def Info: /Volumes/SSD_LPF/sonicSolver/sonicSolver/papers/book/Frontiers of computational fluid dynamics 2006 (D. A. Caughey, M. M. Hafez) (z-library.sk, 1lib.sk, z-lib.sk).pdf , page288 used on input line 1365.
(luatex.def)             Requested size: 435.95395pt x 693.5219pt.
 [579

</Volumes/SSD_LPF/sonicSolver/sonicSolver/papers/book/Frontiers of computational fluid dynamics 2006 (D. A. Caughey, M. M. Hafez) (z-library.sk, 1lib.sk, z-lib.sk).pdf>] [580

]
</Volumes/SSD_LPF/sonicSolver/sonicSolver/papers/book/Frontiers of computational fluid dynamics 2006 (D. A. Caughey, M. M. Hafez) (z-library.sk, 1lib.sk, z-lib.sk).pdf, id=4328, page=289, 407.96315pt x 644.28705pt>
File: /Volumes/SSD_LPF/sonicSolver/sonicSolver/papers/book/Frontiers of computational fluid dynamics 2006 (D. A. Caughey, M. M. Hafez) (z-library.sk, 1lib.sk, z-lib.sk).pdf Graphic file (type pdf)
<use /Volumes/SSD_LPF/sonicSolver/sonicSolver/papers/book/Frontiers of computational fluid dynamics 2006 (D. A. Caughey, M. M. Hafez) (z-library.sk, 1lib.sk, z-lib.sk).pdf, page 289>
Package luatex.def Info: /Volumes/SSD_LPF/sonicSolver/sonicSolver/papers/book/Frontiers of computational fluid dynamics 2006 (D. A. Caughey, M. M. Hafez) (z-library.sk, 1lib.sk, z-lib.sk).pdf , page289 used on input line 1370.
(luatex.def)             Requested size: 435.95395pt x 688.52504pt.
 [581

</Volumes/SSD_LPF/sonicSolver/sonicSolver/papers/book/Frontiers of computational fluid dynamics 2006 (D. A. Caughey, M. M. Hafez) (z-library.sk, 1lib.sk, z-lib.sk).pdf>] [582

]
</Volumes/SSD_LPF/sonicSolver/sonicSolver/papers/book/Frontiers of computational fluid dynamics 2006 (D. A. Caughey, M. M. Hafez) (z-library.sk, 1lib.sk, z-lib.sk).pdf, id=4341, page=290, 402.7838pt x 640.793pt>
File: /Volumes/SSD_LPF/sonicSolver/sonicSolver/papers/book/Frontiers of computational fluid dynamics 2006 (D. A. Caughey, M. M. Hafez) (z-library.sk, 1lib.sk, z-lib.sk).pdf Graphic file (type pdf)
<use /Volumes/SSD_LPF/sonicSolver/sonicSolver/papers/book/Frontiers of computational fluid dynamics 2006 (D. A. Caughey, M. M. Hafez) (z-library.sk, 1lib.sk, z-lib.sk).pdf, page 290>
Package luatex.def Info: /Volumes/SSD_LPF/sonicSolver/sonicSolver/papers/book/Frontiers of computational fluid dynamics 2006 (D. A. Caughey, M. M. Hafez) (z-library.sk, 1lib.sk, z-lib.sk).pdf , page290 used on input line 1374.
(luatex.def)             Requested size: 435.95395pt x 693.56168pt.
 [583

</Volumes/SSD_LPF/sonicSolver/sonicSolver/papers/book/Frontiers of computational fluid dynamics 2006 (D. A. Caughey, M. M. Hafez) (z-library.sk, 1lib.sk, z-lib.sk).pdf>] [584

]
</Volumes/SSD_LPF/sonicSolver/sonicSolver/papers/book/Frontiers of computational fluid dynamics 2006 (D. A. Caughey, M. M. Hafez) (z-library.sk, 1lib.sk, z-lib.sk).pdf, id=4354, page=291, 401.5793pt x 640.0703pt>
File: /Volumes/SSD_LPF/sonicSolver/sonicSolver/papers/book/Frontiers of computational fluid dynamics 2006 (D. A. Caughey, M. M. Hafez) (z-library.sk, 1lib.sk, z-lib.sk).pdf Graphic file (type pdf)
<use /Volumes/SSD_LPF/sonicSolver/sonicSolver/papers/book/Frontiers of computational fluid dynamics 2006 (D. A. Caughey, M. M. Hafez) (z-library.sk, 1lib.sk, z-lib.sk).pdf, page 291>
Package luatex.def Info: /Volumes/SSD_LPF/sonicSolver/sonicSolver/papers/book/Frontiers of computational fluid dynamics 2006 (D. A. Caughey, M. M. Hafez) (z-library.sk, 1lib.sk, z-lib.sk).pdf , page291 used on input line 1378.
(luatex.def)             Requested size: 435.95395pt x 694.87929pt.
 [585

</Volumes/SSD_LPF/sonicSolver/sonicSolver/papers/book/Frontiers of computational fluid dynamics 2006 (D. A. Caughey, M. M. Hafez) (z-library.sk, 1lib.sk, z-lib.sk).pdf>] [586

]
</Volumes/SSD_LPF/sonicSolver/sonicSolver/papers/book/Frontiers of computational fluid dynamics 2006 (D. A. Caughey, M. M. Hafez) (z-library.sk, 1lib.sk, z-lib.sk).pdf, id=4368, page=292, 405.31325pt x 643.56435pt>
File: /Volumes/SSD_LPF/sonicSolver/sonicSolver/papers/book/Frontiers of computational fluid dynamics 2006 (D. A. Caughey, M. M. Hafez) (z-library.sk, 1lib.sk, z-lib.sk).pdf Graphic file (type pdf)
<use /Volumes/SSD_LPF/sonicSolver/sonicSolver/papers/book/Frontiers of computational fluid dynamics 2006 (D. A. Caughey, M. M. Hafez) (z-library.sk, 1lib.sk, z-lib.sk).pdf, page 292>
Package luatex.def Info: /Volumes/SSD_LPF/sonicSolver/sonicSolver/papers/book/Frontiers of computational fluid dynamics 2006 (D. A. Caughey, M. M. Hafez) (z-library.sk, 1lib.sk, z-lib.sk).pdf , page292 used on input line 1383.
(luatex.def)             Requested size: 435.95395pt x 692.26009pt.
 [587

</Volumes/SSD_LPF/sonicSolver/sonicSolver/papers/book/Frontiers of computational fluid dynamics 2006 (D. A. Caughey, M. M. Hafez) (z-library.sk, 1lib.sk, z-lib.sk).pdf>] [588

]
</Volumes/SSD_LPF/sonicSolver/sonicSolver/papers/book/Frontiers of computational fluid dynamics 2006 (D. A. Caughey, M. M. Hafez) (z-library.sk, 1lib.sk, z-lib.sk).pdf, id=4383, page=293, 406.03696pt x 643.56435pt>
File: /Volumes/SSD_LPF/sonicSolver/sonicSolver/papers/book/Frontiers of computational fluid dynamics 2006 (D. A. Caughey, M. M. Hafez) (z-library.sk, 1lib.sk, z-lib.sk).pdf Graphic file (type pdf)
<use /Volumes/SSD_LPF/sonicSolver/sonicSolver/papers/book/Frontiers of computational fluid dynamics 2006 (D. A. Caughey, M. M. Hafez) (z-library.sk, 1lib.sk, z-lib.sk).pdf, page 293>
Package luatex.def Info: /Volumes/SSD_LPF/sonicSolver/sonicSolver/papers/book/Frontiers of computational fluid dynamics 2006 (D. A. Caughey, M. M. Hafez) (z-library.sk, 1lib.sk, z-lib.sk).pdf , page293 used on input line 1388.
(luatex.def)             Requested size: 435.95395pt x 690.98349pt.
 [589

</Volumes/SSD_LPF/sonicSolver/sonicSolver/papers/book/Frontiers of computational fluid dynamics 2006 (D. A. Caughey, M. M. Hafez) (z-library.sk, 1lib.sk, z-lib.sk).pdf>] [590

]
</Volumes/SSD_LPF/sonicSolver/sonicSolver/papers/book/Frontiers of computational fluid dynamics 2006 (D. A. Caughey, M. M. Hafez) (z-library.sk, 1lib.sk, z-lib.sk).pdf, id=4396, page=294, 406.03696pt x 644.04515pt>
File: /Volumes/SSD_LPF/sonicSolver/sonicSolver/papers/book/Frontiers of computational fluid dynamics 2006 (D. A. Caughey, M. M. Hafez) (z-library.sk, 1lib.sk, z-lib.sk).pdf Graphic file (type pdf)
<use /Volumes/SSD_LPF/sonicSolver/sonicSolver/papers/book/Frontiers of computational fluid dynamics 2006 (D. A. Caughey, M. M. Hafez) (z-library.sk, 1lib.sk, z-lib.sk).pdf, page 294>
Package luatex.def Info: /Volumes/SSD_LPF/sonicSolver/sonicSolver/papers/book/Frontiers of computational fluid dynamics 2006 (D. A. Caughey, M. M. Hafez) (z-library.sk, 1lib.sk, z-lib.sk).pdf , page294 used on input line 1392.
(luatex.def)             Requested size: 435.95395pt x 691.49971pt.
 [591

</Volumes/SSD_LPF/sonicSolver/sonicSolver/papers/book/Frontiers of computational fluid dynamics 2006 (D. A. Caughey, M. M. Hafez) (z-library.sk, 1lib.sk, z-lib.sk).pdf>] [592

]
</Volumes/SSD_LPF/sonicSolver/sonicSolver/papers/book/Frontiers of computational fluid dynamics 2006 (D. A. Caughey, M. M. Hafez) (z-library.sk, 1lib.sk, z-lib.sk).pdf, id=4409, page=295, 403.2656pt x 641.2748pt>
File: /Volumes/SSD_LPF/sonicSolver/sonicSolver/papers/book/Frontiers of computational fluid dynamics 2006 (D. A. Caughey, M. M. Hafez) (z-library.sk, 1lib.sk, z-lib.sk).pdf Graphic file (type pdf)
<use /Volumes/SSD_LPF/sonicSolver/sonicSolver/papers/book/Frontiers of computational fluid dynamics 2006 (D. A. Caughey, M. M. Hafez) (z-library.sk, 1lib.sk, z-lib.sk).pdf, page 295>
Package luatex.def Info: /Volumes/SSD_LPF/sonicSolver/sonicSolver/papers/book/Frontiers of computational fluid dynamics 2006 (D. A. Caughey, M. M. Hafez) (z-library.sk, 1lib.sk, z-lib.sk).pdf , page295 used on input line 1396.
(luatex.def)             Requested size: 435.95395pt x 693.28078pt.
 [593

</Volumes/SSD_LPF/sonicSolver/sonicSolver/papers/book/Frontiers of computational fluid dynamics 2006 (D. A. Caughey, M. M. Hafez) (z-library.sk, 1lib.sk, z-lib.sk).pdf>] [594

]
</Volumes/SSD_LPF/sonicSolver/sonicSolver/papers/book/Frontiers of computational fluid dynamics 2006 (D. A. Caughey, M. M. Hafez) (z-library.sk, 1lib.sk, z-lib.sk).pdf, id=4423, page=296, 402.0611pt x 640.3112pt>
File: /Volumes/SSD_LPF/sonicSolver/sonicSolver/papers/book/Frontiers of computational fluid dynamics 2006 (D. A. Caughey, M. M. Hafez) (z-library.sk, 1lib.sk, z-lib.sk).pdf Graphic file (type pdf)
<use /Volumes/SSD_LPF/sonicSolver/sonicSolver/papers/book/Frontiers of computational fluid dynamics 2006 (D. A. Caughey, M. M. Hafez) (z-library.sk, 1lib.sk, z-lib.sk).pdf, page 296>
Package luatex.def Info: /Volumes/SSD_LPF/sonicSolver/sonicSolver/papers/book/Frontiers of computational fluid dynamics 2006 (D. A. Caughey, M. M. Hafez) (z-library.sk, 1lib.sk, z-lib.sk).pdf , page296 used on input line 1401.
(luatex.def)             Requested size: 435.95395pt x 694.32988pt.
 [595

</Volumes/SSD_LPF/sonicSolver/sonicSolver/papers/book/Frontiers of computational fluid dynamics 2006 (D. A. Caughey, M. M. Hafez) (z-library.sk, 1lib.sk, z-lib.sk).pdf>] [596

]
</Volumes/SSD_LPF/sonicSolver/sonicSolver/papers/book/Frontiers of computational fluid dynamics 2006 (D. A. Caughey, M. M. Hafez) (z-library.sk, 1lib.sk, z-lib.sk).pdf, id=4438, page=297, 406.51875pt x 644.04515pt>
File: /Volumes/SSD_LPF/sonicSolver/sonicSolver/papers/book/Frontiers of computational fluid dynamics 2006 (D. A. Caughey, M. M. Hafez) (z-library.sk, 1lib.sk, z-lib.sk).pdf Graphic file (type pdf)
<use /Volumes/SSD_LPF/sonicSolver/sonicSolver/papers/book/Frontiers of computational fluid dynamics 2006 (D. A. Caughey, M. M. Hafez) (z-library.sk, 1lib.sk, z-lib.sk).pdf, page 297>
Package luatex.def Info: /Volumes/SSD_LPF/sonicSolver/sonicSolver/papers/book/Frontiers of computational fluid dynamics 2006 (D. A. Caughey, M. M. Hafez) (z-library.sk, 1lib.sk, z-lib.sk).pdf , page297 used on input line 1407.
(luatex.def)             Requested size: 435.95395pt x 690.70369pt.
 [597

</Volumes/SSD_LPF/sonicSolver/sonicSolver/papers/book/Frontiers of computational fluid dynamics 2006 (D. A. Caughey, M. M. Hafez) (z-library.sk, 1lib.sk, z-lib.sk).pdf>] [598

]
</Volumes/SSD_LPF/sonicSolver/sonicSolver/papers/book/Frontiers of computational fluid dynamics 2006 (D. A. Caughey, M. M. Hafez) (z-library.sk, 1lib.sk, z-lib.sk).pdf, id=4452, page=298, 406.03696pt x 644.04515pt>
File: /Volumes/SSD_LPF/sonicSolver/sonicSolver/papers/book/Frontiers of computational fluid dynamics 2006 (D. A. Caughey, M. M. Hafez) (z-library.sk, 1lib.sk, z-lib.sk).pdf Graphic file (type pdf)
<use /Volumes/SSD_LPF/sonicSolver/sonicSolver/papers/book/Frontiers of computational fluid dynamics 2006 (D. A. Caughey, M. M. Hafez) (z-library.sk, 1lib.sk, z-lib.sk).pdf, page 298>
Package luatex.def Info: /Volumes/SSD_LPF/sonicSolver/sonicSolver/papers/book/Frontiers of computational fluid dynamics 2006 (D. A. Caughey, M. M. Hafez) (z-library.sk, 1lib.sk, z-lib.sk).pdf , page298 used on input line 1411.
(luatex.def)             Requested size: 435.95395pt x 691.49971pt.
 [599

</Volumes/SSD_LPF/sonicSolver/sonicSolver/papers/book/Frontiers of computational fluid dynamics 2006 (D. A. Caughey, M. M. Hafez) (z-library.sk, 1lib.sk, z-lib.sk).pdf>] [600

]
</Volumes/SSD_LPF/sonicSolver/sonicSolver/papers/book/Frontiers of computational fluid dynamics 2006 (D. A. Caughey, M. M. Hafez) (z-library.sk, 1lib.sk, z-lib.sk).pdf, id=4466, page=299, 406.03696pt x 644.04515pt>
File: /Volumes/SSD_LPF/sonicSolver/sonicSolver/papers/book/Frontiers of computational fluid dynamics 2006 (D. A. Caughey, M. M. Hafez) (z-library.sk, 1lib.sk, z-lib.sk).pdf Graphic file (type pdf)
<use /Volumes/SSD_LPF/sonicSolver/sonicSolver/papers/book/Frontiers of computational fluid dynamics 2006 (D. A. Caughey, M. M. Hafez) (z-library.sk, 1lib.sk, z-lib.sk).pdf, page 299>
Package luatex.def Info: /Volumes/SSD_LPF/sonicSolver/sonicSolver/papers/book/Frontiers of computational fluid dynamics 2006 (D. A. Caughey, M. M. Hafez) (z-library.sk, 1lib.sk, z-lib.sk).pdf , page299 used on input line 1415.
(luatex.def)             Requested size: 435.95395pt x 691.49971pt.
 [601

</Volumes/SSD_LPF/sonicSolver/sonicSolver/papers/book/Frontiers of computational fluid dynamics 2006 (D. A. Caughey, M. M. Hafez) (z-library.sk, 1lib.sk, z-lib.sk).pdf>] [602

]
</Volumes/SSD_LPF/sonicSolver/sonicSolver/papers/book/Frontiers of computational fluid dynamics 2006 (D. A. Caughey, M. M. Hafez) (z-library.sk, 1lib.sk, z-lib.sk).pdf, id=4479, page=300, 404.711pt x 641.5167pt>
File: /Volumes/SSD_LPF/sonicSolver/sonicSolver/papers/book/Frontiers of computational fluid dynamics 2006 (D. A. Caughey, M. M. Hafez) (z-library.sk, 1lib.sk, z-lib.sk).pdf Graphic file (type pdf)
<use /Volumes/SSD_LPF/sonicSolver/sonicSolver/papers/book/Frontiers of computational fluid dynamics 2006 (D. A. Caughey, M. M. Hafez) (z-library.sk, 1lib.sk, z-lib.sk).pdf, page 300>
Package luatex.def Info: /Volumes/SSD_LPF/sonicSolver/sonicSolver/papers/book/Frontiers of computational fluid dynamics 2006 (D. A. Caughey, M. M. Hafez) (z-library.sk, 1lib.sk, z-lib.sk).pdf , page300 used on input line 1419.
(luatex.def)             Requested size: 435.95395pt x 691.07553pt.
 [603

</Volumes/SSD_LPF/sonicSolver/sonicSolver/papers/book/Frontiers of computational fluid dynamics 2006 (D. A. Caughey, M. M. Hafez) (z-library.sk, 1lib.sk, z-lib.sk).pdf>] [604

]
</Volumes/SSD_LPF/sonicSolver/sonicSolver/papers/book/Frontiers of computational fluid dynamics 2006 (D. A. Caughey, M. M. Hafez) (z-library.sk, 1lib.sk, z-lib.sk).pdf, id=4492, page=301, 409.16765pt x 645.97235pt>
File: /Volumes/SSD_LPF/sonicSolver/sonicSolver/papers/book/Frontiers of computational fluid dynamics 2006 (D. A. Caughey, M. M. Hafez) (z-library.sk, 1lib.sk, z-lib.sk).pdf Graphic file (type pdf)
<use /Volumes/SSD_LPF/sonicSolver/sonicSolver/papers/book/Frontiers of computational fluid dynamics 2006 (D. A. Caughey, M. M. Hafez) (z-library.sk, 1lib.sk, z-lib.sk).pdf, page 301>
Package luatex.def Info: /Volumes/SSD_LPF/sonicSolver/sonicSolver/papers/book/Frontiers of computational fluid dynamics 2006 (D. A. Caughey, M. M. Hafez) (z-library.sk, 1lib.sk, z-lib.sk).pdf , page301 used on input line 1423.
(luatex.def)             Requested size: 435.95395pt x 688.27585pt.
 [605

</Volumes/SSD_LPF/sonicSolver/sonicSolver/papers/book/Frontiers of computational fluid dynamics 2006 (D. A. Caughey, M. M. Hafez) (z-library.sk, 1lib.sk, z-lib.sk).pdf>] [606

]
</Volumes/SSD_LPF/sonicSolver/sonicSolver/papers/book/Frontiers of computational fluid dynamics 2006 (D. A. Caughey, M. M. Hafez) (z-library.sk, 1lib.sk, z-lib.sk).pdf, id=4505, page=302, 403.38705pt x 642.35884pt>
File: /Volumes/SSD_LPF/sonicSolver/sonicSolver/papers/book/Frontiers of computational fluid dynamics 2006 (D. A. Caughey, M. M. Hafez) (z-library.sk, 1lib.sk, z-lib.sk).pdf Graphic file (type pdf)
<use /Volumes/SSD_LPF/sonicSolver/sonicSolver/papers/book/Frontiers of computational fluid dynamics 2006 (D. A. Caughey, M. M. Hafez) (z-library.sk, 1lib.sk, z-lib.sk).pdf, page 302>
Package luatex.def Info: /Volumes/SSD_LPF/sonicSolver/sonicSolver/papers/book/Frontiers of computational fluid dynamics 2006 (D. A. Caughey, M. M. Hafez) (z-library.sk, 1lib.sk, z-lib.sk).pdf , page302 used on input line 1427.
(luatex.def)             Requested size: 435.95395pt x 694.2371pt.
 [607

</Volumes/SSD_LPF/sonicSolver/sonicSolver/papers/book/Frontiers of computational fluid dynamics 2006 (D. A. Caughey, M. M. Hafez) (z-library.sk, 1lib.sk, z-lib.sk).pdf>] [608

]
</Volumes/SSD_LPF/sonicSolver/sonicSolver/papers/book/Frontiers of computational fluid dynamics 2006 (D. A. Caughey, M. M. Hafez) (z-library.sk, 1lib.sk, z-lib.sk).pdf, id=4519, page=303, 401.5793pt x 640.0703pt>
File: /Volumes/SSD_LPF/sonicSolver/sonicSolver/papers/book/Frontiers of computational fluid dynamics 2006 (D. A. Caughey, M. M. Hafez) (z-library.sk, 1lib.sk, z-lib.sk).pdf Graphic file (type pdf)
<use /Volumes/SSD_LPF/sonicSolver/sonicSolver/papers/book/Frontiers of computational fluid dynamics 2006 (D. A. Caughey, M. M. Hafez) (z-library.sk, 1lib.sk, z-lib.sk).pdf, page 303>
Package luatex.def Info: /Volumes/SSD_LPF/sonicSolver/sonicSolver/papers/book/Frontiers of computational fluid dynamics 2006 (D. A. Caughey, M. M. Hafez) (z-library.sk, 1lib.sk, z-lib.sk).pdf , page303 used on input line 1431.
(luatex.def)             Requested size: 435.95395pt x 694.87929pt.
 [609

</Volumes/SSD_LPF/sonicSolver/sonicSolver/papers/book/Frontiers of computational fluid dynamics 2006 (D. A. Caughey, M. M. Hafez) (z-library.sk, 1lib.sk, z-lib.sk).pdf>]
第十三章
[610



]
</Volumes/SSD_LPF/sonicSolver/sonicSolver/papers/book/Frontiers of computational fluid dynamics 2006 (D. A. Caughey, M. M. Hafez) (z-library.sk, 1lib.sk, z-lib.sk).pdf, id=4533, page=304, 402.90524pt x 642.11896pt>
File: /Volumes/SSD_LPF/sonicSolver/sonicSolver/papers/book/Frontiers of computational fluid dynamics 2006 (D. A. Caughey, M. M. Hafez) (z-library.sk, 1lib.sk, z-lib.sk).pdf Graphic file (type pdf)
<use /Volumes/SSD_LPF/sonicSolver/sonicSolver/papers/book/Frontiers of computational fluid dynamics 2006 (D. A. Caughey, M. M. Hafez) (z-library.sk, 1lib.sk, z-lib.sk).pdf, page 304>
Package luatex.def Info: /Volumes/SSD_LPF/sonicSolver/sonicSolver/papers/book/Frontiers of computational fluid dynamics 2006 (D. A. Caughey, M. M. Hafez) (z-library.sk, 1lib.sk, z-lib.sk).pdf , page304 used on input line 1438.
(luatex.def)             Requested size: 435.95395pt x 694.83026pt.
 [611

</Volumes/SSD_LPF/sonicSolver/sonicSolver/papers/book/Frontiers of computational fluid dynamics 2006 (D. A. Caughey, M. M. Hafez) (z-library.sk, 1lib.sk, z-lib.sk).pdf>] [612

]
</Volumes/SSD_LPF/sonicSolver/sonicSolver/papers/book/Frontiers of computational fluid dynamics 2006 (D. A. Caughey, M. M. Hafez) (z-library.sk, 1lib.sk, z-lib.sk).pdf, id=4548, page=305, 404.10875pt x 642.84065pt>
File: /Volumes/SSD_LPF/sonicSolver/sonicSolver/papers/book/Frontiers of computational fluid dynamics 2006 (D. A. Caughey, M. M. Hafez) (z-library.sk, 1lib.sk, z-lib.sk).pdf Graphic file (type pdf)
<use /Volumes/SSD_LPF/sonicSolver/sonicSolver/papers/book/Frontiers of computational fluid dynamics 2006 (D. A. Caughey, M. M. Hafez) (z-library.sk, 1lib.sk, z-lib.sk).pdf, page 305>
Package luatex.def Info: /Volumes/SSD_LPF/sonicSolver/sonicSolver/papers/book/Frontiers of computational fluid dynamics 2006 (D. A. Caughey, M. M. Hafez) (z-library.sk, 1lib.sk, z-lib.sk).pdf , page305 used on input line 1444.
(luatex.def)             Requested size: 435.95395pt x 693.5219pt.
 [613

</Volumes/SSD_LPF/sonicSolver/sonicSolver/papers/book/Frontiers of computational fluid dynamics 2006 (D. A. Caughey, M. M. Hafez) (z-library.sk, 1lib.sk, z-lib.sk).pdf>] [614

]
</Volumes/SSD_LPF/sonicSolver/sonicSolver/papers/book/Frontiers of computational fluid dynamics 2006 (D. A. Caughey, M. M. Hafez) (z-library.sk, 1lib.sk, z-lib.sk).pdf, id=4561, page=306, 407.24146pt x 644.76884pt>
File: /Volumes/SSD_LPF/sonicSolver/sonicSolver/papers/book/Frontiers of computational fluid dynamics 2006 (D. A. Caughey, M. M. Hafez) (z-library.sk, 1lib.sk, z-lib.sk).pdf Graphic file (type pdf)
<use /Volumes/SSD_LPF/sonicSolver/sonicSolver/papers/book/Frontiers of computational fluid dynamics 2006 (D. A. Caughey, M. M. Hafez) (z-library.sk, 1lib.sk, z-lib.sk).pdf, page 306>
Package luatex.def Info: /Volumes/SSD_LPF/sonicSolver/sonicSolver/papers/book/Frontiers of computational fluid dynamics 2006 (D. A. Caughey, M. M. Hafez) (z-library.sk, 1lib.sk, z-lib.sk).pdf , page306 used on input line 1448.
(luatex.def)             Requested size: 435.95395pt x 690.25987pt.
 [615

</Volumes/SSD_LPF/sonicSolver/sonicSolver/papers/book/Frontiers of computational fluid dynamics 2006 (D. A. Caughey, M. M. Hafez) (z-library.sk, 1lib.sk, z-lib.sk).pdf>] [616

]
</Volumes/SSD_LPF/sonicSolver/sonicSolver/papers/book/Frontiers of computational fluid dynamics 2006 (D. A. Caughey, M. M. Hafez) (z-library.sk, 1lib.sk, z-lib.sk).pdf, id=4574, page=307, 402.90524pt x 642.11896pt>
File: /Volumes/SSD_LPF/sonicSolver/sonicSolver/papers/book/Frontiers of computational fluid dynamics 2006 (D. A. Caughey, M. M. Hafez) (z-library.sk, 1lib.sk, z-lib.sk).pdf Graphic file (type pdf)
<use /Volumes/SSD_LPF/sonicSolver/sonicSolver/papers/book/Frontiers of computational fluid dynamics 2006 (D. A. Caughey, M. M. Hafez) (z-library.sk, 1lib.sk, z-lib.sk).pdf, page 307>
Package luatex.def Info: /Volumes/SSD_LPF/sonicSolver/sonicSolver/papers/book/Frontiers of computational fluid dynamics 2006 (D. A. Caughey, M. M. Hafez) (z-library.sk, 1lib.sk, z-lib.sk).pdf , page307 used on input line 1452.
(luatex.def)             Requested size: 435.95395pt x 694.83026pt.
 [617

</Volumes/SSD_LPF/sonicSolver/sonicSolver/papers/book/Frontiers of computational fluid dynamics 2006 (D. A. Caughey, M. M. Hafez) (z-library.sk, 1lib.sk, z-lib.sk).pdf>] [618

]
</Volumes/SSD_LPF/sonicSolver/sonicSolver/papers/book/Frontiers of computational fluid dynamics 2006 (D. A. Caughey, M. M. Hafez) (z-library.sk, 1lib.sk, z-lib.sk).pdf, id=4589, page=308, 406.03696pt x 643.80424pt>
File: /Volumes/SSD_LPF/sonicSolver/sonicSolver/papers/book/Frontiers of computational fluid dynamics 2006 (D. A. Caughey, M. M. Hafez) (z-library.sk, 1lib.sk, z-lib.sk).pdf Graphic file (type pdf)
<use /Volumes/SSD_LPF/sonicSolver/sonicSolver/papers/book/Frontiers of computational fluid dynamics 2006 (D. A. Caughey, M. M. Hafez) (z-library.sk, 1lib.sk, z-lib.sk).pdf, page 308>
Package luatex.def Info: /Volumes/SSD_LPF/sonicSolver/sonicSolver/papers/book/Frontiers of computational fluid dynamics 2006 (D. A. Caughey, M. M. Hafez) (z-library.sk, 1lib.sk, z-lib.sk).pdf , page308 used on input line 1457.
(luatex.def)             Requested size: 435.95395pt x 691.24106pt.
 [619

</Volumes/SSD_LPF/sonicSolver/sonicSolver/papers/book/Frontiers of computational fluid dynamics 2006 (D. A. Caughey, M. M. Hafez) (z-library.sk, 1lib.sk, z-lib.sk).pdf>] [620

]
</Volumes/SSD_LPF/sonicSolver/sonicSolver/papers/book/Frontiers of computational fluid dynamics 2006 (D. A. Caughey, M. M. Hafez) (z-library.sk, 1lib.sk, z-lib.sk).pdf, id=4605, page=309, 406.03696pt x 643.80424pt>
File: /Volumes/SSD_LPF/sonicSolver/sonicSolver/papers/book/Frontiers of computational fluid dynamics 2006 (D. A. Caughey, M. M. Hafez) (z-library.sk, 1lib.sk, z-lib.sk).pdf Graphic file (type pdf)
<use /Volumes/SSD_LPF/sonicSolver/sonicSolver/papers/book/Frontiers of computational fluid dynamics 2006 (D. A. Caughey, M. M. Hafez) (z-library.sk, 1lib.sk, z-lib.sk).pdf, page 309>
Package luatex.def Info: /Volumes/SSD_LPF/sonicSolver/sonicSolver/papers/book/Frontiers of computational fluid dynamics 2006 (D. A. Caughey, M. M. Hafez) (z-library.sk, 1lib.sk, z-lib.sk).pdf , page309 used on input line 1463.
(luatex.def)             Requested size: 435.95395pt x 691.24106pt.
 [621

</Volumes/SSD_LPF/sonicSolver/sonicSolver/papers/book/Frontiers of computational fluid dynamics 2006 (D. A. Caughey, M. M. Hafez) (z-library.sk, 1lib.sk, z-lib.sk).pdf>] [622

]
</Volumes/SSD_LPF/sonicSolver/sonicSolver/papers/book/Frontiers of computational fluid dynamics 2006 (D. A. Caughey, M. M. Hafez) (z-library.sk, 1lib.sk, z-lib.sk).pdf, id=4619, page=310, 406.51875pt x 644.28705pt>
File: /Volumes/SSD_LPF/sonicSolver/sonicSolver/papers/book/Frontiers of computational fluid dynamics 2006 (D. A. Caughey, M. M. Hafez) (z-library.sk, 1lib.sk, z-lib.sk).pdf Graphic file (type pdf)
<use /Volumes/SSD_LPF/sonicSolver/sonicSolver/papers/book/Frontiers of computational fluid dynamics 2006 (D. A. Caughey, M. M. Hafez) (z-library.sk, 1lib.sk, z-lib.sk).pdf, page 310>
Package luatex.def Info: /Volumes/SSD_LPF/sonicSolver/sonicSolver/papers/book/Frontiers of computational fluid dynamics 2006 (D. A. Caughey, M. M. Hafez) (z-library.sk, 1lib.sk, z-lib.sk).pdf , page310 used on input line 1468.
(luatex.def)             Requested size: 435.95395pt x 690.96313pt.
 [623

</Volumes/SSD_LPF/sonicSolver/sonicSolver/papers/book/Frontiers of computational fluid dynamics 2006 (D. A. Caughey, M. M. Hafez) (z-library.sk, 1lib.sk, z-lib.sk).pdf>] [624

]
</Volumes/SSD_LPF/sonicSolver/sonicSolver/papers/book/Frontiers of computational fluid dynamics 2006 (D. A. Caughey, M. M. Hafez) (z-library.sk, 1lib.sk, z-lib.sk).pdf, id=4632, page=311, 402.90524pt x 642.11896pt>
File: /Volumes/SSD_LPF/sonicSolver/sonicSolver/papers/book/Frontiers of computational fluid dynamics 2006 (D. A. Caughey, M. M. Hafez) (z-library.sk, 1lib.sk, z-lib.sk).pdf Graphic file (type pdf)
<use /Volumes/SSD_LPF/sonicSolver/sonicSolver/papers/book/Frontiers of computational fluid dynamics 2006 (D. A. Caughey, M. M. Hafez) (z-library.sk, 1lib.sk, z-lib.sk).pdf, page 311>
Package luatex.def Info: /Volumes/SSD_LPF/sonicSolver/sonicSolver/papers/book/Frontiers of computational fluid dynamics 2006 (D. A. Caughey, M. M. Hafez) (z-library.sk, 1lib.sk, z-lib.sk).pdf , page311 used on input line 1472.
(luatex.def)             Requested size: 435.95395pt x 694.83026pt.
 [625

</Volumes/SSD_LPF/sonicSolver/sonicSolver/papers/book/Frontiers of computational fluid dynamics 2006 (D. A. Caughey, M. M. Hafez) (z-library.sk, 1lib.sk, z-lib.sk).pdf>] [626

]
</Volumes/SSD_LPF/sonicSolver/sonicSolver/papers/book/Frontiers of computational fluid dynamics 2006 (D. A. Caughey, M. M. Hafez) (z-library.sk, 1lib.sk, z-lib.sk).pdf, id=4645, page=312, 406.51875pt x 644.52695pt>
File: /Volumes/SSD_LPF/sonicSolver/sonicSolver/papers/book/Frontiers of computational fluid dynamics 2006 (D. A. Caughey, M. M. Hafez) (z-library.sk, 1lib.sk, z-lib.sk).pdf Graphic file (type pdf)
<use /Volumes/SSD_LPF/sonicSolver/sonicSolver/papers/book/Frontiers of computational fluid dynamics 2006 (D. A. Caughey, M. M. Hafez) (z-library.sk, 1lib.sk, z-lib.sk).pdf, page 312>
Package luatex.def Info: /Volumes/SSD_LPF/sonicSolver/sonicSolver/papers/book/Frontiers of computational fluid dynamics 2006 (D. A. Caughey, M. M. Hafez) (z-library.sk, 1lib.sk, z-lib.sk).pdf , page312 used on input line 1476.
(luatex.def)             Requested size: 435.95395pt x 691.2204pt.
 [627

</Volumes/SSD_LPF/sonicSolver/sonicSolver/papers/book/Frontiers of computational fluid dynamics 2006 (D. A. Caughey, M. M. Hafez) (z-library.sk, 1lib.sk, z-lib.sk).pdf>] [628

]
</Volumes/SSD_LPF/sonicSolver/sonicSolver/papers/book/Frontiers of computational fluid dynamics 2006 (D. A. Caughey, M. M. Hafez) (z-library.sk, 1lib.sk, z-lib.sk).pdf, id=4657, page=313, 403.2656pt x 641.2748pt>
File: /Volumes/SSD_LPF/sonicSolver/sonicSolver/papers/book/Frontiers of computational fluid dynamics 2006 (D. A. Caughey, M. M. Hafez) (z-library.sk, 1lib.sk, z-lib.sk).pdf Graphic file (type pdf)
<use /Volumes/SSD_LPF/sonicSolver/sonicSolver/papers/book/Frontiers of computational fluid dynamics 2006 (D. A. Caughey, M. M. Hafez) (z-library.sk, 1lib.sk, z-lib.sk).pdf, page 313>
Package luatex.def Info: /Volumes/SSD_LPF/sonicSolver/sonicSolver/papers/book/Frontiers of computational fluid dynamics 2006 (D. A. Caughey, M. M. Hafez) (z-library.sk, 1lib.sk, z-lib.sk).pdf , page313 used on input line 1480.
(luatex.def)             Requested size: 435.95395pt x 693.28078pt.
 [629

</Volumes/SSD_LPF/sonicSolver/sonicSolver/papers/book/Frontiers of computational fluid dynamics 2006 (D. A. Caughey, M. M. Hafez) (z-library.sk, 1lib.sk, z-lib.sk).pdf>] [630

]
</Volumes/SSD_LPF/sonicSolver/sonicSolver/papers/book/Frontiers of computational fluid dynamics 2006 (D. A. Caughey, M. M. Hafez) (z-library.sk, 1lib.sk, z-lib.sk).pdf, id=4670, page=314, 403.38705pt x 642.35884pt>
File: /Volumes/SSD_LPF/sonicSolver/sonicSolver/papers/book/Frontiers of computational fluid dynamics 2006 (D. A. Caughey, M. M. Hafez) (z-library.sk, 1lib.sk, z-lib.sk).pdf Graphic file (type pdf)
<use /Volumes/SSD_LPF/sonicSolver/sonicSolver/papers/book/Frontiers of computational fluid dynamics 2006 (D. A. Caughey, M. M. Hafez) (z-library.sk, 1lib.sk, z-lib.sk).pdf, page 314>
Package luatex.def Info: /Volumes/SSD_LPF/sonicSolver/sonicSolver/papers/book/Frontiers of computational fluid dynamics 2006 (D. A. Caughey, M. M. Hafez) (z-library.sk, 1lib.sk, z-lib.sk).pdf , page314 used on input line 1484.
(luatex.def)             Requested size: 435.95395pt x 694.2371pt.
 [631

</Volumes/SSD_LPF/sonicSolver/sonicSolver/papers/book/Frontiers of computational fluid dynamics 2006 (D. A. Caughey, M. M. Hafez) (z-library.sk, 1lib.sk, z-lib.sk).pdf>] [632

]
</Volumes/SSD_LPF/sonicSolver/sonicSolver/papers/book/Frontiers of computational fluid dynamics 2006 (D. A. Caughey, M. M. Hafez) (z-library.sk, 1lib.sk, z-lib.sk).pdf, id=4683, page=315, 401.5793pt x 640.0703pt>
File: /Volumes/SSD_LPF/sonicSolver/sonicSolver/papers/book/Frontiers of computational fluid dynamics 2006 (D. A. Caughey, M. M. Hafez) (z-library.sk, 1lib.sk, z-lib.sk).pdf Graphic file (type pdf)
<use /Volumes/SSD_LPF/sonicSolver/sonicSolver/papers/book/Frontiers of computational fluid dynamics 2006 (D. A. Caughey, M. M. Hafez) (z-library.sk, 1lib.sk, z-lib.sk).pdf, page 315>
Package luatex.def Info: /Volumes/SSD_LPF/sonicSolver/sonicSolver/papers/book/Frontiers of computational fluid dynamics 2006 (D. A. Caughey, M. M. Hafez) (z-library.sk, 1lib.sk, z-lib.sk).pdf , page315 used on input line 1488.
(luatex.def)             Requested size: 435.95395pt x 694.87929pt.
 [633

</Volumes/SSD_LPF/sonicSolver/sonicSolver/papers/book/Frontiers of computational fluid dynamics 2006 (D. A. Caughey, M. M. Hafez) (z-library.sk, 1lib.sk, z-lib.sk).pdf>]
第十四章
[634



]
</Volumes/SSD_LPF/sonicSolver/sonicSolver/papers/book/Frontiers of computational fluid dynamics 2006 (D. A. Caughey, M. M. Hafez) (z-library.sk, 1lib.sk, z-lib.sk).pdf, id=4697, page=316, 404.711pt x 641.5167pt>
File: /Volumes/SSD_LPF/sonicSolver/sonicSolver/papers/book/Frontiers of computational fluid dynamics 2006 (D. A. Caughey, M. M. Hafez) (z-library.sk, 1lib.sk, z-lib.sk).pdf Graphic file (type pdf)
<use /Volumes/SSD_LPF/sonicSolver/sonicSolver/papers/book/Frontiers of computational fluid dynamics 2006 (D. A. Caughey, M. M. Hafez) (z-library.sk, 1lib.sk, z-lib.sk).pdf, page 316>
Package luatex.def Info: /Volumes/SSD_LPF/sonicSolver/sonicSolver/papers/book/Frontiers of computational fluid dynamics 2006 (D. A. Caughey, M. M. Hafez) (z-library.sk, 1lib.sk, z-lib.sk).pdf , page316 used on input line 1495.
(luatex.def)             Requested size: 435.95395pt x 691.07553pt.
 [635

</Volumes/SSD_LPF/sonicSolver/sonicSolver/papers/book/Frontiers of computational fluid dynamics 2006 (D. A. Caughey, M. M. Hafez) (z-library.sk, 1lib.sk, z-lib.sk).pdf>] [636

]
</Volumes/SSD_LPF/sonicSolver/sonicSolver/papers/book/Frontiers of computational fluid dynamics 2006 (D. A. Caughey, M. M. Hafez) (z-library.sk, 1lib.sk, z-lib.sk).pdf, id=4711, page=317, 405.9155pt x 642.2384pt>
File: /Volumes/SSD_LPF/sonicSolver/sonicSolver/papers/book/Frontiers of computational fluid dynamics 2006 (D. A. Caughey, M. M. Hafez) (z-library.sk, 1lib.sk, z-lib.sk).pdf Graphic file (type pdf)
<use /Volumes/SSD_LPF/sonicSolver/sonicSolver/papers/book/Frontiers of computational fluid dynamics 2006 (D. A. Caughey, M. M. Hafez) (z-library.sk, 1lib.sk, z-lib.sk).pdf, page 317>
Package luatex.def Info: /Volumes/SSD_LPF/sonicSolver/sonicSolver/papers/book/Frontiers of computational fluid dynamics 2006 (D. A. Caughey, M. M. Hafez) (z-library.sk, 1lib.sk, z-lib.sk).pdf , page317 used on input line 1500.
(luatex.def)             Requested size: 435.95395pt x 689.77544pt.
 [637

</Volumes/SSD_LPF/sonicSolver/sonicSolver/papers/book/Frontiers of computational fluid dynamics 2006 (D. A. Caughey, M. M. Hafez) (z-library.sk, 1lib.sk, z-lib.sk).pdf>] [638

]
</Volumes/SSD_LPF/sonicSolver/sonicSolver/papers/book/Frontiers of computational fluid dynamics 2006 (D. A. Caughey, M. M. Hafez) (z-library.sk, 1lib.sk, z-lib.sk).pdf, id=4725, page=318, 404.59155pt x 643.32245pt>
File: /Volumes/SSD_LPF/sonicSolver/sonicSolver/papers/book/Frontiers of computational fluid dynamics 2006 (D. A. Caughey, M. M. Hafez) (z-library.sk, 1lib.sk, z-lib.sk).pdf Graphic file (type pdf)
<use /Volumes/SSD_LPF/sonicSolver/sonicSolver/papers/book/Frontiers of computational fluid dynamics 2006 (D. A. Caughey, M. M. Hafez) (z-library.sk, 1lib.sk, z-lib.sk).pdf, page 318>
Package luatex.def Info: /Volumes/SSD_LPF/sonicSolver/sonicSolver/papers/book/Frontiers of computational fluid dynamics 2006 (D. A. Caughey, M. M. Hafez) (z-library.sk, 1lib.sk, z-lib.sk).pdf , page318 used on input line 1504.
(luatex.def)             Requested size: 435.95395pt x 693.23674pt.
 [639

</Volumes/SSD_LPF/sonicSolver/sonicSolver/papers/book/Frontiers of computational fluid dynamics 2006 (D. A. Caughey, M. M. Hafez) (z-library.sk, 1lib.sk, z-lib.sk).pdf>] [640

]
</Volumes/SSD_LPF/sonicSolver/sonicSolver/papers/book/Frontiers of computational fluid dynamics 2006 (D. A. Caughey, M. M. Hafez) (z-library.sk, 1lib.sk, z-lib.sk).pdf, id=4738, page=319, 402.90524pt x 642.11896pt>
File: /Volumes/SSD_LPF/sonicSolver/sonicSolver/papers/book/Frontiers of computational fluid dynamics 2006 (D. A. Caughey, M. M. Hafez) (z-library.sk, 1lib.sk, z-lib.sk).pdf Graphic file (type pdf)
<use /Volumes/SSD_LPF/sonicSolver/sonicSolver/papers/book/Frontiers of computational fluid dynamics 2006 (D. A. Caughey, M. M. Hafez) (z-library.sk, 1lib.sk, z-lib.sk).pdf, page 319>
Package luatex.def Info: /Volumes/SSD_LPF/sonicSolver/sonicSolver/papers/book/Frontiers of computational fluid dynamics 2006 (D. A. Caughey, M. M. Hafez) (z-library.sk, 1lib.sk, z-lib.sk).pdf , page319 used on input line 1508.
(luatex.def)             Requested size: 435.95395pt x 694.83026pt.
 [641

</Volumes/SSD_LPF/sonicSolver/sonicSolver/papers/book/Frontiers of computational fluid dynamics 2006 (D. A. Caughey, M. M. Hafez) (z-library.sk, 1lib.sk, z-lib.sk).pdf>] [642

]
</Volumes/SSD_LPF/sonicSolver/sonicSolver/papers/book/Frontiers of computational fluid dynamics 2006 (D. A. Caughey, M. M. Hafez) (z-library.sk, 1lib.sk, z-lib.sk).pdf, id=4752, page=320, 401.5793pt x 640.0703pt>
File: /Volumes/SSD_LPF/sonicSolver/sonicSolver/papers/book/Frontiers of computational fluid dynamics 2006 (D. A. Caughey, M. M. Hafez) (z-library.sk, 1lib.sk, z-lib.sk).pdf Graphic file (type pdf)
<use /Volumes/SSD_LPF/sonicSolver/sonicSolver/papers/book/Frontiers of computational fluid dynamics 2006 (D. A. Caughey, M. M. Hafez) (z-library.sk, 1lib.sk, z-lib.sk).pdf, page 320>
Package luatex.def Info: /Volumes/SSD_LPF/sonicSolver/sonicSolver/papers/book/Frontiers of computational fluid dynamics 2006 (D. A. Caughey, M. M. Hafez) (z-library.sk, 1lib.sk, z-lib.sk).pdf , page320 used on input line 1512.
(luatex.def)             Requested size: 435.95395pt x 694.87929pt.
 [643

</Volumes/SSD_LPF/sonicSolver/sonicSolver/papers/book/Frontiers of computational fluid dynamics 2006 (D. A. Caughey, M. M. Hafez) (z-library.sk, 1lib.sk, z-lib.sk).pdf>] [644

]
</Volumes/SSD_LPF/sonicSolver/sonicSolver/papers/book/Frontiers of computational fluid dynamics 2006 (D. A. Caughey, M. M. Hafez) (z-library.sk, 1lib.sk, z-lib.sk).pdf, id=4766, page=321, 402.7838pt x 640.793pt>
File: /Volumes/SSD_LPF/sonicSolver/sonicSolver/papers/book/Frontiers of computational fluid dynamics 2006 (D. A. Caughey, M. M. Hafez) (z-library.sk, 1lib.sk, z-lib.sk).pdf Graphic file (type pdf)
<use /Volumes/SSD_LPF/sonicSolver/sonicSolver/papers/book/Frontiers of computational fluid dynamics 2006 (D. A. Caughey, M. M. Hafez) (z-library.sk, 1lib.sk, z-lib.sk).pdf, page 321>
Package luatex.def Info: /Volumes/SSD_LPF/sonicSolver/sonicSolver/papers/book/Frontiers of computational fluid dynamics 2006 (D. A. Caughey, M. M. Hafez) (z-library.sk, 1lib.sk, z-lib.sk).pdf , page321 used on input line 1517.
(luatex.def)             Requested size: 435.95395pt x 693.56168pt.
 [645

</Volumes/SSD_LPF/sonicSolver/sonicSolver/papers/book/Frontiers of computational fluid dynamics 2006 (D. A. Caughey, M. M. Hafez) (z-library.sk, 1lib.sk, z-lib.sk).pdf>] [646

]
</Volumes/SSD_LPF/sonicSolver/sonicSolver/papers/book/Frontiers of computational fluid dynamics 2006 (D. A. Caughey, M. M. Hafez) (z-library.sk, 1lib.sk, z-lib.sk).pdf, id=4780, page=322, 406.03696pt x 644.04515pt>
File: /Volumes/SSD_LPF/sonicSolver/sonicSolver/papers/book/Frontiers of computational fluid dynamics 2006 (D. A. Caughey, M. M. Hafez) (z-library.sk, 1lib.sk, z-lib.sk).pdf Graphic file (type pdf)
<use /Volumes/SSD_LPF/sonicSolver/sonicSolver/papers/book/Frontiers of computational fluid dynamics 2006 (D. A. Caughey, M. M. Hafez) (z-library.sk, 1lib.sk, z-lib.sk).pdf, page 322>
Package luatex.def Info: /Volumes/SSD_LPF/sonicSolver/sonicSolver/papers/book/Frontiers of computational fluid dynamics 2006 (D. A. Caughey, M. M. Hafez) (z-library.sk, 1lib.sk, z-lib.sk).pdf , page322 used on input line 1522.
(luatex.def)             Requested size: 435.95395pt x 691.49971pt.
 [647

</Volumes/SSD_LPF/sonicSolver/sonicSolver/papers/book/Frontiers of computational fluid dynamics 2006 (D. A. Caughey, M. M. Hafez) (z-library.sk, 1lib.sk, z-lib.sk).pdf>] [648

]
</Volumes/SSD_LPF/sonicSolver/sonicSolver/papers/book/Frontiers of computational fluid dynamics 2006 (D. A. Caughey, M. M. Hafez) (z-library.sk, 1lib.sk, z-lib.sk).pdf, id=4794, page=323, 406.03696pt x 643.80424pt>
File: /Volumes/SSD_LPF/sonicSolver/sonicSolver/papers/book/Frontiers of computational fluid dynamics 2006 (D. A. Caughey, M. M. Hafez) (z-library.sk, 1lib.sk, z-lib.sk).pdf Graphic file (type pdf)
<use /Volumes/SSD_LPF/sonicSolver/sonicSolver/papers/book/Frontiers of computational fluid dynamics 2006 (D. A. Caughey, M. M. Hafez) (z-library.sk, 1lib.sk, z-lib.sk).pdf, page 323>
Package luatex.def Info: /Volumes/SSD_LPF/sonicSolver/sonicSolver/papers/book/Frontiers of computational fluid dynamics 2006 (D. A. Caughey, M. M. Hafez) (z-library.sk, 1lib.sk, z-lib.sk).pdf , page323 used on input line 1526.
(luatex.def)             Requested size: 435.95395pt x 691.24106pt.
 [649

</Volumes/SSD_LPF/sonicSolver/sonicSolver/papers/book/Frontiers of computational fluid dynamics 2006 (D. A. Caughey, M. M. Hafez) (z-library.sk, 1lib.sk, z-lib.sk).pdf>] [650

]
</Volumes/SSD_LPF/sonicSolver/sonicSolver/papers/book/Frontiers of computational fluid dynamics 2006 (D. A. Caughey, M. M. Hafez) (z-library.sk, 1lib.sk, z-lib.sk).pdf, id=4807, page=324, 406.03696pt x 643.80424pt>
File: /Volumes/SSD_LPF/sonicSolver/sonicSolver/papers/book/Frontiers of computational fluid dynamics 2006 (D. A. Caughey, M. M. Hafez) (z-library.sk, 1lib.sk, z-lib.sk).pdf Graphic file (type pdf)
<use /Volumes/SSD_LPF/sonicSolver/sonicSolver/papers/book/Frontiers of computational fluid dynamics 2006 (D. A. Caughey, M. M. Hafez) (z-library.sk, 1lib.sk, z-lib.sk).pdf, page 324>
Package luatex.def Info: /Volumes/SSD_LPF/sonicSolver/sonicSolver/papers/book/Frontiers of computational fluid dynamics 2006 (D. A. Caughey, M. M. Hafez) (z-library.sk, 1lib.sk, z-lib.sk).pdf , page324 used on input line 1530.
(luatex.def)             Requested size: 435.95395pt x 691.24106pt.
 [651

</Volumes/SSD_LPF/sonicSolver/sonicSolver/papers/book/Frontiers of computational fluid dynamics 2006 (D. A. Caughey, M. M. Hafez) (z-library.sk, 1lib.sk, z-lib.sk).pdf>] [652

]
</Volumes/SSD_LPF/sonicSolver/sonicSolver/papers/book/Frontiers of computational fluid dynamics 2006 (D. A. Caughey, M. M. Hafez) (z-library.sk, 1lib.sk, z-lib.sk).pdf, id=4822, page=325, 404.10875pt x 642.84065pt>
File: /Volumes/SSD_LPF/sonicSolver/sonicSolver/papers/book/Frontiers of computational fluid dynamics 2006 (D. A. Caughey, M. M. Hafez) (z-library.sk, 1lib.sk, z-lib.sk).pdf Graphic file (type pdf)
<use /Volumes/SSD_LPF/sonicSolver/sonicSolver/papers/book/Frontiers of computational fluid dynamics 2006 (D. A. Caughey, M. M. Hafez) (z-library.sk, 1lib.sk, z-lib.sk).pdf, page 325>
Package luatex.def Info: /Volumes/SSD_LPF/sonicSolver/sonicSolver/papers/book/Frontiers of computational fluid dynamics 2006 (D. A. Caughey, M. M. Hafez) (z-library.sk, 1lib.sk, z-lib.sk).pdf , page325 used on input line 1536.
(luatex.def)             Requested size: 435.95395pt x 693.5219pt.
 [653

</Volumes/SSD_LPF/sonicSolver/sonicSolver/papers/book/Frontiers of computational fluid dynamics 2006 (D. A. Caughey, M. M. Hafez) (z-library.sk, 1lib.sk, z-lib.sk).pdf>] [654

]
</Volumes/SSD_LPF/sonicSolver/sonicSolver/papers/book/Frontiers of computational fluid dynamics 2006 (D. A. Caughey, M. M. Hafez) (z-library.sk, 1lib.sk, z-lib.sk).pdf, id=4836, page=326, 404.10875pt x 642.84065pt>
File: /Volumes/SSD_LPF/sonicSolver/sonicSolver/papers/book/Frontiers of computational fluid dynamics 2006 (D. A. Caughey, M. M. Hafez) (z-library.sk, 1lib.sk, z-lib.sk).pdf Graphic file (type pdf)
<use /Volumes/SSD_LPF/sonicSolver/sonicSolver/papers/book/Frontiers of computational fluid dynamics 2006 (D. A. Caughey, M. M. Hafez) (z-library.sk, 1lib.sk, z-lib.sk).pdf, page 326>
Package luatex.def Info: /Volumes/SSD_LPF/sonicSolver/sonicSolver/papers/book/Frontiers of computational fluid dynamics 2006 (D. A. Caughey, M. M. Hafez) (z-library.sk, 1lib.sk, z-lib.sk).pdf , page326 used on input line 1541.
(luatex.def)             Requested size: 435.95395pt x 693.5219pt.
 [655

</Volumes/SSD_LPF/sonicSolver/sonicSolver/papers/book/Frontiers of computational fluid dynamics 2006 (D. A. Caughey, M. M. Hafez) (z-library.sk, 1lib.sk, z-lib.sk).pdf>] [656

]
</Volumes/SSD_LPF/sonicSolver/sonicSolver/papers/book/Frontiers of computational fluid dynamics 2006 (D. A. Caughey, M. M. Hafez) (z-library.sk, 1lib.sk, z-lib.sk).pdf, id=4850, page=327, 403.38705pt x 642.35884pt>
File: /Volumes/SSD_LPF/sonicSolver/sonicSolver/papers/book/Frontiers of computational fluid dynamics 2006 (D. A. Caughey, M. M. Hafez) (z-library.sk, 1lib.sk, z-lib.sk).pdf Graphic file (type pdf)
<use /Volumes/SSD_LPF/sonicSolver/sonicSolver/papers/book/Frontiers of computational fluid dynamics 2006 (D. A. Caughey, M. M. Hafez) (z-library.sk, 1lib.sk, z-lib.sk).pdf, page 327>
Package luatex.def Info: /Volumes/SSD_LPF/sonicSolver/sonicSolver/papers/book/Frontiers of computational fluid dynamics 2006 (D. A. Caughey, M. M. Hafez) (z-library.sk, 1lib.sk, z-lib.sk).pdf , page327 used on input line 1546.
(luatex.def)             Requested size: 435.95395pt x 694.2371pt.
 [657

</Volumes/SSD_LPF/sonicSolver/sonicSolver/papers/book/Frontiers of computational fluid dynamics 2006 (D. A. Caughey, M. M. Hafez) (z-library.sk, 1lib.sk, z-lib.sk).pdf>] [658

]
</Volumes/SSD_LPF/sonicSolver/sonicSolver/papers/book/Frontiers of computational fluid dynamics 2006 (D. A. Caughey, M. M. Hafez) (z-library.sk, 1lib.sk, z-lib.sk).pdf, id=4864, page=328, 402.90524pt x 642.11896pt>
File: /Volumes/SSD_LPF/sonicSolver/sonicSolver/papers/book/Frontiers of computational fluid dynamics 2006 (D. A. Caughey, M. M. Hafez) (z-library.sk, 1lib.sk, z-lib.sk).pdf Graphic file (type pdf)
<use /Volumes/SSD_LPF/sonicSolver/sonicSolver/papers/book/Frontiers of computational fluid dynamics 2006 (D. A. Caughey, M. M. Hafez) (z-library.sk, 1lib.sk, z-lib.sk).pdf, page 328>
Package luatex.def Info: /Volumes/SSD_LPF/sonicSolver/sonicSolver/papers/book/Frontiers of computational fluid dynamics 2006 (D. A. Caughey, M. M. Hafez) (z-library.sk, 1lib.sk, z-lib.sk).pdf , page328 used on input line 1550.
(luatex.def)             Requested size: 435.95395pt x 694.83026pt.
 [659

</Volumes/SSD_LPF/sonicSolver/sonicSolver/papers/book/Frontiers of computational fluid dynamics 2006 (D. A. Caughey, M. M. Hafez) (z-library.sk, 1lib.sk, z-lib.sk).pdf>] [660

]
</Volumes/SSD_LPF/sonicSolver/sonicSolver/papers/book/Frontiers of computational fluid dynamics 2006 (D. A. Caughey, M. M. Hafez) (z-library.sk, 1lib.sk, z-lib.sk).pdf, id=4878, page=329, 401.5793pt x 640.0703pt>
File: /Volumes/SSD_LPF/sonicSolver/sonicSolver/papers/book/Frontiers of computational fluid dynamics 2006 (D. A. Caughey, M. M. Hafez) (z-library.sk, 1lib.sk, z-lib.sk).pdf Graphic file (type pdf)
<use /Volumes/SSD_LPF/sonicSolver/sonicSolver/papers/book/Frontiers of computational fluid dynamics 2006 (D. A. Caughey, M. M. Hafez) (z-library.sk, 1lib.sk, z-lib.sk).pdf, page 329>
Package luatex.def Info: /Volumes/SSD_LPF/sonicSolver/sonicSolver/papers/book/Frontiers of computational fluid dynamics 2006 (D. A. Caughey, M. M. Hafez) (z-library.sk, 1lib.sk, z-lib.sk).pdf , page329 used on input line 1555.
(luatex.def)             Requested size: 435.95395pt x 694.87929pt.
 [661

</Volumes/SSD_LPF/sonicSolver/sonicSolver/papers/book/Frontiers of computational fluid dynamics 2006 (D. A. Caughey, M. M. Hafez) (z-library.sk, 1lib.sk, z-lib.sk).pdf>] [662

]
</Volumes/SSD_LPF/sonicSolver/sonicSolver/papers/book/Frontiers of computational fluid dynamics 2006 (D. A. Caughey, M. M. Hafez) (z-library.sk, 1lib.sk, z-lib.sk).pdf, id=4893, page=330, 408.44495pt x 644.52695pt>
File: /Volumes/SSD_LPF/sonicSolver/sonicSolver/papers/book/Frontiers of computational fluid dynamics 2006 (D. A. Caughey, M. M. Hafez) (z-library.sk, 1lib.sk, z-lib.sk).pdf Graphic file (type pdf)
<use /Volumes/SSD_LPF/sonicSolver/sonicSolver/papers/book/Frontiers of computational fluid dynamics 2006 (D. A. Caughey, M. M. Hafez) (z-library.sk, 1lib.sk, z-lib.sk).pdf, page 330>
Package luatex.def Info: /Volumes/SSD_LPF/sonicSolver/sonicSolver/papers/book/Frontiers of computational fluid dynamics 2006 (D. A. Caughey, M. M. Hafez) (z-library.sk, 1lib.sk, z-lib.sk).pdf , page330 used on input line 1560.
(luatex.def)             Requested size: 435.95395pt x 687.94545pt.
 [663

</Volumes/SSD_LPF/sonicSolver/sonicSolver/papers/book/Frontiers of computational fluid dynamics 2006 (D. A. Caughey, M. M. Hafez) (z-library.sk, 1lib.sk, z-lib.sk).pdf>] [664

]
</Volumes/SSD_LPF/sonicSolver/sonicSolver/papers/book/Frontiers of computational fluid dynamics 2006 (D. A. Caughey, M. M. Hafez) (z-library.sk, 1lib.sk, z-lib.sk).pdf, id=4906, page=331, 406.51875pt x 643.80424pt>
File: /Volumes/SSD_LPF/sonicSolver/sonicSolver/papers/book/Frontiers of computational fluid dynamics 2006 (D. A. Caughey, M. M. Hafez) (z-library.sk, 1lib.sk, z-lib.sk).pdf Graphic file (type pdf)
<use /Volumes/SSD_LPF/sonicSolver/sonicSolver/papers/book/Frontiers of computational fluid dynamics 2006 (D. A. Caughey, M. M. Hafez) (z-library.sk, 1lib.sk, z-lib.sk).pdf, page 331>
Package luatex.def Info: /Volumes/SSD_LPF/sonicSolver/sonicSolver/papers/book/Frontiers of computational fluid dynamics 2006 (D. A. Caughey, M. M. Hafez) (z-library.sk, 1lib.sk, z-lib.sk).pdf , page331 used on input line 1564.
(luatex.def)             Requested size: 435.95395pt x 690.44534pt.
 [665

</Volumes/SSD_LPF/sonicSolver/sonicSolver/papers/book/Frontiers of computational fluid dynamics 2006 (D. A. Caughey, M. M. Hafez) (z-library.sk, 1lib.sk, z-lib.sk).pdf>] [666

]
</Volumes/SSD_LPF/sonicSolver/sonicSolver/papers/book/Frontiers of computational fluid dynamics 2006 (D. A. Caughey, M. M. Hafez) (z-library.sk, 1lib.sk, z-lib.sk).pdf, id=4920, page=332, 402.0611pt x 640.3112pt>
File: /Volumes/SSD_LPF/sonicSolver/sonicSolver/papers/book/Frontiers of computational fluid dynamics 2006 (D. A. Caughey, M. M. Hafez) (z-library.sk, 1lib.sk, z-lib.sk).pdf Graphic file (type pdf)
<use /Volumes/SSD_LPF/sonicSolver/sonicSolver/papers/book/Frontiers of computational fluid dynamics 2006 (D. A. Caughey, M. M. Hafez) (z-library.sk, 1lib.sk, z-lib.sk).pdf, page 332>
Package luatex.def Info: /Volumes/SSD_LPF/sonicSolver/sonicSolver/papers/book/Frontiers of computational fluid dynamics 2006 (D. A. Caughey, M. M. Hafez) (z-library.sk, 1lib.sk, z-lib.sk).pdf , page332 used on input line 1569.
(luatex.def)             Requested size: 435.95395pt x 694.32988pt.
 [667

</Volumes/SSD_LPF/sonicSolver/sonicSolver/papers/book/Frontiers of computational fluid dynamics 2006 (D. A. Caughey, M. M. Hafez) (z-library.sk, 1lib.sk, z-lib.sk).pdf>] [668

]
</Volumes/SSD_LPF/sonicSolver/sonicSolver/papers/book/Frontiers of computational fluid dynamics 2006 (D. A. Caughey, M. M. Hafez) (z-library.sk, 1lib.sk, z-lib.sk).pdf, id=4936, page=333, 406.03696pt x 643.56435pt>
File: /Volumes/SSD_LPF/sonicSolver/sonicSolver/papers/book/Frontiers of computational fluid dynamics 2006 (D. A. Caughey, M. M. Hafez) (z-library.sk, 1lib.sk, z-lib.sk).pdf Graphic file (type pdf)
<use /Volumes/SSD_LPF/sonicSolver/sonicSolver/papers/book/Frontiers of computational fluid dynamics 2006 (D. A. Caughey, M. M. Hafez) (z-library.sk, 1lib.sk, z-lib.sk).pdf, page 333>
Package luatex.def Info: /Volumes/SSD_LPF/sonicSolver/sonicSolver/papers/book/Frontiers of computational fluid dynamics 2006 (D. A. Caughey, M. M. Hafez) (z-library.sk, 1lib.sk, z-lib.sk).pdf , page333 used on input line 1575.
(luatex.def)             Requested size: 435.95395pt x 690.98349pt.
 [669

</Volumes/SSD_LPF/sonicSolver/sonicSolver/papers/book/Frontiers of computational fluid dynamics 2006 (D. A. Caughey, M. M. Hafez) (z-library.sk, 1lib.sk, z-lib.sk).pdf>]
Missing character: There is no 蟟 (U+87DF) in font [FandolSong-Regular.otf]:mode=node;script=latn;language=dflt;jfm=zh_CN/{quanjiao}!
Missing character: There is no 蟟 (U+87DF) in font [FandolSong-Regular.otf]:mode=node;script=latn;language=dflt;jfm=zh_CN/{quanjiao}!
[670


Missing character: There is no 蟟 (U+87DF) in font [FandolSong-Regular.otf]:mode=node;script=latn;language=dflt;jfm=zh_CN/{quanjiao}!
]
</Volumes/SSD_LPF/sonicSolver/sonicSolver/papers/book/Frontiers of computational fluid dynamics 2006 (D. A. Caughey, M. M. Hafez) (z-library.sk, 1lib.sk, z-lib.sk).pdf, id=4951, page=334, 402.90524pt x 642.11896pt>
File: /Volumes/SSD_LPF/sonicSolver/sonicSolver/papers/book/Frontiers of computational fluid dynamics 2006 (D. A. Caughey, M. M. Hafez) (z-library.sk, 1lib.sk, z-lib.sk).pdf Graphic file (type pdf)
<use /Volumes/SSD_LPF/sonicSolver/sonicSolver/papers/book/Frontiers of computational fluid dynamics 2006 (D. A. Caughey, M. M. Hafez) (z-library.sk, 1lib.sk, z-lib.sk).pdf, page 334>
Package luatex.def Info: /Volumes/SSD_LPF/sonicSolver/sonicSolver/papers/book/Frontiers of computational fluid dynamics 2006 (D. A. Caughey, M. M. Hafez) (z-library.sk, 1lib.sk, z-lib.sk).pdf , page334 used on input line 1581.
(luatex.def)             Requested size: 435.95395pt x 694.83026pt.
 [671

</Volumes/SSD_LPF/sonicSolver/sonicSolver/papers/book/Frontiers of computational fluid dynamics 2006 (D. A. Caughey, M. M. Hafez) (z-library.sk, 1lib.sk, z-lib.sk).pdf>] [672

]
</Volumes/SSD_LPF/sonicSolver/sonicSolver/papers/book/Frontiers of computational fluid dynamics 2006 (D. A. Caughey, M. M. Hafez) (z-library.sk, 1lib.sk, z-lib.sk).pdf, id=4964, page=335, 406.03696pt x 643.56435pt>
File: /Volumes/SSD_LPF/sonicSolver/sonicSolver/papers/book/Frontiers of computational fluid dynamics 2006 (D. A. Caughey, M. M. Hafez) (z-library.sk, 1lib.sk, z-lib.sk).pdf Graphic file (type pdf)
<use /Volumes/SSD_LPF/sonicSolver/sonicSolver/papers/book/Frontiers of computational fluid dynamics 2006 (D. A. Caughey, M. M. Hafez) (z-library.sk, 1lib.sk, z-lib.sk).pdf, page 335>
Package luatex.def Info: /Volumes/SSD_LPF/sonicSolver/sonicSolver/papers/book/Frontiers of computational fluid dynamics 2006 (D. A. Caughey, M. M. Hafez) (z-library.sk, 1lib.sk, z-lib.sk).pdf , page335 used on input line 1585.
(luatex.def)             Requested size: 435.95395pt x 690.98349pt.
 [673

</Volumes/SSD_LPF/sonicSolver/sonicSolver/papers/book/Frontiers of computational fluid dynamics 2006 (D. A. Caughey, M. M. Hafez) (z-library.sk, 1lib.sk, z-lib.sk).pdf>] [674

]
</Volumes/SSD_LPF/sonicSolver/sonicSolver/papers/book/Frontiers of computational fluid dynamics 2006 (D. A. Caughey, M. M. Hafez) (z-library.sk, 1lib.sk, z-lib.sk).pdf, id=4993, page=336, 404.59155pt x 643.32245pt>
File: /Volumes/SSD_LPF/sonicSolver/sonicSolver/papers/book/Frontiers of computational fluid dynamics 2006 (D. A. Caughey, M. M. Hafez) (z-library.sk, 1lib.sk, z-lib.sk).pdf Graphic file (type pdf)
<use /Volumes/SSD_LPF/sonicSolver/sonicSolver/papers/book/Frontiers of computational fluid dynamics 2006 (D. A. Caughey, M. M. Hafez) (z-library.sk, 1lib.sk, z-lib.sk).pdf, page 336>
Package luatex.def Info: /Volumes/SSD_LPF/sonicSolver/sonicSolver/papers/book/Frontiers of computational fluid dynamics 2006 (D. A. Caughey, M. M. Hafez) (z-library.sk, 1lib.sk, z-lib.sk).pdf , page336 used on input line 1589.
(luatex.def)             Requested size: 435.95395pt x 693.23674pt.
 [675

</Volumes/SSD_LPF/sonicSolver/sonicSolver/papers/book/Frontiers of computational fluid dynamics 2006 (D. A. Caughey, M. M. Hafez) (z-library.sk, 1lib.sk, z-lib.sk).pdf>] [676

]
</Volumes/SSD_LPF/sonicSolver/sonicSolver/papers/book/Frontiers of computational fluid dynamics 2006 (D. A. Caughey, M. M. Hafez) (z-library.sk, 1lib.sk, z-lib.sk).pdf, id=5006, page=337, 403.38705pt x 642.35884pt>
File: /Volumes/SSD_LPF/sonicSolver/sonicSolver/papers/book/Frontiers of computational fluid dynamics 2006 (D. A. Caughey, M. M. Hafez) (z-library.sk, 1lib.sk, z-lib.sk).pdf Graphic file (type pdf)
<use /Volumes/SSD_LPF/sonicSolver/sonicSolver/papers/book/Frontiers of computational fluid dynamics 2006 (D. A. Caughey, M. M. Hafez) (z-library.sk, 1lib.sk, z-lib.sk).pdf, page 337>
Package luatex.def Info: /Volumes/SSD_LPF/sonicSolver/sonicSolver/papers/book/Frontiers of computational fluid dynamics 2006 (D. A. Caughey, M. M. Hafez) (z-library.sk, 1lib.sk, z-lib.sk).pdf , page337 used on input line 1593.
(luatex.def)             Requested size: 435.95395pt x 694.2371pt.
 [677

</Volumes/SSD_LPF/sonicSolver/sonicSolver/papers/book/Frontiers of computational fluid dynamics 2006 (D. A. Caughey, M. M. Hafez) (z-library.sk, 1lib.sk, z-lib.sk).pdf>] [678

]
</Volumes/SSD_LPF/sonicSolver/sonicSolver/papers/book/Frontiers of computational fluid dynamics 2006 (D. A. Caughey, M. M. Hafez) (z-library.sk, 1lib.sk, z-lib.sk).pdf, id=5020, page=338, 401.5793pt x 640.0703pt>
File: /Volumes/SSD_LPF/sonicSolver/sonicSolver/papers/book/Frontiers of computational fluid dynamics 2006 (D. A. Caughey, M. M. Hafez) (z-library.sk, 1lib.sk, z-lib.sk).pdf Graphic file (type pdf)
<use /Volumes/SSD_LPF/sonicSolver/sonicSolver/papers/book/Frontiers of computational fluid dynamics 2006 (D. A. Caughey, M. M. Hafez) (z-library.sk, 1lib.sk, z-lib.sk).pdf, page 338>
Package luatex.def Info: /Volumes/SSD_LPF/sonicSolver/sonicSolver/papers/book/Frontiers of computational fluid dynamics 2006 (D. A. Caughey, M. M. Hafez) (z-library.sk, 1lib.sk, z-lib.sk).pdf , page338 used on input line 1597.
(luatex.def)             Requested size: 435.95395pt x 694.87929pt.
 [679

</Volumes/SSD_LPF/sonicSolver/sonicSolver/papers/book/Frontiers of computational fluid dynamics 2006 (D. A. Caughey, M. M. Hafez) (z-library.sk, 1lib.sk, z-lib.sk).pdf>] [680

]
</Volumes/SSD_LPF/sonicSolver/sonicSolver/papers/book/Frontiers of computational fluid dynamics 2006 (D. A. Caughey, M. M. Hafez) (z-library.sk, 1lib.sk, z-lib.sk).pdf, id=5034, page=339, 406.51875pt x 643.80424pt>
File: /Volumes/SSD_LPF/sonicSolver/sonicSolver/papers/book/Frontiers of computational fluid dynamics 2006 (D. A. Caughey, M. M. Hafez) (z-library.sk, 1lib.sk, z-lib.sk).pdf Graphic file (type pdf)
<use /Volumes/SSD_LPF/sonicSolver/sonicSolver/papers/book/Frontiers of computational fluid dynamics 2006 (D. A. Caughey, M. M. Hafez) (z-library.sk, 1lib.sk, z-lib.sk).pdf, page 339>
Package luatex.def Info: /Volumes/SSD_LPF/sonicSolver/sonicSolver/papers/book/Frontiers of computational fluid dynamics 2006 (D. A. Caughey, M. M. Hafez) (z-library.sk, 1lib.sk, z-lib.sk).pdf , page339 used on input line 1602.
(luatex.def)             Requested size: 435.95395pt x 690.44534pt.
 [681

</Volumes/SSD_LPF/sonicSolver/sonicSolver/papers/book/Frontiers of computational fluid dynamics 2006 (D. A. Caughey, M. M. Hafez) (z-library.sk, 1lib.sk, z-lib.sk).pdf>] [682

]
</Volumes/SSD_LPF/sonicSolver/sonicSolver/papers/book/Frontiers of computational fluid dynamics 2006 (D. A. Caughey, M. M. Hafez) (z-library.sk, 1lib.sk, z-lib.sk).pdf, id=5047, page=340, 402.0611pt x 640.3112pt>
File: /Volumes/SSD_LPF/sonicSolver/sonicSolver/papers/book/Frontiers of computational fluid dynamics 2006 (D. A. Caughey, M. M. Hafez) (z-library.sk, 1lib.sk, z-lib.sk).pdf Graphic file (type pdf)
<use /Volumes/SSD_LPF/sonicSolver/sonicSolver/papers/book/Frontiers of computational fluid dynamics 2006 (D. A. Caughey, M. M. Hafez) (z-library.sk, 1lib.sk, z-lib.sk).pdf, page 340>
Package luatex.def Info: /Volumes/SSD_LPF/sonicSolver/sonicSolver/papers/book/Frontiers of computational fluid dynamics 2006 (D. A. Caughey, M. M. Hafez) (z-library.sk, 1lib.sk, z-lib.sk).pdf , page340 used on input line 1606.
(luatex.def)             Requested size: 435.95395pt x 694.32988pt.
 [683

</Volumes/SSD_LPF/sonicSolver/sonicSolver/papers/book/Frontiers of computational fluid dynamics 2006 (D. A. Caughey, M. M. Hafez) (z-library.sk, 1lib.sk, z-lib.sk).pdf>] [684

]
</Volumes/SSD_LPF/sonicSolver/sonicSolver/papers/book/Frontiers of computational fluid dynamics 2006 (D. A. Caughey, M. M. Hafez) (z-library.sk, 1lib.sk, z-lib.sk).pdf, id=5062, page=341, 402.7838pt x 640.793pt>
File: /Volumes/SSD_LPF/sonicSolver/sonicSolver/papers/book/Frontiers of computational fluid dynamics 2006 (D. A. Caughey, M. M. Hafez) (z-library.sk, 1lib.sk, z-lib.sk).pdf Graphic file (type pdf)
<use /Volumes/SSD_LPF/sonicSolver/sonicSolver/papers/book/Frontiers of computational fluid dynamics 2006 (D. A. Caughey, M. M. Hafez) (z-library.sk, 1lib.sk, z-lib.sk).pdf, page 341>
Package luatex.def Info: /Volumes/SSD_LPF/sonicSolver/sonicSolver/papers/book/Frontiers of computational fluid dynamics 2006 (D. A. Caughey, M. M. Hafez) (z-library.sk, 1lib.sk, z-lib.sk).pdf , page341 used on input line 1611.
(luatex.def)             Requested size: 435.95395pt x 693.56168pt.
 [685

</Volumes/SSD_LPF/sonicSolver/sonicSolver/papers/book/Frontiers of computational fluid dynamics 2006 (D. A. Caughey, M. M. Hafez) (z-library.sk, 1lib.sk, z-lib.sk).pdf>] [686

]
</Volumes/SSD_LPF/sonicSolver/sonicSolver/papers/book/Frontiers of computational fluid dynamics 2006 (D. A. Caughey, M. M. Hafez) (z-library.sk, 1lib.sk, z-lib.sk).pdf, id=5076, page=342, 402.90524pt x 642.11896pt>
File: /Volumes/SSD_LPF/sonicSolver/sonicSolver/papers/book/Frontiers of computational fluid dynamics 2006 (D. A. Caughey, M. M. Hafez) (z-library.sk, 1lib.sk, z-lib.sk).pdf Graphic file (type pdf)
<use /Volumes/SSD_LPF/sonicSolver/sonicSolver/papers/book/Frontiers of computational fluid dynamics 2006 (D. A. Caughey, M. M. Hafez) (z-library.sk, 1lib.sk, z-lib.sk).pdf, page 342>
Package luatex.def Info: /Volumes/SSD_LPF/sonicSolver/sonicSolver/papers/book/Frontiers of computational fluid dynamics 2006 (D. A. Caughey, M. M. Hafez) (z-library.sk, 1lib.sk, z-lib.sk).pdf , page342 used on input line 1616.
(luatex.def)             Requested size: 435.95395pt x 694.83026pt.
 [687

</Volumes/SSD_LPF/sonicSolver/sonicSolver/papers/book/Frontiers of computational fluid dynamics 2006 (D. A. Caughey, M. M. Hafez) (z-library.sk, 1lib.sk, z-lib.sk).pdf>]
Missing character: There is no α (U+03B1) in font [lmroman10-regular]:+tlig;!
Missing character: There is no α (U+03B1) in font [lmroman10-regular]:+tlig;!
Missing character: There is no α (U+03B1) in font [lmroman10-regular]:+tlig;!
[688


Missing character: There is no α (U+03B1) in font [lmroman10-regular]:+tlig;!
]
</Volumes/SSD_LPF/sonicSolver/sonicSolver/papers/book/Frontiers of computational fluid dynamics 2006 (D. A. Caughey, M. M. Hafez) (z-library.sk, 1lib.sk, z-lib.sk).pdf, id=5090, page=343, 407.96315pt x 644.28705pt>
File: /Volumes/SSD_LPF/sonicSolver/sonicSolver/papers/book/Frontiers of computational fluid dynamics 2006 (D. A. Caughey, M. M. Hafez) (z-library.sk, 1lib.sk, z-lib.sk).pdf Graphic file (type pdf)
<use /Volumes/SSD_LPF/sonicSolver/sonicSolver/papers/book/Frontiers of computational fluid dynamics 2006 (D. A. Caughey, M. M. Hafez) (z-library.sk, 1lib.sk, z-lib.sk).pdf, page 343>
Package luatex.def Info: /Volumes/SSD_LPF/sonicSolver/sonicSolver/papers/book/Frontiers of computational fluid dynamics 2006 (D. A. Caughey, M. M. Hafez) (z-library.sk, 1lib.sk, z-lib.sk).pdf , page343 used on input line 1620.
(luatex.def)             Requested size: 435.95395pt x 688.52504pt.
 [689

</Volumes/SSD_LPF/sonicSolver/sonicSolver/papers/book/Frontiers of computational fluid dynamics 2006 (D. A. Caughey, M. M. Hafez) (z-library.sk, 1lib.sk, z-lib.sk).pdf>] [690

]
</Volumes/SSD_LPF/sonicSolver/sonicSolver/papers/book/Frontiers of computational fluid dynamics 2006 (D. A. Caughey, M. M. Hafez) (z-library.sk, 1lib.sk, z-lib.sk).pdf, id=5103, page=344, 401.5793pt x 640.0703pt>
File: /Volumes/SSD_LPF/sonicSolver/sonicSolver/papers/book/Frontiers of computational fluid dynamics 2006 (D. A. Caughey, M. M. Hafez) (z-library.sk, 1lib.sk, z-lib.sk).pdf Graphic file (type pdf)
<use /Volumes/SSD_LPF/sonicSolver/sonicSolver/papers/book/Frontiers of computational fluid dynamics 2006 (D. A. Caughey, M. M. Hafez) (z-library.sk, 1lib.sk, z-lib.sk).pdf, page 344>
Package luatex.def Info: /Volumes/SSD_LPF/sonicSolver/sonicSolver/papers/book/Frontiers of computational fluid dynamics 2006 (D. A. Caughey, M. M. Hafez) (z-library.sk, 1lib.sk, z-lib.sk).pdf , page344 used on input line 1624.
(luatex.def)             Requested size: 435.95395pt x 694.87929pt.
 [691

</Volumes/SSD_LPF/sonicSolver/sonicSolver/papers/book/Frontiers of computational fluid dynamics 2006 (D. A. Caughey, M. M. Hafez) (z-library.sk, 1lib.sk, z-lib.sk).pdf>] [692

]
</Volumes/SSD_LPF/sonicSolver/sonicSolver/papers/book/Frontiers of computational fluid dynamics 2006 (D. A. Caughey, M. M. Hafez) (z-library.sk, 1lib.sk, z-lib.sk).pdf, id=5116, page=345, 401.5793pt x 640.0703pt>
File: /Volumes/SSD_LPF/sonicSolver/sonicSolver/papers/book/Frontiers of computational fluid dynamics 2006 (D. A. Caughey, M. M. Hafez) (z-library.sk, 1lib.sk, z-lib.sk).pdf Graphic file (type pdf)
<use /Volumes/SSD_LPF/sonicSolver/sonicSolver/papers/book/Frontiers of computational fluid dynamics 2006 (D. A. Caughey, M. M. Hafez) (z-library.sk, 1lib.sk, z-lib.sk).pdf, page 345>
Package luatex.def Info: /Volumes/SSD_LPF/sonicSolver/sonicSolver/papers/book/Frontiers of computational fluid dynamics 2006 (D. A. Caughey, M. M. Hafez) (z-library.sk, 1lib.sk, z-lib.sk).pdf , page345 used on input line 1628.
(luatex.def)             Requested size: 435.95395pt x 694.87929pt.
 [693

</Volumes/SSD_LPF/sonicSolver/sonicSolver/papers/book/Frontiers of computational fluid dynamics 2006 (D. A. Caughey, M. M. Hafez) (z-library.sk, 1lib.sk, z-lib.sk).pdf>] [694

]
</Volumes/SSD_LPF/sonicSolver/sonicSolver/papers/book/Frontiers of computational fluid dynamics 2006 (D. A. Caughey, M. M. Hafez) (z-library.sk, 1lib.sk, z-lib.sk).pdf, id=5129, page=346, 403.38705pt x 642.35884pt>
File: /Volumes/SSD_LPF/sonicSolver/sonicSolver/papers/book/Frontiers of computational fluid dynamics 2006 (D. A. Caughey, M. M. Hafez) (z-library.sk, 1lib.sk, z-lib.sk).pdf Graphic file (type pdf)
<use /Volumes/SSD_LPF/sonicSolver/sonicSolver/papers/book/Frontiers of computational fluid dynamics 2006 (D. A. Caughey, M. M. Hafez) (z-library.sk, 1lib.sk, z-lib.sk).pdf, page 346>
Package luatex.def Info: /Volumes/SSD_LPF/sonicSolver/sonicSolver/papers/book/Frontiers of computational fluid dynamics 2006 (D. A. Caughey, M. M. Hafez) (z-library.sk, 1lib.sk, z-lib.sk).pdf , page346 used on input line 1632.
(luatex.def)             Requested size: 435.95395pt x 694.2371pt.
 [695

</Volumes/SSD_LPF/sonicSolver/sonicSolver/papers/book/Frontiers of computational fluid dynamics 2006 (D. A. Caughey, M. M. Hafez) (z-library.sk, 1lib.sk, z-lib.sk).pdf>] [696

]
</Volumes/SSD_LPF/sonicSolver/sonicSolver/papers/book/Frontiers of computational fluid dynamics 2006 (D. A. Caughey, M. M. Hafez) (z-library.sk, 1lib.sk, z-lib.sk).pdf, id=5142, page=347, 401.5793pt x 640.0703pt>
File: /Volumes/SSD_LPF/sonicSolver/sonicSolver/papers/book/Frontiers of computational fluid dynamics 2006 (D. A. Caughey, M. M. Hafez) (z-library.sk, 1lib.sk, z-lib.sk).pdf Graphic file (type pdf)
<use /Volumes/SSD_LPF/sonicSolver/sonicSolver/papers/book/Frontiers of computational fluid dynamics 2006 (D. A. Caughey, M. M. Hafez) (z-library.sk, 1lib.sk, z-lib.sk).pdf, page 347>
Package luatex.def Info: /Volumes/SSD_LPF/sonicSolver/sonicSolver/papers/book/Frontiers of computational fluid dynamics 2006 (D. A. Caughey, M. M. Hafez) (z-library.sk, 1lib.sk, z-lib.sk).pdf , page347 used on input line 1636.
(luatex.def)             Requested size: 435.95395pt x 694.87929pt.
 [697

</Volumes/SSD_LPF/sonicSolver/sonicSolver/papers/book/Frontiers of computational fluid dynamics 2006 (D. A. Caughey, M. M. Hafez) (z-library.sk, 1lib.sk, z-lib.sk).pdf>]
第十五章
[698



]
</Volumes/SSD_LPF/sonicSolver/sonicSolver/papers/book/Frontiers of computational fluid dynamics 2006 (D. A. Caughey, M. M. Hafez) (z-library.sk, 1lib.sk, z-lib.sk).pdf, id=5157, page=348, 406.03696pt x 644.04515pt>
File: /Volumes/SSD_LPF/sonicSolver/sonicSolver/papers/book/Frontiers of computational fluid dynamics 2006 (D. A. Caughey, M. M. Hafez) (z-library.sk, 1lib.sk, z-lib.sk).pdf Graphic file (type pdf)
<use /Volumes/SSD_LPF/sonicSolver/sonicSolver/papers/book/Frontiers of computational fluid dynamics 2006 (D. A. Caughey, M. M. Hafez) (z-library.sk, 1lib.sk, z-lib.sk).pdf, page 348>
Package luatex.def Info: /Volumes/SSD_LPF/sonicSolver/sonicSolver/papers/book/Frontiers of computational fluid dynamics 2006 (D. A. Caughey, M. M. Hafez) (z-library.sk, 1lib.sk, z-lib.sk).pdf , page348 used on input line 1643.
(luatex.def)             Requested size: 435.95395pt x 691.49971pt.
 [699

</Volumes/SSD_LPF/sonicSolver/sonicSolver/papers/book/Frontiers of computational fluid dynamics 2006 (D. A. Caughey, M. M. Hafez) (z-library.sk, 1lib.sk, z-lib.sk).pdf>] [700

]
</Volumes/SSD_LPF/sonicSolver/sonicSolver/papers/book/Frontiers of computational fluid dynamics 2006 (D. A. Caughey, M. M. Hafez) (z-library.sk, 1lib.sk, z-lib.sk).pdf, id=5171, page=349, 402.7838pt x 640.793pt>
File: /Volumes/SSD_LPF/sonicSolver/sonicSolver/papers/book/Frontiers of computational fluid dynamics 2006 (D. A. Caughey, M. M. Hafez) (z-library.sk, 1lib.sk, z-lib.sk).pdf Graphic file (type pdf)
<use /Volumes/SSD_LPF/sonicSolver/sonicSolver/papers/book/Frontiers of computational fluid dynamics 2006 (D. A. Caughey, M. M. Hafez) (z-library.sk, 1lib.sk, z-lib.sk).pdf, page 349>
Package luatex.def Info: /Volumes/SSD_LPF/sonicSolver/sonicSolver/papers/book/Frontiers of computational fluid dynamics 2006 (D. A. Caughey, M. M. Hafez) (z-library.sk, 1lib.sk, z-lib.sk).pdf , page349 used on input line 1648.
(luatex.def)             Requested size: 435.95395pt x 693.56168pt.
 [701

</Volumes/SSD_LPF/sonicSolver/sonicSolver/papers/book/Frontiers of computational fluid dynamics 2006 (D. A. Caughey, M. M. Hafez) (z-library.sk, 1lib.sk, z-lib.sk).pdf>] [702

]
</Volumes/SSD_LPF/sonicSolver/sonicSolver/papers/book/Frontiers of computational fluid dynamics 2006 (D. A. Caughey, M. M. Hafez) (z-library.sk, 1lib.sk, z-lib.sk).pdf, id=5185, page=350, 408.44495pt x 644.52695pt>
File: /Volumes/SSD_LPF/sonicSolver/sonicSolver/papers/book/Frontiers of computational fluid dynamics 2006 (D. A. Caughey, M. M. Hafez) (z-library.sk, 1lib.sk, z-lib.sk).pdf Graphic file (type pdf)
<use /Volumes/SSD_LPF/sonicSolver/sonicSolver/papers/book/Frontiers of computational fluid dynamics 2006 (D. A. Caughey, M. M. Hafez) (z-library.sk, 1lib.sk, z-lib.sk).pdf, page 350>
Package luatex.def Info: /Volumes/SSD_LPF/sonicSolver/sonicSolver/papers/book/Frontiers of computational fluid dynamics 2006 (D. A. Caughey, M. M. Hafez) (z-library.sk, 1lib.sk, z-lib.sk).pdf , page350 used on input line 1653.
(luatex.def)             Requested size: 435.95395pt x 687.94545pt.
 [703

</Volumes/SSD_LPF/sonicSolver/sonicSolver/papers/book/Frontiers of computational fluid dynamics 2006 (D. A. Caughey, M. M. Hafez) (z-library.sk, 1lib.sk, z-lib.sk).pdf>] [704

]
</Volumes/SSD_LPF/sonicSolver/sonicSolver/papers/book/Frontiers of computational fluid dynamics 2006 (D. A. Caughey, M. M. Hafez) (z-library.sk, 1lib.sk, z-lib.sk).pdf, id=5200, page=351, 405.31325pt x 643.56435pt>
File: /Volumes/SSD_LPF/sonicSolver/sonicSolver/papers/book/Frontiers of computational fluid dynamics 2006 (D. A. Caughey, M. M. Hafez) (z-library.sk, 1lib.sk, z-lib.sk).pdf Graphic file (type pdf)
<use /Volumes/SSD_LPF/sonicSolver/sonicSolver/papers/book/Frontiers of computational fluid dynamics 2006 (D. A. Caughey, M. M. Hafez) (z-library.sk, 1lib.sk, z-lib.sk).pdf, page 351>
Package luatex.def Info: /Volumes/SSD_LPF/sonicSolver/sonicSolver/papers/book/Frontiers of computational fluid dynamics 2006 (D. A. Caughey, M. M. Hafez) (z-library.sk, 1lib.sk, z-lib.sk).pdf , page351 used on input line 1658.
(luatex.def)             Requested size: 435.95395pt x 692.26009pt.
 [705

</Volumes/SSD_LPF/sonicSolver/sonicSolver/papers/book/Frontiers of computational fluid dynamics 2006 (D. A. Caughey, M. M. Hafez) (z-library.sk, 1lib.sk, z-lib.sk).pdf>] [706

]
</Volumes/SSD_LPF/sonicSolver/sonicSolver/papers/book/Frontiers of computational fluid dynamics 2006 (D. A. Caughey, M. M. Hafez) (z-library.sk, 1lib.sk, z-lib.sk).pdf, id=5215, page=352, 406.03696pt x 644.04515pt>
File: /Volumes/SSD_LPF/sonicSolver/sonicSolver/papers/book/Frontiers of computational fluid dynamics 2006 (D. A. Caughey, M. M. Hafez) (z-library.sk, 1lib.sk, z-lib.sk).pdf Graphic file (type pdf)
<use /Volumes/SSD_LPF/sonicSolver/sonicSolver/papers/book/Frontiers of computational fluid dynamics 2006 (D. A. Caughey, M. M. Hafez) (z-library.sk, 1lib.sk, z-lib.sk).pdf, page 352>
Package luatex.def Info: /Volumes/SSD_LPF/sonicSolver/sonicSolver/papers/book/Frontiers of computational fluid dynamics 2006 (D. A. Caughey, M. M. Hafez) (z-library.sk, 1lib.sk, z-lib.sk).pdf , page352 used on input line 1664.
(luatex.def)             Requested size: 435.95395pt x 691.49971pt.
 [707

</Volumes/SSD_LPF/sonicSolver/sonicSolver/papers/book/Frontiers of computational fluid dynamics 2006 (D. A. Caughey, M. M. Hafez) (z-library.sk, 1lib.sk, z-lib.sk).pdf>] [708

]
</Volumes/SSD_LPF/sonicSolver/sonicSolver/papers/book/Frontiers of computational fluid dynamics 2006 (D. A. Caughey, M. M. Hafez) (z-library.sk, 1lib.sk, z-lib.sk).pdf, id=5230, page=353, 402.90524pt x 642.11896pt>
File: /Volumes/SSD_LPF/sonicSolver/sonicSolver/papers/book/Frontiers of computational fluid dynamics 2006 (D. A. Caughey, M. M. Hafez) (z-library.sk, 1lib.sk, z-lib.sk).pdf Graphic file (type pdf)
<use /Volumes/SSD_LPF/sonicSolver/sonicSolver/papers/book/Frontiers of computational fluid dynamics 2006 (D. A. Caughey, M. M. Hafez) (z-library.sk, 1lib.sk, z-lib.sk).pdf, page 353>
Package luatex.def Info: /Volumes/SSD_LPF/sonicSolver/sonicSolver/papers/book/Frontiers of computational fluid dynamics 2006 (D. A. Caughey, M. M. Hafez) (z-library.sk, 1lib.sk, z-lib.sk).pdf , page353 used on input line 1669.
(luatex.def)             Requested size: 435.95395pt x 694.83026pt.
 [709

</Volumes/SSD_LPF/sonicSolver/sonicSolver/papers/book/Frontiers of computational fluid dynamics 2006 (D. A. Caughey, M. M. Hafez) (z-library.sk, 1lib.sk, z-lib.sk).pdf>] [710

]
</Volumes/SSD_LPF/sonicSolver/sonicSolver/papers/book/Frontiers of computational fluid dynamics 2006 (D. A. Caughey, M. M. Hafez) (z-library.sk, 1lib.sk, z-lib.sk).pdf, id=5243, page=354, 407.96315pt x 644.52695pt>
File: /Volumes/SSD_LPF/sonicSolver/sonicSolver/papers/book/Frontiers of computational fluid dynamics 2006 (D. A. Caughey, M. M. Hafez) (z-library.sk, 1lib.sk, z-lib.sk).pdf Graphic file (type pdf)
<use /Volumes/SSD_LPF/sonicSolver/sonicSolver/papers/book/Frontiers of computational fluid dynamics 2006 (D. A. Caughey, M. M. Hafez) (z-library.sk, 1lib.sk, z-lib.sk).pdf, page 354>
Package luatex.def Info: /Volumes/SSD_LPF/sonicSolver/sonicSolver/papers/book/Frontiers of computational fluid dynamics 2006 (D. A. Caughey, M. M. Hafez) (z-library.sk, 1lib.sk, z-lib.sk).pdf , page354 used on input line 1673.
(luatex.def)             Requested size: 435.95395pt x 688.7814pt.
 [711

</Volumes/SSD_LPF/sonicSolver/sonicSolver/papers/book/Frontiers of computational fluid dynamics 2006 (D. A. Caughey, M. M. Hafez) (z-library.sk, 1lib.sk, z-lib.sk).pdf>] [712

]
</Volumes/SSD_LPF/sonicSolver/sonicSolver/papers/book/Frontiers of computational fluid dynamics 2006 (D. A. Caughey, M. M. Hafez) (z-library.sk, 1lib.sk, z-lib.sk).pdf, id=5258, page=355, 401.5793pt x 640.0703pt>
File: /Volumes/SSD_LPF/sonicSolver/sonicSolver/papers/book/Frontiers of computational fluid dynamics 2006 (D. A. Caughey, M. M. Hafez) (z-library.sk, 1lib.sk, z-lib.sk).pdf Graphic file (type pdf)
<use /Volumes/SSD_LPF/sonicSolver/sonicSolver/papers/book/Frontiers of computational fluid dynamics 2006 (D. A. Caughey, M. M. Hafez) (z-library.sk, 1lib.sk, z-lib.sk).pdf, page 355>
Package luatex.def Info: /Volumes/SSD_LPF/sonicSolver/sonicSolver/papers/book/Frontiers of computational fluid dynamics 2006 (D. A. Caughey, M. M. Hafez) (z-library.sk, 1lib.sk, z-lib.sk).pdf , page355 used on input line 1679.
(luatex.def)             Requested size: 435.95395pt x 694.87929pt.
 [713

</Volumes/SSD_LPF/sonicSolver/sonicSolver/papers/book/Frontiers of computational fluid dynamics 2006 (D. A. Caughey, M. M. Hafez) (z-library.sk, 1lib.sk, z-lib.sk).pdf>] [714

]
</Volumes/SSD_LPF/sonicSolver/sonicSolver/papers/book/Frontiers of computational fluid dynamics 2006 (D. A. Caughey, M. M. Hafez) (z-library.sk, 1lib.sk, z-lib.sk).pdf, id=5272, page=356, 404.711pt x 641.9985pt>
File: /Volumes/SSD_LPF/sonicSolver/sonicSolver/papers/book/Frontiers of computational fluid dynamics 2006 (D. A. Caughey, M. M. Hafez) (z-library.sk, 1lib.sk, z-lib.sk).pdf Graphic file (type pdf)
<use /Volumes/SSD_LPF/sonicSolver/sonicSolver/papers/book/Frontiers of computational fluid dynamics 2006 (D. A. Caughey, M. M. Hafez) (z-library.sk, 1lib.sk, z-lib.sk).pdf, page 356>
Package luatex.def Info: /Volumes/SSD_LPF/sonicSolver/sonicSolver/papers/book/Frontiers of computational fluid dynamics 2006 (D. A. Caughey, M. M. Hafez) (z-library.sk, 1lib.sk, z-lib.sk).pdf , page356 used on input line 1684.
(luatex.def)             Requested size: 435.95395pt x 691.59456pt.
 [715

</Volumes/SSD_LPF/sonicSolver/sonicSolver/papers/book/Frontiers of computational fluid dynamics 2006 (D. A. Caughey, M. M. Hafez) (z-library.sk, 1lib.sk, z-lib.sk).pdf>] [716

]
</Volumes/SSD_LPF/sonicSolver/sonicSolver/papers/book/Frontiers of computational fluid dynamics 2006 (D. A. Caughey, M. M. Hafez) (z-library.sk, 1lib.sk, z-lib.sk).pdf, id=5285, page=357, 401.5793pt x 640.0703pt>
File: /Volumes/SSD_LPF/sonicSolver/sonicSolver/papers/book/Frontiers of computational fluid dynamics 2006 (D. A. Caughey, M. M. Hafez) (z-library.sk, 1lib.sk, z-lib.sk).pdf Graphic file (type pdf)
<use /Volumes/SSD_LPF/sonicSolver/sonicSolver/papers/book/Frontiers of computational fluid dynamics 2006 (D. A. Caughey, M. M. Hafez) (z-library.sk, 1lib.sk, z-lib.sk).pdf, page 357>
Package luatex.def Info: /Volumes/SSD_LPF/sonicSolver/sonicSolver/papers/book/Frontiers of computational fluid dynamics 2006 (D. A. Caughey, M. M. Hafez) (z-library.sk, 1lib.sk, z-lib.sk).pdf , page357 used on input line 1688.
(luatex.def)             Requested size: 435.95395pt x 694.87929pt.
 [717

</Volumes/SSD_LPF/sonicSolver/sonicSolver/papers/book/Frontiers of computational fluid dynamics 2006 (D. A. Caughey, M. M. Hafez) (z-library.sk, 1lib.sk, z-lib.sk).pdf>] [718

]
</Volumes/SSD_LPF/sonicSolver/sonicSolver/papers/book/Frontiers of computational fluid dynamics 2006 (D. A. Caughey, M. M. Hafez) (z-library.sk, 1lib.sk, z-lib.sk).pdf, id=5299, page=358, 406.03696pt x 643.56435pt>
File: /Volumes/SSD_LPF/sonicSolver/sonicSolver/papers/book/Frontiers of computational fluid dynamics 2006 (D. A. Caughey, M. M. Hafez) (z-library.sk, 1lib.sk, z-lib.sk).pdf Graphic file (type pdf)
<use /Volumes/SSD_LPF/sonicSolver/sonicSolver/papers/book/Frontiers of computational fluid dynamics 2006 (D. A. Caughey, M. M. Hafez) (z-library.sk, 1lib.sk, z-lib.sk).pdf, page 358>
Package luatex.def Info: /Volumes/SSD_LPF/sonicSolver/sonicSolver/papers/book/Frontiers of computational fluid dynamics 2006 (D. A. Caughey, M. M. Hafez) (z-library.sk, 1lib.sk, z-lib.sk).pdf , page358 used on input line 1692.
(luatex.def)             Requested size: 435.95395pt x 690.98349pt.
 [719

</Volumes/SSD_LPF/sonicSolver/sonicSolver/papers/book/Frontiers of computational fluid dynamics 2006 (D. A. Caughey, M. M. Hafez) (z-library.sk, 1lib.sk, z-lib.sk).pdf>] [720

]
</Volumes/SSD_LPF/sonicSolver/sonicSolver/papers/book/Frontiers of computational fluid dynamics 2006 (D. A. Caughey, M. M. Hafez) (z-library.sk, 1lib.sk, z-lib.sk).pdf, id=5312, page=359, 402.90524pt x 642.11896pt>
File: /Volumes/SSD_LPF/sonicSolver/sonicSolver/papers/book/Frontiers of computational fluid dynamics 2006 (D. A. Caughey, M. M. Hafez) (z-library.sk, 1lib.sk, z-lib.sk).pdf Graphic file (type pdf)
<use /Volumes/SSD_LPF/sonicSolver/sonicSolver/papers/book/Frontiers of computational fluid dynamics 2006 (D. A. Caughey, M. M. Hafez) (z-library.sk, 1lib.sk, z-lib.sk).pdf, page 359>
Package luatex.def Info: /Volumes/SSD_LPF/sonicSolver/sonicSolver/papers/book/Frontiers of computational fluid dynamics 2006 (D. A. Caughey, M. M. Hafez) (z-library.sk, 1lib.sk, z-lib.sk).pdf , page359 used on input line 1696.
(luatex.def)             Requested size: 435.95395pt x 694.83026pt.
 [721

</Volumes/SSD_LPF/sonicSolver/sonicSolver/papers/book/Frontiers of computational fluid dynamics 2006 (D. A. Caughey, M. M. Hafez) (z-library.sk, 1lib.sk, z-lib.sk).pdf>]
第十六章
[722



]
</Volumes/SSD_LPF/sonicSolver/sonicSolver/papers/book/Frontiers of computational fluid dynamics 2006 (D. A. Caughey, M. M. Hafez) (z-library.sk, 1lib.sk, z-lib.sk).pdf, id=5326, page=360, 404.59155pt x 643.32245pt>
File: /Volumes/SSD_LPF/sonicSolver/sonicSolver/papers/book/Frontiers of computational fluid dynamics 2006 (D. A. Caughey, M. M. Hafez) (z-library.sk, 1lib.sk, z-lib.sk).pdf Graphic file (type pdf)
<use /Volumes/SSD_LPF/sonicSolver/sonicSolver/papers/book/Frontiers of computational fluid dynamics 2006 (D. A. Caughey, M. M. Hafez) (z-library.sk, 1lib.sk, z-lib.sk).pdf, page 360>
Package luatex.def Info: /Volumes/SSD_LPF/sonicSolver/sonicSolver/papers/book/Frontiers of computational fluid dynamics 2006 (D. A. Caughey, M. M. Hafez) (z-library.sk, 1lib.sk, z-lib.sk).pdf , page360 used on input line 1703.
(luatex.def)             Requested size: 435.95395pt x 693.23674pt.
 [723

</Volumes/SSD_LPF/sonicSolver/sonicSolver/papers/book/Frontiers of computational fluid dynamics 2006 (D. A. Caughey, M. M. Hafez) (z-library.sk, 1lib.sk, z-lib.sk).pdf>] [724

]
</Volumes/SSD_LPF/sonicSolver/sonicSolver/papers/book/Frontiers of computational fluid dynamics 2006 (D. A. Caughey, M. M. Hafez) (z-library.sk, 1lib.sk, z-lib.sk).pdf, id=5342, page=361, 407.8427pt x 642.96109pt>
File: /Volumes/SSD_LPF/sonicSolver/sonicSolver/papers/book/Frontiers of computational fluid dynamics 2006 (D. A. Caughey, M. M. Hafez) (z-library.sk, 1lib.sk, z-lib.sk).pdf Graphic file (type pdf)
<use /Volumes/SSD_LPF/sonicSolver/sonicSolver/papers/book/Frontiers of computational fluid dynamics 2006 (D. A. Caughey, M. M. Hafez) (z-library.sk, 1lib.sk, z-lib.sk).pdf, page 361>
Package luatex.def Info: /Volumes/SSD_LPF/sonicSolver/sonicSolver/papers/book/Frontiers of computational fluid dynamics 2006 (D. A. Caughey, M. M. Hafez) (z-library.sk, 1lib.sk, z-lib.sk).pdf , page361 used on input line 1709.
(luatex.def)             Requested size: 435.95395pt x 687.32387pt.
 [725

</Volumes/SSD_LPF/sonicSolver/sonicSolver/papers/book/Frontiers of computational fluid dynamics 2006 (D. A. Caughey, M. M. Hafez) (z-library.sk, 1lib.sk, z-lib.sk).pdf>] [726

]
</Volumes/SSD_LPF/sonicSolver/sonicSolver/papers/book/Frontiers of computational fluid dynamics 2006 (D. A. Caughey, M. M. Hafez) (z-library.sk, 1lib.sk, z-lib.sk).pdf, id=5355, page=362, 403.38705pt x 642.35884pt>
File: /Volumes/SSD_LPF/sonicSolver/sonicSolver/papers/book/Frontiers of computational fluid dynamics 2006 (D. A. Caughey, M. M. Hafez) (z-library.sk, 1lib.sk, z-lib.sk).pdf Graphic file (type pdf)
<use /Volumes/SSD_LPF/sonicSolver/sonicSolver/papers/book/Frontiers of computational fluid dynamics 2006 (D. A. Caughey, M. M. Hafez) (z-library.sk, 1lib.sk, z-lib.sk).pdf, page 362>
Package luatex.def Info: /Volumes/SSD_LPF/sonicSolver/sonicSolver/papers/book/Frontiers of computational fluid dynamics 2006 (D. A. Caughey, M. M. Hafez) (z-library.sk, 1lib.sk, z-lib.sk).pdf , page362 used on input line 1713.
(luatex.def)             Requested size: 435.95395pt x 694.2371pt.
 [727

</Volumes/SSD_LPF/sonicSolver/sonicSolver/papers/book/Frontiers of computational fluid dynamics 2006 (D. A. Caughey, M. M. Hafez) (z-library.sk, 1lib.sk, z-lib.sk).pdf>] [728

]
</Volumes/SSD_LPF/sonicSolver/sonicSolver/papers/book/Frontiers of computational fluid dynamics 2006 (D. A. Caughey, M. M. Hafez) (z-library.sk, 1lib.sk, z-lib.sk).pdf, id=5370, page=363, 404.10875pt x 642.84065pt>
File: /Volumes/SSD_LPF/sonicSolver/sonicSolver/papers/book/Frontiers of computational fluid dynamics 2006 (D. A. Caughey, M. M. Hafez) (z-library.sk, 1lib.sk, z-lib.sk).pdf Graphic file (type pdf)
<use /Volumes/SSD_LPF/sonicSolver/sonicSolver/papers/book/Frontiers of computational fluid dynamics 2006 (D. A. Caughey, M. M. Hafez) (z-library.sk, 1lib.sk, z-lib.sk).pdf, page 363>
Package luatex.def Info: /Volumes/SSD_LPF/sonicSolver/sonicSolver/papers/book/Frontiers of computational fluid dynamics 2006 (D. A. Caughey, M. M. Hafez) (z-library.sk, 1lib.sk, z-lib.sk).pdf , page363 used on input line 1718.
(luatex.def)             Requested size: 435.95395pt x 693.5219pt.
 [729

</Volumes/SSD_LPF/sonicSolver/sonicSolver/papers/book/Frontiers of computational fluid dynamics 2006 (D. A. Caughey, M. M. Hafez) (z-library.sk, 1lib.sk, z-lib.sk).pdf>] [730

]
</Volumes/SSD_LPF/sonicSolver/sonicSolver/papers/book/Frontiers of computational fluid dynamics 2006 (D. A. Caughey, M. M. Hafez) (z-library.sk, 1lib.sk, z-lib.sk).pdf, id=5383, page=364, 402.90524pt x 642.11896pt>
File: /Volumes/SSD_LPF/sonicSolver/sonicSolver/papers/book/Frontiers of computational fluid dynamics 2006 (D. A. Caughey, M. M. Hafez) (z-library.sk, 1lib.sk, z-lib.sk).pdf Graphic file (type pdf)
<use /Volumes/SSD_LPF/sonicSolver/sonicSolver/papers/book/Frontiers of computational fluid dynamics 2006 (D. A. Caughey, M. M. Hafez) (z-library.sk, 1lib.sk, z-lib.sk).pdf, page 364>
Package luatex.def Info: /Volumes/SSD_LPF/sonicSolver/sonicSolver/papers/book/Frontiers of computational fluid dynamics 2006 (D. A. Caughey, M. M. Hafez) (z-library.sk, 1lib.sk, z-lib.sk).pdf , page364 used on input line 1722.
(luatex.def)             Requested size: 435.95395pt x 694.83026pt.
 [731

</Volumes/SSD_LPF/sonicSolver/sonicSolver/papers/book/Frontiers of computational fluid dynamics 2006 (D. A. Caughey, M. M. Hafez) (z-library.sk, 1lib.sk, z-lib.sk).pdf>] [732

]
</Volumes/SSD_LPF/sonicSolver/sonicSolver/papers/book/Frontiers of computational fluid dynamics 2006 (D. A. Caughey, M. M. Hafez) (z-library.sk, 1lib.sk, z-lib.sk).pdf, id=5397, page=365, 406.03696pt x 643.56435pt>
File: /Volumes/SSD_LPF/sonicSolver/sonicSolver/papers/book/Frontiers of computational fluid dynamics 2006 (D. A. Caughey, M. M. Hafez) (z-library.sk, 1lib.sk, z-lib.sk).pdf Graphic file (type pdf)
<use /Volumes/SSD_LPF/sonicSolver/sonicSolver/papers/book/Frontiers of computational fluid dynamics 2006 (D. A. Caughey, M. M. Hafez) (z-library.sk, 1lib.sk, z-lib.sk).pdf, page 365>
Package luatex.def Info: /Volumes/SSD_LPF/sonicSolver/sonicSolver/papers/book/Frontiers of computational fluid dynamics 2006 (D. A. Caughey, M. M. Hafez) (z-library.sk, 1lib.sk, z-lib.sk).pdf , page365 used on input line 1727.
(luatex.def)             Requested size: 435.95395pt x 690.98349pt.
 [733

</Volumes/SSD_LPF/sonicSolver/sonicSolver/papers/book/Frontiers of computational fluid dynamics 2006 (D. A. Caughey, M. M. Hafez) (z-library.sk, 1lib.sk, z-lib.sk).pdf>] [734

]
</Volumes/SSD_LPF/sonicSolver/sonicSolver/papers/book/Frontiers of computational fluid dynamics 2006 (D. A. Caughey, M. M. Hafez) (z-library.sk, 1lib.sk, z-lib.sk).pdf, id=5410, page=366, 402.90524pt x 642.11896pt>
File: /Volumes/SSD_LPF/sonicSolver/sonicSolver/papers/book/Frontiers of computational fluid dynamics 2006 (D. A. Caughey, M. M. Hafez) (z-library.sk, 1lib.sk, z-lib.sk).pdf Graphic file (type pdf)
<use /Volumes/SSD_LPF/sonicSolver/sonicSolver/papers/book/Frontiers of computational fluid dynamics 2006 (D. A. Caughey, M. M. Hafez) (z-library.sk, 1lib.sk, z-lib.sk).pdf, page 366>
Package luatex.def Info: /Volumes/SSD_LPF/sonicSolver/sonicSolver/papers/book/Frontiers of computational fluid dynamics 2006 (D. A. Caughey, M. M. Hafez) (z-library.sk, 1lib.sk, z-lib.sk).pdf , page366 used on input line 1731.
(luatex.def)             Requested size: 435.95395pt x 694.83026pt.
 [735

</Volumes/SSD_LPF/sonicSolver/sonicSolver/papers/book/Frontiers of computational fluid dynamics 2006 (D. A. Caughey, M. M. Hafez) (z-library.sk, 1lib.sk, z-lib.sk).pdf>] [736

]
</Volumes/SSD_LPF/sonicSolver/sonicSolver/papers/book/Frontiers of computational fluid dynamics 2006 (D. A. Caughey, M. M. Hafez) (z-library.sk, 1lib.sk, z-lib.sk).pdf, id=5423, page=367, 404.10875pt x 642.84065pt>
File: /Volumes/SSD_LPF/sonicSolver/sonicSolver/papers/book/Frontiers of computational fluid dynamics 2006 (D. A. Caughey, M. M. Hafez) (z-library.sk, 1lib.sk, z-lib.sk).pdf Graphic file (type pdf)
<use /Volumes/SSD_LPF/sonicSolver/sonicSolver/papers/book/Frontiers of computational fluid dynamics 2006 (D. A. Caughey, M. M. Hafez) (z-library.sk, 1lib.sk, z-lib.sk).pdf, page 367>
Package luatex.def Info: /Volumes/SSD_LPF/sonicSolver/sonicSolver/papers/book/Frontiers of computational fluid dynamics 2006 (D. A. Caughey, M. M. Hafez) (z-library.sk, 1lib.sk, z-lib.sk).pdf , page367 used on input line 1735.
(luatex.def)             Requested size: 435.95395pt x 693.5219pt.
 [737

</Volumes/SSD_LPF/sonicSolver/sonicSolver/papers/book/Frontiers of computational fluid dynamics 2006 (D. A. Caughey, M. M. Hafez) (z-library.sk, 1lib.sk, z-lib.sk).pdf>] [738

]
</Volumes/SSD_LPF/sonicSolver/sonicSolver/papers/book/Frontiers of computational fluid dynamics 2006 (D. A. Caughey, M. M. Hafez) (z-library.sk, 1lib.sk, z-lib.sk).pdf, id=5438, page=368, 406.51875pt x 644.28705pt>
File: /Volumes/SSD_LPF/sonicSolver/sonicSolver/papers/book/Frontiers of computational fluid dynamics 2006 (D. A. Caughey, M. M. Hafez) (z-library.sk, 1lib.sk, z-lib.sk).pdf Graphic file (type pdf)
<use /Volumes/SSD_LPF/sonicSolver/sonicSolver/papers/book/Frontiers of computational fluid dynamics 2006 (D. A. Caughey, M. M. Hafez) (z-library.sk, 1lib.sk, z-lib.sk).pdf, page 368>
Package luatex.def Info: /Volumes/SSD_LPF/sonicSolver/sonicSolver/papers/book/Frontiers of computational fluid dynamics 2006 (D. A. Caughey, M. M. Hafez) (z-library.sk, 1lib.sk, z-lib.sk).pdf , page368 used on input line 1740.
(luatex.def)             Requested size: 435.95395pt x 690.96313pt.
 [739

</Volumes/SSD_LPF/sonicSolver/sonicSolver/papers/book/Frontiers of computational fluid dynamics 2006 (D. A. Caughey, M. M. Hafez) (z-library.sk, 1lib.sk, z-lib.sk).pdf>] [740

]
</Volumes/SSD_LPF/sonicSolver/sonicSolver/papers/book/Frontiers of computational fluid dynamics 2006 (D. A. Caughey, M. M. Hafez) (z-library.sk, 1lib.sk, z-lib.sk).pdf, id=5451, page=369, 404.10875pt x 642.84065pt>
File: /Volumes/SSD_LPF/sonicSolver/sonicSolver/papers/book/Frontiers of computational fluid dynamics 2006 (D. A. Caughey, M. M. Hafez) (z-library.sk, 1lib.sk, z-lib.sk).pdf Graphic file (type pdf)
<use /Volumes/SSD_LPF/sonicSolver/sonicSolver/papers/book/Frontiers of computational fluid dynamics 2006 (D. A. Caughey, M. M. Hafez) (z-library.sk, 1lib.sk, z-lib.sk).pdf, page 369>
Package luatex.def Info: /Volumes/SSD_LPF/sonicSolver/sonicSolver/papers/book/Frontiers of computational fluid dynamics 2006 (D. A. Caughey, M. M. Hafez) (z-library.sk, 1lib.sk, z-lib.sk).pdf , page369 used on input line 1744.
(luatex.def)             Requested size: 435.95395pt x 693.5219pt.
 [741

</Volumes/SSD_LPF/sonicSolver/sonicSolver/papers/book/Frontiers of computational fluid dynamics 2006 (D. A. Caughey, M. M. Hafez) (z-library.sk, 1lib.sk, z-lib.sk).pdf>] [742

]
</Volumes/SSD_LPF/sonicSolver/sonicSolver/papers/book/Frontiers of computational fluid dynamics 2006 (D. A. Caughey, M. M. Hafez) (z-library.sk, 1lib.sk, z-lib.sk).pdf, id=5464, page=370, 404.10875pt x 642.84065pt>
File: /Volumes/SSD_LPF/sonicSolver/sonicSolver/papers/book/Frontiers of computational fluid dynamics 2006 (D. A. Caughey, M. M. Hafez) (z-library.sk, 1lib.sk, z-lib.sk).pdf Graphic file (type pdf)
<use /Volumes/SSD_LPF/sonicSolver/sonicSolver/papers/book/Frontiers of computational fluid dynamics 2006 (D. A. Caughey, M. M. Hafez) (z-library.sk, 1lib.sk, z-lib.sk).pdf, page 370>
Package luatex.def Info: /Volumes/SSD_LPF/sonicSolver/sonicSolver/papers/book/Frontiers of computational fluid dynamics 2006 (D. A. Caughey, M. M. Hafez) (z-library.sk, 1lib.sk, z-lib.sk).pdf , page370 used on input line 1748.
(luatex.def)             Requested size: 435.95395pt x 693.5219pt.
 [743

</Volumes/SSD_LPF/sonicSolver/sonicSolver/papers/book/Frontiers of computational fluid dynamics 2006 (D. A. Caughey, M. M. Hafez) (z-library.sk, 1lib.sk, z-lib.sk).pdf>] [744

]
</Volumes/SSD_LPF/sonicSolver/sonicSolver/papers/book/Frontiers of computational fluid dynamics 2006 (D. A. Caughey, M. M. Hafez) (z-library.sk, 1lib.sk, z-lib.sk).pdf, id=5477, page=371, 402.90524pt x 642.11896pt>
File: /Volumes/SSD_LPF/sonicSolver/sonicSolver/papers/book/Frontiers of computational fluid dynamics 2006 (D. A. Caughey, M. M. Hafez) (z-library.sk, 1lib.sk, z-lib.sk).pdf Graphic file (type pdf)
<use /Volumes/SSD_LPF/sonicSolver/sonicSolver/papers/book/Frontiers of computational fluid dynamics 2006 (D. A. Caughey, M. M. Hafez) (z-library.sk, 1lib.sk, z-lib.sk).pdf, page 371>
Package luatex.def Info: /Volumes/SSD_LPF/sonicSolver/sonicSolver/papers/book/Frontiers of computational fluid dynamics 2006 (D. A. Caughey, M. M. Hafez) (z-library.sk, 1lib.sk, z-lib.sk).pdf , page371 used on input line 1752.
(luatex.def)             Requested size: 435.95395pt x 694.83026pt.
 [745

</Volumes/SSD_LPF/sonicSolver/sonicSolver/papers/book/Frontiers of computational fluid dynamics 2006 (D. A. Caughey, M. M. Hafez) (z-library.sk, 1lib.sk, z-lib.sk).pdf>] [746

]
</Volumes/SSD_LPF/sonicSolver/sonicSolver/papers/book/Frontiers of computational fluid dynamics 2006 (D. A. Caughey, M. M. Hafez) (z-library.sk, 1lib.sk, z-lib.sk).pdf, id=5503, page=372, 404.10875pt x 642.84065pt>
File: /Volumes/SSD_LPF/sonicSolver/sonicSolver/papers/book/Frontiers of computational fluid dynamics 2006 (D. A. Caughey, M. M. Hafez) (z-library.sk, 1lib.sk, z-lib.sk).pdf Graphic file (type pdf)
<use /Volumes/SSD_LPF/sonicSolver/sonicSolver/papers/book/Frontiers of computational fluid dynamics 2006 (D. A. Caughey, M. M. Hafez) (z-library.sk, 1lib.sk, z-lib.sk).pdf, page 372>
Package luatex.def Info: /Volumes/SSD_LPF/sonicSolver/sonicSolver/papers/book/Frontiers of computational fluid dynamics 2006 (D. A. Caughey, M. M. Hafez) (z-library.sk, 1lib.sk, z-lib.sk).pdf , page372 used on input line 1756.
(luatex.def)             Requested size: 435.95395pt x 693.5219pt.
 [747

</Volumes/SSD_LPF/sonicSolver/sonicSolver/papers/book/Frontiers of computational fluid dynamics 2006 (D. A. Caughey, M. M. Hafez) (z-library.sk, 1lib.sk, z-lib.sk).pdf>] [748

]
</Volumes/SSD_LPF/sonicSolver/sonicSolver/papers/book/Frontiers of computational fluid dynamics 2006 (D. A. Caughey, M. M. Hafez) (z-library.sk, 1lib.sk, z-lib.sk).pdf, id=5518, page=373, 406.03696pt x 643.80424pt>
File: /Volumes/SSD_LPF/sonicSolver/sonicSolver/papers/book/Frontiers of computational fluid dynamics 2006 (D. A. Caughey, M. M. Hafez) (z-library.sk, 1lib.sk, z-lib.sk).pdf Graphic file (type pdf)
<use /Volumes/SSD_LPF/sonicSolver/sonicSolver/papers/book/Frontiers of computational fluid dynamics 2006 (D. A. Caughey, M. M. Hafez) (z-library.sk, 1lib.sk, z-lib.sk).pdf, page 373>
Package luatex.def Info: /Volumes/SSD_LPF/sonicSolver/sonicSolver/papers/book/Frontiers of computational fluid dynamics 2006 (D. A. Caughey, M. M. Hafez) (z-library.sk, 1lib.sk, z-lib.sk).pdf , page373 used on input line 1761.
(luatex.def)             Requested size: 435.95395pt x 691.24106pt.
 [749

</Volumes/SSD_LPF/sonicSolver/sonicSolver/papers/book/Frontiers of computational fluid dynamics 2006 (D. A. Caughey, M. M. Hafez) (z-library.sk, 1lib.sk, z-lib.sk).pdf>] [750

]
</Volumes/SSD_LPF/sonicSolver/sonicSolver/papers/book/Frontiers of computational fluid dynamics 2006 (D. A. Caughey, M. M. Hafez) (z-library.sk, 1lib.sk, z-lib.sk).pdf, id=5531, page=374, 404.59155pt x 643.32245pt>
File: /Volumes/SSD_LPF/sonicSolver/sonicSolver/papers/book/Frontiers of computational fluid dynamics 2006 (D. A. Caughey, M. M. Hafez) (z-library.sk, 1lib.sk, z-lib.sk).pdf Graphic file (type pdf)
<use /Volumes/SSD_LPF/sonicSolver/sonicSolver/papers/book/Frontiers of computational fluid dynamics 2006 (D. A. Caughey, M. M. Hafez) (z-library.sk, 1lib.sk, z-lib.sk).pdf, page 374>
Package luatex.def Info: /Volumes/SSD_LPF/sonicSolver/sonicSolver/papers/book/Frontiers of computational fluid dynamics 2006 (D. A. Caughey, M. M. Hafez) (z-library.sk, 1lib.sk, z-lib.sk).pdf , page374 used on input line 1765.
(luatex.def)             Requested size: 435.95395pt x 693.23674pt.
 [751

</Volumes/SSD_LPF/sonicSolver/sonicSolver/papers/book/Frontiers of computational fluid dynamics 2006 (D. A. Caughey, M. M. Hafez) (z-library.sk, 1lib.sk, z-lib.sk).pdf>] [752

]
</Volumes/SSD_LPF/sonicSolver/sonicSolver/papers/book/Frontiers of computational fluid dynamics 2006 (D. A. Caughey, M. M. Hafez) (z-library.sk, 1lib.sk, z-lib.sk).pdf, id=5544, page=375, 404.10875pt x 642.84065pt>
File: /Volumes/SSD_LPF/sonicSolver/sonicSolver/papers/book/Frontiers of computational fluid dynamics 2006 (D. A. Caughey, M. M. Hafez) (z-library.sk, 1lib.sk, z-lib.sk).pdf Graphic file (type pdf)
<use /Volumes/SSD_LPF/sonicSolver/sonicSolver/papers/book/Frontiers of computational fluid dynamics 2006 (D. A. Caughey, M. M. Hafez) (z-library.sk, 1lib.sk, z-lib.sk).pdf, page 375>
Package luatex.def Info: /Volumes/SSD_LPF/sonicSolver/sonicSolver/papers/book/Frontiers of computational fluid dynamics 2006 (D. A. Caughey, M. M. Hafez) (z-library.sk, 1lib.sk, z-lib.sk).pdf , page375 used on input line 1769.
(luatex.def)             Requested size: 435.95395pt x 693.5219pt.
 [753

</Volumes/SSD_LPF/sonicSolver/sonicSolver/papers/book/Frontiers of computational fluid dynamics 2006 (D. A. Caughey, M. M. Hafez) (z-library.sk, 1lib.sk, z-lib.sk).pdf>] [754

]
</Volumes/SSD_LPF/sonicSolver/sonicSolver/papers/book/Frontiers of computational fluid dynamics 2006 (D. A. Caughey, M. M. Hafez) (z-library.sk, 1lib.sk, z-lib.sk).pdf, id=5557, page=376, 404.711pt x 641.5167pt>
File: /Volumes/SSD_LPF/sonicSolver/sonicSolver/papers/book/Frontiers of computational fluid dynamics 2006 (D. A. Caughey, M. M. Hafez) (z-library.sk, 1lib.sk, z-lib.sk).pdf Graphic file (type pdf)
<use /Volumes/SSD_LPF/sonicSolver/sonicSolver/papers/book/Frontiers of computational fluid dynamics 2006 (D. A. Caughey, M. M. Hafez) (z-library.sk, 1lib.sk, z-lib.sk).pdf, page 376>
Package luatex.def Info: /Volumes/SSD_LPF/sonicSolver/sonicSolver/papers/book/Frontiers of computational fluid dynamics 2006 (D. A. Caughey, M. M. Hafez) (z-library.sk, 1lib.sk, z-lib.sk).pdf , page376 used on input line 1773.
(luatex.def)             Requested size: 435.95395pt x 691.07553pt.
 [755

</Volumes/SSD_LPF/sonicSolver/sonicSolver/papers/book/Frontiers of computational fluid dynamics 2006 (D. A. Caughey, M. M. Hafez) (z-library.sk, 1lib.sk, z-lib.sk).pdf>] [756

]
</Volumes/SSD_LPF/sonicSolver/sonicSolver/papers/book/Frontiers of computational fluid dynamics 2006 (D. A. Caughey, M. M. Hafez) (z-library.sk, 1lib.sk, z-lib.sk).pdf, id=5570, page=377, 406.03696pt x 644.04515pt>
File: /Volumes/SSD_LPF/sonicSolver/sonicSolver/papers/book/Frontiers of computational fluid dynamics 2006 (D. A. Caughey, M. M. Hafez) (z-library.sk, 1lib.sk, z-lib.sk).pdf Graphic file (type pdf)
<use /Volumes/SSD_LPF/sonicSolver/sonicSolver/papers/book/Frontiers of computational fluid dynamics 2006 (D. A. Caughey, M. M. Hafez) (z-library.sk, 1lib.sk, z-lib.sk).pdf, page 377>
Package luatex.def Info: /Volumes/SSD_LPF/sonicSolver/sonicSolver/papers/book/Frontiers of computational fluid dynamics 2006 (D. A. Caughey, M. M. Hafez) (z-library.sk, 1lib.sk, z-lib.sk).pdf , page377 used on input line 1777.
(luatex.def)             Requested size: 435.95395pt x 691.49971pt.
 [757

</Volumes/SSD_LPF/sonicSolver/sonicSolver/papers/book/Frontiers of computational fluid dynamics 2006 (D. A. Caughey, M. M. Hafez) (z-library.sk, 1lib.sk, z-lib.sk).pdf>] [758

]
</Volumes/SSD_LPF/sonicSolver/sonicSolver/papers/book/Frontiers of computational fluid dynamics 2006 (D. A. Caughey, M. M. Hafez) (z-library.sk, 1lib.sk, z-lib.sk).pdf, id=5585, page=378, 403.38705pt x 642.35884pt>
File: /Volumes/SSD_LPF/sonicSolver/sonicSolver/papers/book/Frontiers of computational fluid dynamics 2006 (D. A. Caughey, M. M. Hafez) (z-library.sk, 1lib.sk, z-lib.sk).pdf Graphic file (type pdf)
<use /Volumes/SSD_LPF/sonicSolver/sonicSolver/papers/book/Frontiers of computational fluid dynamics 2006 (D. A. Caughey, M. M. Hafez) (z-library.sk, 1lib.sk, z-lib.sk).pdf, page 378>
Package luatex.def Info: /Volumes/SSD_LPF/sonicSolver/sonicSolver/papers/book/Frontiers of computational fluid dynamics 2006 (D. A. Caughey, M. M. Hafez) (z-library.sk, 1lib.sk, z-lib.sk).pdf , page378 used on input line 1782.
(luatex.def)             Requested size: 435.95395pt x 694.2371pt.
 [759

</Volumes/SSD_LPF/sonicSolver/sonicSolver/papers/book/Frontiers of computational fluid dynamics 2006 (D. A. Caughey, M. M. Hafez) (z-library.sk, 1lib.sk, z-lib.sk).pdf>] [760

]
</Volumes/SSD_LPF/sonicSolver/sonicSolver/papers/book/Frontiers of computational fluid dynamics 2006 (D. A. Caughey, M. M. Hafez) (z-library.sk, 1lib.sk, z-lib.sk).pdf, id=5598, page=379, 403.38705pt x 642.35884pt>
File: /Volumes/SSD_LPF/sonicSolver/sonicSolver/papers/book/Frontiers of computational fluid dynamics 2006 (D. A. Caughey, M. M. Hafez) (z-library.sk, 1lib.sk, z-lib.sk).pdf Graphic file (type pdf)
<use /Volumes/SSD_LPF/sonicSolver/sonicSolver/papers/book/Frontiers of computational fluid dynamics 2006 (D. A. Caughey, M. M. Hafez) (z-library.sk, 1lib.sk, z-lib.sk).pdf, page 379>
Package luatex.def Info: /Volumes/SSD_LPF/sonicSolver/sonicSolver/papers/book/Frontiers of computational fluid dynamics 2006 (D. A. Caughey, M. M. Hafez) (z-library.sk, 1lib.sk, z-lib.sk).pdf , page379 used on input line 1786.
(luatex.def)             Requested size: 435.95395pt x 694.2371pt.
 [761

</Volumes/SSD_LPF/sonicSolver/sonicSolver/papers/book/Frontiers of computational fluid dynamics 2006 (D. A. Caughey, M. M. Hafez) (z-library.sk, 1lib.sk, z-lib.sk).pdf>] [762

]
</Volumes/SSD_LPF/sonicSolver/sonicSolver/papers/book/Frontiers of computational fluid dynamics 2006 (D. A. Caughey, M. M. Hafez) (z-library.sk, 1lib.sk, z-lib.sk).pdf, id=5613, page=380, 407.24146pt x 644.76884pt>
File: /Volumes/SSD_LPF/sonicSolver/sonicSolver/papers/book/Frontiers of computational fluid dynamics 2006 (D. A. Caughey, M. M. Hafez) (z-library.sk, 1lib.sk, z-lib.sk).pdf Graphic file (type pdf)
<use /Volumes/SSD_LPF/sonicSolver/sonicSolver/papers/book/Frontiers of computational fluid dynamics 2006 (D. A. Caughey, M. M. Hafez) (z-library.sk, 1lib.sk, z-lib.sk).pdf, page 380>
Package luatex.def Info: /Volumes/SSD_LPF/sonicSolver/sonicSolver/papers/book/Frontiers of computational fluid dynamics 2006 (D. A. Caughey, M. M. Hafez) (z-library.sk, 1lib.sk, z-lib.sk).pdf , page380 used on input line 1792.
(luatex.def)             Requested size: 435.95395pt x 690.25987pt.
 [763

</Volumes/SSD_LPF/sonicSolver/sonicSolver/papers/book/Frontiers of computational fluid dynamics 2006 (D. A. Caughey, M. M. Hafez) (z-library.sk, 1lib.sk, z-lib.sk).pdf>] [764

]
</Volumes/SSD_LPF/sonicSolver/sonicSolver/papers/book/Frontiers of computational fluid dynamics 2006 (D. A. Caughey, M. M. Hafez) (z-library.sk, 1lib.sk, z-lib.sk).pdf, id=5626, page=381, 404.711pt x 641.75659pt>
File: /Volumes/SSD_LPF/sonicSolver/sonicSolver/papers/book/Frontiers of computational fluid dynamics 2006 (D. A. Caughey, M. M. Hafez) (z-library.sk, 1lib.sk, z-lib.sk).pdf Graphic file (type pdf)
<use /Volumes/SSD_LPF/sonicSolver/sonicSolver/papers/book/Frontiers of computational fluid dynamics 2006 (D. A. Caughey, M. M. Hafez) (z-library.sk, 1lib.sk, z-lib.sk).pdf, page 381>
Package luatex.def Info: /Volumes/SSD_LPF/sonicSolver/sonicSolver/papers/book/Frontiers of computational fluid dynamics 2006 (D. A. Caughey, M. M. Hafez) (z-library.sk, 1lib.sk, z-lib.sk).pdf , page381 used on input line 1796.
(luatex.def)             Requested size: 435.95395pt x 691.33395pt.
 [765

</Volumes/SSD_LPF/sonicSolver/sonicSolver/papers/book/Frontiers of computational fluid dynamics 2006 (D. A. Caughey, M. M. Hafez) (z-library.sk, 1lib.sk, z-lib.sk).pdf>] [766

]
</Volumes/SSD_LPF/sonicSolver/sonicSolver/papers/book/Frontiers of computational fluid dynamics 2006 (D. A. Caughey, M. M. Hafez) (z-library.sk, 1lib.sk, z-lib.sk).pdf, id=5639, page=382, 402.90524pt x 642.11896pt>
File: /Volumes/SSD_LPF/sonicSolver/sonicSolver/papers/book/Frontiers of computational fluid dynamics 2006 (D. A. Caughey, M. M. Hafez) (z-library.sk, 1lib.sk, z-lib.sk).pdf Graphic file (type pdf)
<use /Volumes/SSD_LPF/sonicSolver/sonicSolver/papers/book/Frontiers of computational fluid dynamics 2006 (D. A. Caughey, M. M. Hafez) (z-library.sk, 1lib.sk, z-lib.sk).pdf, page 382>
Package luatex.def Info: /Volumes/SSD_LPF/sonicSolver/sonicSolver/papers/book/Frontiers of computational fluid dynamics 2006 (D. A. Caughey, M. M. Hafez) (z-library.sk, 1lib.sk, z-lib.sk).pdf , page382 used on input line 1800.
(luatex.def)             Requested size: 435.95395pt x 694.83026pt.
 [767

</Volumes/SSD_LPF/sonicSolver/sonicSolver/papers/book/Frontiers of computational fluid dynamics 2006 (D. A. Caughey, M. M. Hafez) (z-library.sk, 1lib.sk, z-lib.sk).pdf>] [768

]
</Volumes/SSD_LPF/sonicSolver/sonicSolver/papers/book/Frontiers of computational fluid dynamics 2006 (D. A. Caughey, M. M. Hafez) (z-library.sk, 1lib.sk, z-lib.sk).pdf, id=5654, page=383, 406.6392pt x 642.2384pt>
File: /Volumes/SSD_LPF/sonicSolver/sonicSolver/papers/book/Frontiers of computational fluid dynamics 2006 (D. A. Caughey, M. M. Hafez) (z-library.sk, 1lib.sk, z-lib.sk).pdf Graphic file (type pdf)
<use /Volumes/SSD_LPF/sonicSolver/sonicSolver/papers/book/Frontiers of computational fluid dynamics 2006 (D. A. Caughey, M. M. Hafez) (z-library.sk, 1lib.sk, z-lib.sk).pdf, page 383>
Package luatex.def Info: /Volumes/SSD_LPF/sonicSolver/sonicSolver/papers/book/Frontiers of computational fluid dynamics 2006 (D. A. Caughey, M. M. Hafez) (z-library.sk, 1lib.sk, z-lib.sk).pdf , page383 used on input line 1804.
(luatex.def)             Requested size: 435.95395pt x 688.55048pt.
 [769

</Volumes/SSD_LPF/sonicSolver/sonicSolver/papers/book/Frontiers of computational fluid dynamics 2006 (D. A. Caughey, M. M. Hafez) (z-library.sk, 1lib.sk, z-lib.sk).pdf>] [770



] [771]
</Volumes/SSD_LPF/sonicSolver/sonicSolver/papers/book/Frontiers of computational fluid dynamics 2006 (D. A. Caughey, M. M. Hafez) (z-library.sk, 1lib.sk, z-lib.sk).pdf, id=5672, page=384, 424.58624pt x 655.72879pt>
File: /Volumes/SSD_LPF/sonicSolver/sonicSolver/papers/book/Frontiers of computational fluid dynamics 2006 (D. A. Caughey, M. M. Hafez) (z-library.sk, 1lib.sk, z-lib.sk).pdf Graphic file (type pdf)
<use /Volumes/SSD_LPF/sonicSolver/sonicSolver/papers/book/Frontiers of computational fluid dynamics 2006 (D. A. Caughey, M. M. Hafez) (z-library.sk, 1lib.sk, z-lib.sk).pdf, page 384>
Package luatex.def Info: /Volumes/SSD_LPF/sonicSolver/sonicSolver/papers/book/Frontiers of computational fluid dynamics 2006 (D. A. Caughey, M. M. Hafez) (z-library.sk, 1lib.sk, z-lib.sk).pdf , page384 used on input line 1810.
(luatex.def)             Requested size: 435.95395pt x 673.31703pt.
 [772

</Volumes/SSD_LPF/sonicSolver/sonicSolver/papers/book/Frontiers of computational fluid dynamics 2006 (D. A. Caughey, M. M. Hafez) (z-library.sk, 1lib.sk, z-lib.sk).pdf>] [773

]
</Volumes/SSD_LPF/sonicSolver/sonicSolver/papers/book/Frontiers of computational fluid dynamics 2006 (D. A. Caughey, M. M. Hafez) (z-library.sk, 1lib.sk, z-lib.sk).pdf, id=5685, page=385, 402.90524pt x 642.11896pt>
File: /Volumes/SSD_LPF/sonicSolver/sonicSolver/papers/book/Frontiers of computational fluid dynamics 2006 (D. A. Caughey, M. M. Hafez) (z-library.sk, 1lib.sk, z-lib.sk).pdf Graphic file (type pdf)
<use /Volumes/SSD_LPF/sonicSolver/sonicSolver/papers/book/Frontiers of computational fluid dynamics 2006 (D. A. Caughey, M. M. Hafez) (z-library.sk, 1lib.sk, z-lib.sk).pdf, page 385>
Package luatex.def Info: /Volumes/SSD_LPF/sonicSolver/sonicSolver/papers/book/Frontiers of computational fluid dynamics 2006 (D. A. Caughey, M. M. Hafez) (z-library.sk, 1lib.sk, z-lib.sk).pdf , page385 used on input line 1814.
(luatex.def)             Requested size: 435.95395pt x 694.83026pt.
 [774

</Volumes/SSD_LPF/sonicSolver/sonicSolver/papers/book/Frontiers of computational fluid dynamics 2006 (D. A. Caughey, M. M. Hafez) (z-library.sk, 1lib.sk, z-lib.sk).pdf>]
第十七章
[775



]
</Volumes/SSD_LPF/sonicSolver/sonicSolver/papers/book/Frontiers of computational fluid dynamics 2006 (D. A. Caughey, M. M. Hafez) (z-library.sk, 1lib.sk, z-lib.sk).pdf, id=5699, page=386, 408.5654pt x 644.1666pt>
File: /Volumes/SSD_LPF/sonicSolver/sonicSolver/papers/book/Frontiers of computational fluid dynamics 2006 (D. A. Caughey, M. M. Hafez) (z-library.sk, 1lib.sk, z-lib.sk).pdf Graphic file (type pdf)
<use /Volumes/SSD_LPF/sonicSolver/sonicSolver/papers/book/Frontiers of computational fluid dynamics 2006 (D. A. Caughey, M. M. Hafez) (z-library.sk, 1lib.sk, z-lib.sk).pdf, page 386>
Package luatex.def Info: /Volumes/SSD_LPF/sonicSolver/sonicSolver/papers/book/Frontiers of computational fluid dynamics 2006 (D. A. Caughey, M. M. Hafez) (z-library.sk, 1lib.sk, z-lib.sk).pdf , page386 used on input line 1821.
(luatex.def)             Requested size: 435.95395pt x 687.34459pt.
 [776

</Volumes/SSD_LPF/sonicSolver/sonicSolver/papers/book/Frontiers of computational fluid dynamics 2006 (D. A. Caughey, M. M. Hafez) (z-library.sk, 1lib.sk, z-lib.sk).pdf>] [777

]
</Volumes/SSD_LPF/sonicSolver/sonicSolver/papers/book/Frontiers of computational fluid dynamics 2006 (D. A. Caughey, M. M. Hafez) (z-library.sk, 1lib.sk, z-lib.sk).pdf, id=5714, page=387, 404.59155pt x 643.32245pt>
File: /Volumes/SSD_LPF/sonicSolver/sonicSolver/papers/book/Frontiers of computational fluid dynamics 2006 (D. A. Caughey, M. M. Hafez) (z-library.sk, 1lib.sk, z-lib.sk).pdf Graphic file (type pdf)
<use /Volumes/SSD_LPF/sonicSolver/sonicSolver/papers/book/Frontiers of computational fluid dynamics 2006 (D. A. Caughey, M. M. Hafez) (z-library.sk, 1lib.sk, z-lib.sk).pdf, page 387>
Package luatex.def Info: /Volumes/SSD_LPF/sonicSolver/sonicSolver/papers/book/Frontiers of computational fluid dynamics 2006 (D. A. Caughey, M. M. Hafez) (z-library.sk, 1lib.sk, z-lib.sk).pdf , page387 used on input line 1826.
(luatex.def)             Requested size: 435.95395pt x 693.23674pt.
 [778

</Volumes/SSD_LPF/sonicSolver/sonicSolver/papers/book/Frontiers of computational fluid dynamics 2006 (D. A. Caughey, M. M. Hafez) (z-library.sk, 1lib.sk, z-lib.sk).pdf>] [779

]
</Volumes/SSD_LPF/sonicSolver/sonicSolver/papers/book/Frontiers of computational fluid dynamics 2006 (D. A. Caughey, M. M. Hafez) (z-library.sk, 1lib.sk, z-lib.sk).pdf, id=5729, page=388, 404.59155pt x 643.32245pt>
File: /Volumes/SSD_LPF/sonicSolver/sonicSolver/papers/book/Frontiers of computational fluid dynamics 2006 (D. A. Caughey, M. M. Hafez) (z-library.sk, 1lib.sk, z-lib.sk).pdf Graphic file (type pdf)
<use /Volumes/SSD_LPF/sonicSolver/sonicSolver/papers/book/Frontiers of computational fluid dynamics 2006 (D. A. Caughey, M. M. Hafez) (z-library.sk, 1lib.sk, z-lib.sk).pdf, page 388>
Package luatex.def Info: /Volumes/SSD_LPF/sonicSolver/sonicSolver/papers/book/Frontiers of computational fluid dynamics 2006 (D. A. Caughey, M. M. Hafez) (z-library.sk, 1lib.sk, z-lib.sk).pdf , page388 used on input line 1832.
(luatex.def)             Requested size: 435.95395pt x 693.23674pt.
 [780

</Volumes/SSD_LPF/sonicSolver/sonicSolver/papers/book/Frontiers of computational fluid dynamics 2006 (D. A. Caughey, M. M. Hafez) (z-library.sk, 1lib.sk, z-lib.sk).pdf>] [781

]
</Volumes/SSD_LPF/sonicSolver/sonicSolver/papers/book/Frontiers of computational fluid dynamics 2006 (D. A. Caughey, M. M. Hafez) (z-library.sk, 1lib.sk, z-lib.sk).pdf, id=5742, page=389, 402.7838pt x 640.793pt>
File: /Volumes/SSD_LPF/sonicSolver/sonicSolver/papers/book/Frontiers of computational fluid dynamics 2006 (D. A. Caughey, M. M. Hafez) (z-library.sk, 1lib.sk, z-lib.sk).pdf Graphic file (type pdf)
<use /Volumes/SSD_LPF/sonicSolver/sonicSolver/papers/book/Frontiers of computational fluid dynamics 2006 (D. A. Caughey, M. M. Hafez) (z-library.sk, 1lib.sk, z-lib.sk).pdf, page 389>
Package luatex.def Info: /Volumes/SSD_LPF/sonicSolver/sonicSolver/papers/book/Frontiers of computational fluid dynamics 2006 (D. A. Caughey, M. M. Hafez) (z-library.sk, 1lib.sk, z-lib.sk).pdf , page389 used on input line 1836.
(luatex.def)             Requested size: 435.95395pt x 693.56168pt.
 [782

</Volumes/SSD_LPF/sonicSolver/sonicSolver/papers/book/Frontiers of computational fluid dynamics 2006 (D. A. Caughey, M. M. Hafez) (z-library.sk, 1lib.sk, z-lib.sk).pdf>] [783

]
</Volumes/SSD_LPF/sonicSolver/sonicSolver/papers/book/Frontiers of computational fluid dynamics 2006 (D. A. Caughey, M. M. Hafez) (z-library.sk, 1lib.sk, z-lib.sk).pdf, id=5755, page=390, 403.2656pt x 641.2748pt>
File: /Volumes/SSD_LPF/sonicSolver/sonicSolver/papers/book/Frontiers of computational fluid dynamics 2006 (D. A. Caughey, M. M. Hafez) (z-library.sk, 1lib.sk, z-lib.sk).pdf Graphic file (type pdf)
<use /Volumes/SSD_LPF/sonicSolver/sonicSolver/papers/book/Frontiers of computational fluid dynamics 2006 (D. A. Caughey, M. M. Hafez) (z-library.sk, 1lib.sk, z-lib.sk).pdf, page 390>
Package luatex.def Info: /Volumes/SSD_LPF/sonicSolver/sonicSolver/papers/book/Frontiers of computational fluid dynamics 2006 (D. A. Caughey, M. M. Hafez) (z-library.sk, 1lib.sk, z-lib.sk).pdf , page390 used on input line 1840.
(luatex.def)             Requested size: 435.95395pt x 693.28078pt.
 [784

</Volumes/SSD_LPF/sonicSolver/sonicSolver/papers/book/Frontiers of computational fluid dynamics 2006 (D. A. Caughey, M. M. Hafez) (z-library.sk, 1lib.sk, z-lib.sk).pdf>] [785

]
</Volumes/SSD_LPF/sonicSolver/sonicSolver/papers/book/Frontiers of computational fluid dynamics 2006 (D. A. Caughey, M. M. Hafez) (z-library.sk, 1lib.sk, z-lib.sk).pdf, id=5768, page=391, 401.5793pt x 640.0703pt>
File: /Volumes/SSD_LPF/sonicSolver/sonicSolver/papers/book/Frontiers of computational fluid dynamics 2006 (D. A. Caughey, M. M. Hafez) (z-library.sk, 1lib.sk, z-lib.sk).pdf Graphic file (type pdf)
<use /Volumes/SSD_LPF/sonicSolver/sonicSolver/papers/book/Frontiers of computational fluid dynamics 2006 (D. A. Caughey, M. M. Hafez) (z-library.sk, 1lib.sk, z-lib.sk).pdf, page 391>
Package luatex.def Info: /Volumes/SSD_LPF/sonicSolver/sonicSolver/papers/book/Frontiers of computational fluid dynamics 2006 (D. A. Caughey, M. M. Hafez) (z-library.sk, 1lib.sk, z-lib.sk).pdf , page391 used on input line 1844.
(luatex.def)             Requested size: 435.95395pt x 694.87929pt.
 [786

</Volumes/SSD_LPF/sonicSolver/sonicSolver/papers/book/Frontiers of computational fluid dynamics 2006 (D. A. Caughey, M. M. Hafez) (z-library.sk, 1lib.sk, z-lib.sk).pdf>] [787

]
</Volumes/SSD_LPF/sonicSolver/sonicSolver/papers/book/Frontiers of computational fluid dynamics 2006 (D. A. Caughey, M. M. Hafez) (z-library.sk, 1lib.sk, z-lib.sk).pdf, id=5783, page=392, 402.90524pt x 642.11896pt>
File: /Volumes/SSD_LPF/sonicSolver/sonicSolver/papers/book/Frontiers of computational fluid dynamics 2006 (D. A. Caughey, M. M. Hafez) (z-library.sk, 1lib.sk, z-lib.sk).pdf Graphic file (type pdf)
<use /Volumes/SSD_LPF/sonicSolver/sonicSolver/papers/book/Frontiers of computational fluid dynamics 2006 (D. A. Caughey, M. M. Hafez) (z-library.sk, 1lib.sk, z-lib.sk).pdf, page 392>
Package luatex.def Info: /Volumes/SSD_LPF/sonicSolver/sonicSolver/papers/book/Frontiers of computational fluid dynamics 2006 (D. A. Caughey, M. M. Hafez) (z-library.sk, 1lib.sk, z-lib.sk).pdf , page392 used on input line 1849.
(luatex.def)             Requested size: 435.95395pt x 694.83026pt.
 [788

</Volumes/SSD_LPF/sonicSolver/sonicSolver/papers/book/Frontiers of computational fluid dynamics 2006 (D. A. Caughey, M. M. Hafez) (z-library.sk, 1lib.sk, z-lib.sk).pdf>] [789

]
</Volumes/SSD_LPF/sonicSolver/sonicSolver/papers/book/Frontiers of computational fluid dynamics 2006 (D. A. Caughey, M. M. Hafez) (z-library.sk, 1lib.sk, z-lib.sk).pdf, id=5797, page=393, 405.1928pt x 642.2384pt>
File: /Volumes/SSD_LPF/sonicSolver/sonicSolver/papers/book/Frontiers of computational fluid dynamics 2006 (D. A. Caughey, M. M. Hafez) (z-library.sk, 1lib.sk, z-lib.sk).pdf Graphic file (type pdf)
<use /Volumes/SSD_LPF/sonicSolver/sonicSolver/papers/book/Frontiers of computational fluid dynamics 2006 (D. A. Caughey, M. M. Hafez) (z-library.sk, 1lib.sk, z-lib.sk).pdf, page 393>
Package luatex.def Info: /Volumes/SSD_LPF/sonicSolver/sonicSolver/papers/book/Frontiers of computational fluid dynamics 2006 (D. A. Caughey, M. M. Hafez) (z-library.sk, 1lib.sk, z-lib.sk).pdf , page393 used on input line 1853.
(luatex.def)             Requested size: 435.95395pt x 691.00041pt.
 [790

</Volumes/SSD_LPF/sonicSolver/sonicSolver/papers/book/Frontiers of computational fluid dynamics 2006 (D. A. Caughey, M. M. Hafez) (z-library.sk, 1lib.sk, z-lib.sk).pdf>] [791

]
</Volumes/SSD_LPF/sonicSolver/sonicSolver/papers/book/Frontiers of computational fluid dynamics 2006 (D. A. Caughey, M. M. Hafez) (z-library.sk, 1lib.sk, z-lib.sk).pdf, id=5810, page=394, 409.16765pt x 645.00874pt>
File: /Volumes/SSD_LPF/sonicSolver/sonicSolver/papers/book/Frontiers of computational fluid dynamics 2006 (D. A. Caughey, M. M. Hafez) (z-library.sk, 1lib.sk, z-lib.sk).pdf Graphic file (type pdf)
<use /Volumes/SSD_LPF/sonicSolver/sonicSolver/papers/book/Frontiers of computational fluid dynamics 2006 (D. A. Caughey, M. M. Hafez) (z-library.sk, 1lib.sk, z-lib.sk).pdf, page 394>
Package luatex.def Info: /Volumes/SSD_LPF/sonicSolver/sonicSolver/papers/book/Frontiers of computational fluid dynamics 2006 (D. A. Caughey, M. M. Hafez) (z-library.sk, 1lib.sk, z-lib.sk).pdf , page394 used on input line 1857.
(luatex.def)             Requested size: 435.95395pt x 687.24913pt.
 [792

</Volumes/SSD_LPF/sonicSolver/sonicSolver/papers/book/Frontiers of computational fluid dynamics 2006 (D. A. Caughey, M. M. Hafez) (z-library.sk, 1lib.sk, z-lib.sk).pdf>] [793

]
</Volumes/SSD_LPF/sonicSolver/sonicSolver/papers/book/Frontiers of computational fluid dynamics 2006 (D. A. Caughey, M. M. Hafez) (z-library.sk, 1lib.sk, z-lib.sk).pdf, id=5824, page=395, 404.711pt x 641.9985pt>
File: /Volumes/SSD_LPF/sonicSolver/sonicSolver/papers/book/Frontiers of computational fluid dynamics 2006 (D. A. Caughey, M. M. Hafez) (z-library.sk, 1lib.sk, z-lib.sk).pdf Graphic file (type pdf)
<use /Volumes/SSD_LPF/sonicSolver/sonicSolver/papers/book/Frontiers of computational fluid dynamics 2006 (D. A. Caughey, M. M. Hafez) (z-library.sk, 1lib.sk, z-lib.sk).pdf, page 395>
Package luatex.def Info: /Volumes/SSD_LPF/sonicSolver/sonicSolver/papers/book/Frontiers of computational fluid dynamics 2006 (D. A. Caughey, M. M. Hafez) (z-library.sk, 1lib.sk, z-lib.sk).pdf , page395 used on input line 1862.
(luatex.def)             Requested size: 435.95395pt x 691.59456pt.
 [794

</Volumes/SSD_LPF/sonicSolver/sonicSolver/papers/book/Frontiers of computational fluid dynamics 2006 (D. A. Caughey, M. M. Hafez) (z-library.sk, 1lib.sk, z-lib.sk).pdf>] [795

]
</Volumes/SSD_LPF/sonicSolver/sonicSolver/papers/book/Frontiers of computational fluid dynamics 2006 (D. A. Caughey, M. M. Hafez) (z-library.sk, 1lib.sk, z-lib.sk).pdf, id=5837, page=396, 403.38705pt x 642.35884pt>
File: /Volumes/SSD_LPF/sonicSolver/sonicSolver/papers/book/Frontiers of computational fluid dynamics 2006 (D. A. Caughey, M. M. Hafez) (z-library.sk, 1lib.sk, z-lib.sk).pdf Graphic file (type pdf)
<use /Volumes/SSD_LPF/sonicSolver/sonicSolver/papers/book/Frontiers of computational fluid dynamics 2006 (D. A. Caughey, M. M. Hafez) (z-library.sk, 1lib.sk, z-lib.sk).pdf, page 396>
Package luatex.def Info: /Volumes/SSD_LPF/sonicSolver/sonicSolver/papers/book/Frontiers of computational fluid dynamics 2006 (D. A. Caughey, M. M. Hafez) (z-library.sk, 1lib.sk, z-lib.sk).pdf , page396 used on input line 1866.
(luatex.def)             Requested size: 435.95395pt x 694.2371pt.
 [796

</Volumes/SSD_LPF/sonicSolver/sonicSolver/papers/book/Frontiers of computational fluid dynamics 2006 (D. A. Caughey, M. M. Hafez) (z-library.sk, 1lib.sk, z-lib.sk).pdf>] [797

]
</Volumes/SSD_LPF/sonicSolver/sonicSolver/papers/book/Frontiers of computational fluid dynamics 2006 (D. A. Caughey, M. M. Hafez) (z-library.sk, 1lib.sk, z-lib.sk).pdf, id=5851, page=397, 404.59155pt x 643.32245pt>
File: /Volumes/SSD_LPF/sonicSolver/sonicSolver/papers/book/Frontiers of computational fluid dynamics 2006 (D. A. Caughey, M. M. Hafez) (z-library.sk, 1lib.sk, z-lib.sk).pdf Graphic file (type pdf)
<use /Volumes/SSD_LPF/sonicSolver/sonicSolver/papers/book/Frontiers of computational fluid dynamics 2006 (D. A. Caughey, M. M. Hafez) (z-library.sk, 1lib.sk, z-lib.sk).pdf, page 397>
Package luatex.def Info: /Volumes/SSD_LPF/sonicSolver/sonicSolver/papers/book/Frontiers of computational fluid dynamics 2006 (D. A. Caughey, M. M. Hafez) (z-library.sk, 1lib.sk, z-lib.sk).pdf , page397 used on input line 1870.
(luatex.def)             Requested size: 435.95395pt x 693.23674pt.
 [798

</Volumes/SSD_LPF/sonicSolver/sonicSolver/papers/book/Frontiers of computational fluid dynamics 2006 (D. A. Caughey, M. M. Hafez) (z-library.sk, 1lib.sk, z-lib.sk).pdf>] [799

]
</Volumes/SSD_LPF/sonicSolver/sonicSolver/papers/book/Frontiers of computational fluid dynamics 2006 (D. A. Caughey, M. M. Hafez) (z-library.sk, 1lib.sk, z-lib.sk).pdf, id=5865, page=398, 406.03696pt x 643.56435pt>
File: /Volumes/SSD_LPF/sonicSolver/sonicSolver/papers/book/Frontiers of computational fluid dynamics 2006 (D. A. Caughey, M. M. Hafez) (z-library.sk, 1lib.sk, z-lib.sk).pdf Graphic file (type pdf)
<use /Volumes/SSD_LPF/sonicSolver/sonicSolver/papers/book/Frontiers of computational fluid dynamics 2006 (D. A. Caughey, M. M. Hafez) (z-library.sk, 1lib.sk, z-lib.sk).pdf, page 398>
Package luatex.def Info: /Volumes/SSD_LPF/sonicSolver/sonicSolver/papers/book/Frontiers of computational fluid dynamics 2006 (D. A. Caughey, M. M. Hafez) (z-library.sk, 1lib.sk, z-lib.sk).pdf , page398 used on input line 1875.
(luatex.def)             Requested size: 435.95395pt x 690.98349pt.
 [800

</Volumes/SSD_LPF/sonicSolver/sonicSolver/papers/book/Frontiers of computational fluid dynamics 2006 (D. A. Caughey, M. M. Hafez) (z-library.sk, 1lib.sk, z-lib.sk).pdf>] [801

]
</Volumes/SSD_LPF/sonicSolver/sonicSolver/papers/book/Frontiers of computational fluid dynamics 2006 (D. A. Caughey, M. M. Hafez) (z-library.sk, 1lib.sk, z-lib.sk).pdf, id=5879, page=399, 402.90524pt x 642.11896pt>
File: /Volumes/SSD_LPF/sonicSolver/sonicSolver/papers/book/Frontiers of computational fluid dynamics 2006 (D. A. Caughey, M. M. Hafez) (z-library.sk, 1lib.sk, z-lib.sk).pdf Graphic file (type pdf)
<use /Volumes/SSD_LPF/sonicSolver/sonicSolver/papers/book/Frontiers of computational fluid dynamics 2006 (D. A. Caughey, M. M. Hafez) (z-library.sk, 1lib.sk, z-lib.sk).pdf, page 399>
Package luatex.def Info: /Volumes/SSD_LPF/sonicSolver/sonicSolver/papers/book/Frontiers of computational fluid dynamics 2006 (D. A. Caughey, M. M. Hafez) (z-library.sk, 1lib.sk, z-lib.sk).pdf , page399 used on input line 1880.
(luatex.def)             Requested size: 435.95395pt x 694.83026pt.
 [802

</Volumes/SSD_LPF/sonicSolver/sonicSolver/papers/book/Frontiers of computational fluid dynamics 2006 (D. A. Caughey, M. M. Hafez) (z-library.sk, 1lib.sk, z-lib.sk).pdf>] [803

]
</Volumes/SSD_LPF/sonicSolver/sonicSolver/papers/book/Frontiers of computational fluid dynamics 2006 (D. A. Caughey, M. M. Hafez) (z-library.sk, 1lib.sk, z-lib.sk).pdf, id=5893, page=400, 402.90524pt x 642.11896pt>
File: /Volumes/SSD_LPF/sonicSolver/sonicSolver/papers/book/Frontiers of computational fluid dynamics 2006 (D. A. Caughey, M. M. Hafez) (z-library.sk, 1lib.sk, z-lib.sk).pdf Graphic file (type pdf)
<use /Volumes/SSD_LPF/sonicSolver/sonicSolver/papers/book/Frontiers of computational fluid dynamics 2006 (D. A. Caughey, M. M. Hafez) (z-library.sk, 1lib.sk, z-lib.sk).pdf, page 400>
Package luatex.def Info: /Volumes/SSD_LPF/sonicSolver/sonicSolver/papers/book/Frontiers of computational fluid dynamics 2006 (D. A. Caughey, M. M. Hafez) (z-library.sk, 1lib.sk, z-lib.sk).pdf , page400 used on input line 1885.
(luatex.def)             Requested size: 435.95395pt x 694.83026pt.
 [804

</Volumes/SSD_LPF/sonicSolver/sonicSolver/papers/book/Frontiers of computational fluid dynamics 2006 (D. A. Caughey, M. M. Hafez) (z-library.sk, 1lib.sk, z-lib.sk).pdf>] [805

]
</Volumes/SSD_LPF/sonicSolver/sonicSolver/papers/book/Frontiers of computational fluid dynamics 2006 (D. A. Caughey, M. M. Hafez) (z-library.sk, 1lib.sk, z-lib.sk).pdf, id=5906, page=401, 406.03696pt x 643.56435pt>
File: /Volumes/SSD_LPF/sonicSolver/sonicSolver/papers/book/Frontiers of computational fluid dynamics 2006 (D. A. Caughey, M. M. Hafez) (z-library.sk, 1lib.sk, z-lib.sk).pdf Graphic file (type pdf)
<use /Volumes/SSD_LPF/sonicSolver/sonicSolver/papers/book/Frontiers of computational fluid dynamics 2006 (D. A. Caughey, M. M. Hafez) (z-library.sk, 1lib.sk, z-lib.sk).pdf, page 401>
Package luatex.def Info: /Volumes/SSD_LPF/sonicSolver/sonicSolver/papers/book/Frontiers of computational fluid dynamics 2006 (D. A. Caughey, M. M. Hafez) (z-library.sk, 1lib.sk, z-lib.sk).pdf , page401 used on input line 1889.
(luatex.def)             Requested size: 435.95395pt x 690.98349pt.
 [806

</Volumes/SSD_LPF/sonicSolver/sonicSolver/papers/book/Frontiers of computational fluid dynamics 2006 (D. A. Caughey, M. M. Hafez) (z-library.sk, 1lib.sk, z-lib.sk).pdf>] [807

]
</Volumes/SSD_LPF/sonicSolver/sonicSolver/papers/book/Frontiers of computational fluid dynamics 2006 (D. A. Caughey, M. M. Hafez) (z-library.sk, 1lib.sk, z-lib.sk).pdf, id=5922, page=402, 402.0611pt x 640.3112pt>
File: /Volumes/SSD_LPF/sonicSolver/sonicSolver/papers/book/Frontiers of computational fluid dynamics 2006 (D. A. Caughey, M. M. Hafez) (z-library.sk, 1lib.sk, z-lib.sk).pdf Graphic file (type pdf)
<use /Volumes/SSD_LPF/sonicSolver/sonicSolver/papers/book/Frontiers of computational fluid dynamics 2006 (D. A. Caughey, M. M. Hafez) (z-library.sk, 1lib.sk, z-lib.sk).pdf, page 402>
Package luatex.def Info: /Volumes/SSD_LPF/sonicSolver/sonicSolver/papers/book/Frontiers of computational fluid dynamics 2006 (D. A. Caughey, M. M. Hafez) (z-library.sk, 1lib.sk, z-lib.sk).pdf , page402 used on input line 1895.
(luatex.def)             Requested size: 435.95395pt x 694.32988pt.
 [808

</Volumes/SSD_LPF/sonicSolver/sonicSolver/papers/book/Frontiers of computational fluid dynamics 2006 (D. A. Caughey, M. M. Hafez) (z-library.sk, 1lib.sk, z-lib.sk).pdf>] [809

]
</Volumes/SSD_LPF/sonicSolver/sonicSolver/papers/book/Frontiers of computational fluid dynamics 2006 (D. A. Caughey, M. M. Hafez) (z-library.sk, 1lib.sk, z-lib.sk).pdf, id=5936, page=403, 404.10875pt x 642.84065pt>
File: /Volumes/SSD_LPF/sonicSolver/sonicSolver/papers/book/Frontiers of computational fluid dynamics 2006 (D. A. Caughey, M. M. Hafez) (z-library.sk, 1lib.sk, z-lib.sk).pdf Graphic file (type pdf)
<use /Volumes/SSD_LPF/sonicSolver/sonicSolver/papers/book/Frontiers of computational fluid dynamics 2006 (D. A. Caughey, M. M. Hafez) (z-library.sk, 1lib.sk, z-lib.sk).pdf, page 403>
Package luatex.def Info: /Volumes/SSD_LPF/sonicSolver/sonicSolver/papers/book/Frontiers of computational fluid dynamics 2006 (D. A. Caughey, M. M. Hafez) (z-library.sk, 1lib.sk, z-lib.sk).pdf , page403 used on input line 1899.
(luatex.def)             Requested size: 435.95395pt x 693.5219pt.
 [810

</Volumes/SSD_LPF/sonicSolver/sonicSolver/papers/book/Frontiers of computational fluid dynamics 2006 (D. A. Caughey, M. M. Hafez) (z-library.sk, 1lib.sk, z-lib.sk).pdf>] [811

]
</Volumes/SSD_LPF/sonicSolver/sonicSolver/papers/book/Frontiers of computational fluid dynamics 2006 (D. A. Caughey, M. M. Hafez) (z-library.sk, 1lib.sk, z-lib.sk).pdf, id=5950, page=404, 404.10875pt x 642.84065pt>
File: /Volumes/SSD_LPF/sonicSolver/sonicSolver/papers/book/Frontiers of computational fluid dynamics 2006 (D. A. Caughey, M. M. Hafez) (z-library.sk, 1lib.sk, z-lib.sk).pdf Graphic file (type pdf)
<use /Volumes/SSD_LPF/sonicSolver/sonicSolver/papers/book/Frontiers of computational fluid dynamics 2006 (D. A. Caughey, M. M. Hafez) (z-library.sk, 1lib.sk, z-lib.sk).pdf, page 404>
Package luatex.def Info: /Volumes/SSD_LPF/sonicSolver/sonicSolver/papers/book/Frontiers of computational fluid dynamics 2006 (D. A. Caughey, M. M. Hafez) (z-library.sk, 1lib.sk, z-lib.sk).pdf , page404 used on input line 1904.
(luatex.def)             Requested size: 435.95395pt x 693.5219pt.
 [812

</Volumes/SSD_LPF/sonicSolver/sonicSolver/papers/book/Frontiers of computational fluid dynamics 2006 (D. A. Caughey, M. M. Hafez) (z-library.sk, 1lib.sk, z-lib.sk).pdf>] [813

]
</Volumes/SSD_LPF/sonicSolver/sonicSolver/papers/book/Frontiers of computational fluid dynamics 2006 (D. A. Caughey, M. M. Hafez) (z-library.sk, 1lib.sk, z-lib.sk).pdf, id=5964, page=405, 403.38705pt x 642.35884pt>
File: /Volumes/SSD_LPF/sonicSolver/sonicSolver/papers/book/Frontiers of computational fluid dynamics 2006 (D. A. Caughey, M. M. Hafez) (z-library.sk, 1lib.sk, z-lib.sk).pdf Graphic file (type pdf)
<use /Volumes/SSD_LPF/sonicSolver/sonicSolver/papers/book/Frontiers of computational fluid dynamics 2006 (D. A. Caughey, M. M. Hafez) (z-library.sk, 1lib.sk, z-lib.sk).pdf, page 405>
Package luatex.def Info: /Volumes/SSD_LPF/sonicSolver/sonicSolver/papers/book/Frontiers of computational fluid dynamics 2006 (D. A. Caughey, M. M. Hafez) (z-library.sk, 1lib.sk, z-lib.sk).pdf , page405 used on input line 1909.
(luatex.def)             Requested size: 435.95395pt x 694.2371pt.
 [814

</Volumes/SSD_LPF/sonicSolver/sonicSolver/papers/book/Frontiers of computational fluid dynamics 2006 (D. A. Caughey, M. M. Hafez) (z-library.sk, 1lib.sk, z-lib.sk).pdf>] [815

]
</Volumes/SSD_LPF/sonicSolver/sonicSolver/papers/book/Frontiers of computational fluid dynamics 2006 (D. A. Caughey, M. M. Hafez) (z-library.sk, 1lib.sk, z-lib.sk).pdf, id=5977, page=406, 402.90524pt x 642.11896pt>
File: /Volumes/SSD_LPF/sonicSolver/sonicSolver/papers/book/Frontiers of computational fluid dynamics 2006 (D. A. Caughey, M. M. Hafez) (z-library.sk, 1lib.sk, z-lib.sk).pdf Graphic file (type pdf)
<use /Volumes/SSD_LPF/sonicSolver/sonicSolver/papers/book/Frontiers of computational fluid dynamics 2006 (D. A. Caughey, M. M. Hafez) (z-library.sk, 1lib.sk, z-lib.sk).pdf, page 406>
Package luatex.def Info: /Volumes/SSD_LPF/sonicSolver/sonicSolver/papers/book/Frontiers of computational fluid dynamics 2006 (D. A. Caughey, M. M. Hafez) (z-library.sk, 1lib.sk, z-lib.sk).pdf , page406 used on input line 1913.
(luatex.def)             Requested size: 435.95395pt x 694.83026pt.
 [816

</Volumes/SSD_LPF/sonicSolver/sonicSolver/papers/book/Frontiers of computational fluid dynamics 2006 (D. A. Caughey, M. M. Hafez) (z-library.sk, 1lib.sk, z-lib.sk).pdf>] [817

]
</Volumes/SSD_LPF/sonicSolver/sonicSolver/papers/book/Frontiers of computational fluid dynamics 2006 (D. A. Caughey, M. M. Hafez) (z-library.sk, 1lib.sk, z-lib.sk).pdf, id=5991, page=407, 402.90524pt x 642.11896pt>
File: /Volumes/SSD_LPF/sonicSolver/sonicSolver/papers/book/Frontiers of computational fluid dynamics 2006 (D. A. Caughey, M. M. Hafez) (z-library.sk, 1lib.sk, z-lib.sk).pdf Graphic file (type pdf)
<use /Volumes/SSD_LPF/sonicSolver/sonicSolver/papers/book/Frontiers of computational fluid dynamics 2006 (D. A. Caughey, M. M. Hafez) (z-library.sk, 1lib.sk, z-lib.sk).pdf, page 407>
Package luatex.def Info: /Volumes/SSD_LPF/sonicSolver/sonicSolver/papers/book/Frontiers of computational fluid dynamics 2006 (D. A. Caughey, M. M. Hafez) (z-library.sk, 1lib.sk, z-lib.sk).pdf , page407 used on input line 1917.
(luatex.def)             Requested size: 435.95395pt x 694.83026pt.
 [818

</Volumes/SSD_LPF/sonicSolver/sonicSolver/papers/book/Frontiers of computational fluid dynamics 2006 (D. A. Caughey, M. M. Hafez) (z-library.sk, 1lib.sk, z-lib.sk).pdf>] [819

]
</Volumes/SSD_LPF/sonicSolver/sonicSolver/papers/book/Frontiers of computational fluid dynamics 2006 (D. A. Caughey, M. M. Hafez) (z-library.sk, 1lib.sk, z-lib.sk).pdf, id=6006, page=408, 404.59155pt x 643.32245pt>
File: /Volumes/SSD_LPF/sonicSolver/sonicSolver/papers/book/Frontiers of computational fluid dynamics 2006 (D. A. Caughey, M. M. Hafez) (z-library.sk, 1lib.sk, z-lib.sk).pdf Graphic file (type pdf)
<use /Volumes/SSD_LPF/sonicSolver/sonicSolver/papers/book/Frontiers of computational fluid dynamics 2006 (D. A. Caughey, M. M. Hafez) (z-library.sk, 1lib.sk, z-lib.sk).pdf, page 408>
Package luatex.def Info: /Volumes/SSD_LPF/sonicSolver/sonicSolver/papers/book/Frontiers of computational fluid dynamics 2006 (D. A. Caughey, M. M. Hafez) (z-library.sk, 1lib.sk, z-lib.sk).pdf , page408 used on input line 1923.
(luatex.def)             Requested size: 435.95395pt x 693.23674pt.
 [820

</Volumes/SSD_LPF/sonicSolver/sonicSolver/papers/book/Frontiers of computational fluid dynamics 2006 (D. A. Caughey, M. M. Hafez) (z-library.sk, 1lib.sk, z-lib.sk).pdf>] [821

]
</Volumes/SSD_LPF/sonicSolver/sonicSolver/papers/book/Frontiers of computational fluid dynamics 2006 (D. A. Caughey, M. M. Hafez) (z-library.sk, 1lib.sk, z-lib.sk).pdf, id=6019, page=409, 406.51875pt x 644.52695pt>
File: /Volumes/SSD_LPF/sonicSolver/sonicSolver/papers/book/Frontiers of computational fluid dynamics 2006 (D. A. Caughey, M. M. Hafez) (z-library.sk, 1lib.sk, z-lib.sk).pdf Graphic file (type pdf)
<use /Volumes/SSD_LPF/sonicSolver/sonicSolver/papers/book/Frontiers of computational fluid dynamics 2006 (D. A. Caughey, M. M. Hafez) (z-library.sk, 1lib.sk, z-lib.sk).pdf, page 409>
Package luatex.def Info: /Volumes/SSD_LPF/sonicSolver/sonicSolver/papers/book/Frontiers of computational fluid dynamics 2006 (D. A. Caughey, M. M. Hafez) (z-library.sk, 1lib.sk, z-lib.sk).pdf , page409 used on input line 1927.
(luatex.def)             Requested size: 435.95395pt x 691.2204pt.
 [822

</Volumes/SSD_LPF/sonicSolver/sonicSolver/papers/book/Frontiers of computational fluid dynamics 2006 (D. A. Caughey, M. M. Hafez) (z-library.sk, 1lib.sk, z-lib.sk).pdf>] [823

]
</Volumes/SSD_LPF/sonicSolver/sonicSolver/papers/book/Frontiers of computational fluid dynamics 2006 (D. A. Caughey, M. M. Hafez) (z-library.sk, 1lib.sk, z-lib.sk).pdf, id=6034, page=410, 402.90524pt x 642.11896pt>
File: /Volumes/SSD_LPF/sonicSolver/sonicSolver/papers/book/Frontiers of computational fluid dynamics 2006 (D. A. Caughey, M. M. Hafez) (z-library.sk, 1lib.sk, z-lib.sk).pdf Graphic file (type pdf)
<use /Volumes/SSD_LPF/sonicSolver/sonicSolver/papers/book/Frontiers of computational fluid dynamics 2006 (D. A. Caughey, M. M. Hafez) (z-library.sk, 1lib.sk, z-lib.sk).pdf, page 410>
Package luatex.def Info: /Volumes/SSD_LPF/sonicSolver/sonicSolver/papers/book/Frontiers of computational fluid dynamics 2006 (D. A. Caughey, M. M. Hafez) (z-library.sk, 1lib.sk, z-lib.sk).pdf , page410 used on input line 1933.
(luatex.def)             Requested size: 435.95395pt x 694.83026pt.
 [824

</Volumes/SSD_LPF/sonicSolver/sonicSolver/papers/book/Frontiers of computational fluid dynamics 2006 (D. A. Caughey, M. M. Hafez) (z-library.sk, 1lib.sk, z-lib.sk).pdf>] [825

]
</Volumes/SSD_LPF/sonicSolver/sonicSolver/papers/book/Frontiers of computational fluid dynamics 2006 (D. A. Caughey, M. M. Hafez) (z-library.sk, 1lib.sk, z-lib.sk).pdf, id=6047, page=411, 406.51875pt x 644.28705pt>
File: /Volumes/SSD_LPF/sonicSolver/sonicSolver/papers/book/Frontiers of computational fluid dynamics 2006 (D. A. Caughey, M. M. Hafez) (z-library.sk, 1lib.sk, z-lib.sk).pdf Graphic file (type pdf)
<use /Volumes/SSD_LPF/sonicSolver/sonicSolver/papers/book/Frontiers of computational fluid dynamics 2006 (D. A. Caughey, M. M. Hafez) (z-library.sk, 1lib.sk, z-lib.sk).pdf, page 411>
Package luatex.def Info: /Volumes/SSD_LPF/sonicSolver/sonicSolver/papers/book/Frontiers of computational fluid dynamics 2006 (D. A. Caughey, M. M. Hafez) (z-library.sk, 1lib.sk, z-lib.sk).pdf , page411 used on input line 1937.
(luatex.def)             Requested size: 435.95395pt x 690.96313pt.
 [826

</Volumes/SSD_LPF/sonicSolver/sonicSolver/papers/book/Frontiers of computational fluid dynamics 2006 (D. A. Caughey, M. M. Hafez) (z-library.sk, 1lib.sk, z-lib.sk).pdf>] [827

]
</Volumes/SSD_LPF/sonicSolver/sonicSolver/papers/book/Frontiers of computational fluid dynamics 2006 (D. A. Caughey, M. M. Hafez) (z-library.sk, 1lib.sk, z-lib.sk).pdf, id=6061, page=412, 405.1928pt x 641.75659pt>
File: /Volumes/SSD_LPF/sonicSolver/sonicSolver/papers/book/Frontiers of computational fluid dynamics 2006 (D. A. Caughey, M. M. Hafez) (z-library.sk, 1lib.sk, z-lib.sk).pdf Graphic file (type pdf)
<use /Volumes/SSD_LPF/sonicSolver/sonicSolver/papers/book/Frontiers of computational fluid dynamics 2006 (D. A. Caughey, M. M. Hafez) (z-library.sk, 1lib.sk, z-lib.sk).pdf, page 412>
Package luatex.def Info: /Volumes/SSD_LPF/sonicSolver/sonicSolver/papers/book/Frontiers of computational fluid dynamics 2006 (D. A. Caughey, M. M. Hafez) (z-library.sk, 1lib.sk, z-lib.sk).pdf , page412 used on input line 1941.
(luatex.def)             Requested size: 435.95395pt x 690.48201pt.
 [828

</Volumes/SSD_LPF/sonicSolver/sonicSolver/papers/book/Frontiers of computational fluid dynamics 2006 (D. A. Caughey, M. M. Hafez) (z-library.sk, 1lib.sk, z-lib.sk).pdf>] [829

]
</Volumes/SSD_LPF/sonicSolver/sonicSolver/papers/book/Frontiers of computational fluid dynamics 2006 (D. A. Caughey, M. M. Hafez) (z-library.sk, 1lib.sk, z-lib.sk).pdf, id=6075, page=413, 404.711pt x 641.5167pt>
File: /Volumes/SSD_LPF/sonicSolver/sonicSolver/papers/book/Frontiers of computational fluid dynamics 2006 (D. A. Caughey, M. M. Hafez) (z-library.sk, 1lib.sk, z-lib.sk).pdf Graphic file (type pdf)
<use /Volumes/SSD_LPF/sonicSolver/sonicSolver/papers/book/Frontiers of computational fluid dynamics 2006 (D. A. Caughey, M. M. Hafez) (z-library.sk, 1lib.sk, z-lib.sk).pdf, page 413>
Package luatex.def Info: /Volumes/SSD_LPF/sonicSolver/sonicSolver/papers/book/Frontiers of computational fluid dynamics 2006 (D. A. Caughey, M. M. Hafez) (z-library.sk, 1lib.sk, z-lib.sk).pdf , page413 used on input line 1946.
(luatex.def)             Requested size: 435.95395pt x 691.07553pt.
 [830

</Volumes/SSD_LPF/sonicSolver/sonicSolver/papers/book/Frontiers of computational fluid dynamics 2006 (D. A. Caughey, M. M. Hafez) (z-library.sk, 1lib.sk, z-lib.sk).pdf>]
第十八章
[831



]
</Volumes/SSD_LPF/sonicSolver/sonicSolver/papers/book/Frontiers of computational fluid dynamics 2006 (D. A. Caughey, M. M. Hafez) (z-library.sk, 1lib.sk, z-lib.sk).pdf, id=6091, page=414, 407.96315pt x 644.28705pt>
File: /Volumes/SSD_LPF/sonicSolver/sonicSolver/papers/book/Frontiers of computational fluid dynamics 2006 (D. A. Caughey, M. M. Hafez) (z-library.sk, 1lib.sk, z-lib.sk).pdf Graphic file (type pdf)
<use /Volumes/SSD_LPF/sonicSolver/sonicSolver/papers/book/Frontiers of computational fluid dynamics 2006 (D. A. Caughey, M. M. Hafez) (z-library.sk, 1lib.sk, z-lib.sk).pdf, page 414>
Package luatex.def Info: /Volumes/SSD_LPF/sonicSolver/sonicSolver/papers/book/Frontiers of computational fluid dynamics 2006 (D. A. Caughey, M. M. Hafez) (z-library.sk, 1lib.sk, z-lib.sk).pdf , page414 used on input line 1953.
(luatex.def)             Requested size: 435.95395pt x 688.52504pt.
 [832

</Volumes/SSD_LPF/sonicSolver/sonicSolver/papers/book/Frontiers of computational fluid dynamics 2006 (D. A. Caughey, M. M. Hafez) (z-library.sk, 1lib.sk, z-lib.sk).pdf>] [833

]
</Volumes/SSD_LPF/sonicSolver/sonicSolver/papers/book/Frontiers of computational fluid dynamics 2006 (D. A. Caughey, M. M. Hafez) (z-library.sk, 1lib.sk, z-lib.sk).pdf, id=6104, page=415, 406.51875pt x 644.28705pt>
File: /Volumes/SSD_LPF/sonicSolver/sonicSolver/papers/book/Frontiers of computational fluid dynamics 2006 (D. A. Caughey, M. M. Hafez) (z-library.sk, 1lib.sk, z-lib.sk).pdf Graphic file (type pdf)
<use /Volumes/SSD_LPF/sonicSolver/sonicSolver/papers/book/Frontiers of computational fluid dynamics 2006 (D. A. Caughey, M. M. Hafez) (z-library.sk, 1lib.sk, z-lib.sk).pdf, page 415>
Package luatex.def Info: /Volumes/SSD_LPF/sonicSolver/sonicSolver/papers/book/Frontiers of computational fluid dynamics 2006 (D. A. Caughey, M. M. Hafez) (z-library.sk, 1lib.sk, z-lib.sk).pdf , page415 used on input line 1957.
(luatex.def)             Requested size: 435.95395pt x 690.96313pt.
 [834

</Volumes/SSD_LPF/sonicSolver/sonicSolver/papers/book/Frontiers of computational fluid dynamics 2006 (D. A. Caughey, M. M. Hafez) (z-library.sk, 1lib.sk, z-lib.sk).pdf>] [835

]
</Volumes/SSD_LPF/sonicSolver/sonicSolver/papers/book/Frontiers of computational fluid dynamics 2006 (D. A. Caughey, M. M. Hafez) (z-library.sk, 1lib.sk, z-lib.sk).pdf, id=6118, page=416, 401.5793pt x 640.0703pt>
File: /Volumes/SSD_LPF/sonicSolver/sonicSolver/papers/book/Frontiers of computational fluid dynamics 2006 (D. A. Caughey, M. M. Hafez) (z-library.sk, 1lib.sk, z-lib.sk).pdf Graphic file (type pdf)
<use /Volumes/SSD_LPF/sonicSolver/sonicSolver/papers/book/Frontiers of computational fluid dynamics 2006 (D. A. Caughey, M. M. Hafez) (z-library.sk, 1lib.sk, z-lib.sk).pdf, page 416>
Package luatex.def Info: /Volumes/SSD_LPF/sonicSolver/sonicSolver/papers/book/Frontiers of computational fluid dynamics 2006 (D. A. Caughey, M. M. Hafez) (z-library.sk, 1lib.sk, z-lib.sk).pdf , page416 used on input line 1962.
(luatex.def)             Requested size: 435.95395pt x 694.87929pt.
 [836

</Volumes/SSD_LPF/sonicSolver/sonicSolver/papers/book/Frontiers of computational fluid dynamics 2006 (D. A. Caughey, M. M. Hafez) (z-library.sk, 1lib.sk, z-lib.sk).pdf>] [837

]
</Volumes/SSD_LPF/sonicSolver/sonicSolver/papers/book/Frontiers of computational fluid dynamics 2006 (D. A. Caughey, M. M. Hafez) (z-library.sk, 1lib.sk, z-lib.sk).pdf, id=6132, page=417, 404.711pt x 641.5167pt>
File: /Volumes/SSD_LPF/sonicSolver/sonicSolver/papers/book/Frontiers of computational fluid dynamics 2006 (D. A. Caughey, M. M. Hafez) (z-library.sk, 1lib.sk, z-lib.sk).pdf Graphic file (type pdf)
<use /Volumes/SSD_LPF/sonicSolver/sonicSolver/papers/book/Frontiers of computational fluid dynamics 2006 (D. A. Caughey, M. M. Hafez) (z-library.sk, 1lib.sk, z-lib.sk).pdf, page 417>
Package luatex.def Info: /Volumes/SSD_LPF/sonicSolver/sonicSolver/papers/book/Frontiers of computational fluid dynamics 2006 (D. A. Caughey, M. M. Hafez) (z-library.sk, 1lib.sk, z-lib.sk).pdf , page417 used on input line 1966.
(luatex.def)             Requested size: 435.95395pt x 691.07553pt.
 [838

</Volumes/SSD_LPF/sonicSolver/sonicSolver/papers/book/Frontiers of computational fluid dynamics 2006 (D. A. Caughey, M. M. Hafez) (z-library.sk, 1lib.sk, z-lib.sk).pdf>] [839

]
</Volumes/SSD_LPF/sonicSolver/sonicSolver/papers/book/Frontiers of computational fluid dynamics 2006 (D. A. Caughey, M. M. Hafez) (z-library.sk, 1lib.sk, z-lib.sk).pdf, id=6146, page=418, 404.10875pt x 642.84065pt>
File: /Volumes/SSD_LPF/sonicSolver/sonicSolver/papers/book/Frontiers of computational fluid dynamics 2006 (D. A. Caughey, M. M. Hafez) (z-library.sk, 1lib.sk, z-lib.sk).pdf Graphic file (type pdf)
<use /Volumes/SSD_LPF/sonicSolver/sonicSolver/papers/book/Frontiers of computational fluid dynamics 2006 (D. A. Caughey, M. M. Hafez) (z-library.sk, 1lib.sk, z-lib.sk).pdf, page 418>
Package luatex.def Info: /Volumes/SSD_LPF/sonicSolver/sonicSolver/papers/book/Frontiers of computational fluid dynamics 2006 (D. A. Caughey, M. M. Hafez) (z-library.sk, 1lib.sk, z-lib.sk).pdf , page418 used on input line 1971.
(luatex.def)             Requested size: 435.95395pt x 693.5219pt.
 [840

</Volumes/SSD_LPF/sonicSolver/sonicSolver/papers/book/Frontiers of computational fluid dynamics 2006 (D. A. Caughey, M. M. Hafez) (z-library.sk, 1lib.sk, z-lib.sk).pdf>] [841

]
</Volumes/SSD_LPF/sonicSolver/sonicSolver/papers/book/Frontiers of computational fluid dynamics 2006 (D. A. Caughey, M. M. Hafez) (z-library.sk, 1lib.sk, z-lib.sk).pdf, id=6160, page=419, 402.0611pt x 640.3112pt>
File: /Volumes/SSD_LPF/sonicSolver/sonicSolver/papers/book/Frontiers of computational fluid dynamics 2006 (D. A. Caughey, M. M. Hafez) (z-library.sk, 1lib.sk, z-lib.sk).pdf Graphic file (type pdf)
<use /Volumes/SSD_LPF/sonicSolver/sonicSolver/papers/book/Frontiers of computational fluid dynamics 2006 (D. A. Caughey, M. M. Hafez) (z-library.sk, 1lib.sk, z-lib.sk).pdf, page 419>
Package luatex.def Info: /Volumes/SSD_LPF/sonicSolver/sonicSolver/papers/book/Frontiers of computational fluid dynamics 2006 (D. A. Caughey, M. M. Hafez) (z-library.sk, 1lib.sk, z-lib.sk).pdf , page419 used on input line 1976.
(luatex.def)             Requested size: 435.95395pt x 694.32988pt.
 [842

</Volumes/SSD_LPF/sonicSolver/sonicSolver/papers/book/Frontiers of computational fluid dynamics 2006 (D. A. Caughey, M. M. Hafez) (z-library.sk, 1lib.sk, z-lib.sk).pdf>] [843

]
</Volumes/SSD_LPF/sonicSolver/sonicSolver/papers/book/Frontiers of computational fluid dynamics 2006 (D. A. Caughey, M. M. Hafez) (z-library.sk, 1lib.sk, z-lib.sk).pdf, id=6173, page=420, 407.96315pt x 644.28705pt>
File: /Volumes/SSD_LPF/sonicSolver/sonicSolver/papers/book/Frontiers of computational fluid dynamics 2006 (D. A. Caughey, M. M. Hafez) (z-library.sk, 1lib.sk, z-lib.sk).pdf Graphic file (type pdf)
<use /Volumes/SSD_LPF/sonicSolver/sonicSolver/papers/book/Frontiers of computational fluid dynamics 2006 (D. A. Caughey, M. M. Hafez) (z-library.sk, 1lib.sk, z-lib.sk).pdf, page 420>
Package luatex.def Info: /Volumes/SSD_LPF/sonicSolver/sonicSolver/papers/book/Frontiers of computational fluid dynamics 2006 (D. A. Caughey, M. M. Hafez) (z-library.sk, 1lib.sk, z-lib.sk).pdf , page420 used on input line 1980.
(luatex.def)             Requested size: 435.95395pt x 688.52504pt.
 [844

</Volumes/SSD_LPF/sonicSolver/sonicSolver/papers/book/Frontiers of computational fluid dynamics 2006 (D. A. Caughey, M. M. Hafez) (z-library.sk, 1lib.sk, z-lib.sk).pdf>] [845

]
</Volumes/SSD_LPF/sonicSolver/sonicSolver/papers/book/Frontiers of computational fluid dynamics 2006 (D. A. Caughey, M. M. Hafez) (z-library.sk, 1lib.sk, z-lib.sk).pdf, id=6187, page=421, 401.5793pt x 640.0703pt>
File: /Volumes/SSD_LPF/sonicSolver/sonicSolver/papers/book/Frontiers of computational fluid dynamics 2006 (D. A. Caughey, M. M. Hafez) (z-library.sk, 1lib.sk, z-lib.sk).pdf Graphic file (type pdf)
<use /Volumes/SSD_LPF/sonicSolver/sonicSolver/papers/book/Frontiers of computational fluid dynamics 2006 (D. A. Caughey, M. M. Hafez) (z-library.sk, 1lib.sk, z-lib.sk).pdf, page 421>
Package luatex.def Info: /Volumes/SSD_LPF/sonicSolver/sonicSolver/papers/book/Frontiers of computational fluid dynamics 2006 (D. A. Caughey, M. M. Hafez) (z-library.sk, 1lib.sk, z-lib.sk).pdf , page421 used on input line 1985.
(luatex.def)             Requested size: 435.95395pt x 694.87929pt.
 [846

</Volumes/SSD_LPF/sonicSolver/sonicSolver/papers/book/Frontiers of computational fluid dynamics 2006 (D. A. Caughey, M. M. Hafez) (z-library.sk, 1lib.sk, z-lib.sk).pdf>] [847

]
</Volumes/SSD_LPF/sonicSolver/sonicSolver/papers/book/Frontiers of computational fluid dynamics 2006 (D. A. Caughey, M. M. Hafez) (z-library.sk, 1lib.sk, z-lib.sk).pdf, id=6201, page=422, 402.90524pt x 642.11896pt>
File: /Volumes/SSD_LPF/sonicSolver/sonicSolver/papers/book/Frontiers of computational fluid dynamics 2006 (D. A. Caughey, M. M. Hafez) (z-library.sk, 1lib.sk, z-lib.sk).pdf Graphic file (type pdf)
<use /Volumes/SSD_LPF/sonicSolver/sonicSolver/papers/book/Frontiers of computational fluid dynamics 2006 (D. A. Caughey, M. M. Hafez) (z-library.sk, 1lib.sk, z-lib.sk).pdf, page 422>
Package luatex.def Info: /Volumes/SSD_LPF/sonicSolver/sonicSolver/papers/book/Frontiers of computational fluid dynamics 2006 (D. A. Caughey, M. M. Hafez) (z-library.sk, 1lib.sk, z-lib.sk).pdf , page422 used on input line 1989.
(luatex.def)             Requested size: 435.95395pt x 694.83026pt.
 [848

</Volumes/SSD_LPF/sonicSolver/sonicSolver/papers/book/Frontiers of computational fluid dynamics 2006 (D. A. Caughey, M. M. Hafez) (z-library.sk, 1lib.sk, z-lib.sk).pdf>] [849

]
</Volumes/SSD_LPF/sonicSolver/sonicSolver/papers/book/Frontiers of computational fluid dynamics 2006 (D. A. Caughey, M. M. Hafez) (z-library.sk, 1lib.sk, z-lib.sk).pdf, id=6215, page=423, 404.711pt x 641.5167pt>
File: /Volumes/SSD_LPF/sonicSolver/sonicSolver/papers/book/Frontiers of computational fluid dynamics 2006 (D. A. Caughey, M. M. Hafez) (z-library.sk, 1lib.sk, z-lib.sk).pdf Graphic file (type pdf)
<use /Volumes/SSD_LPF/sonicSolver/sonicSolver/papers/book/Frontiers of computational fluid dynamics 2006 (D. A. Caughey, M. M. Hafez) (z-library.sk, 1lib.sk, z-lib.sk).pdf, page 423>
Package luatex.def Info: /Volumes/SSD_LPF/sonicSolver/sonicSolver/papers/book/Frontiers of computational fluid dynamics 2006 (D. A. Caughey, M. M. Hafez) (z-library.sk, 1lib.sk, z-lib.sk).pdf , page423 used on input line 1994.
(luatex.def)             Requested size: 435.95395pt x 691.07553pt.
 [850

</Volumes/SSD_LPF/sonicSolver/sonicSolver/papers/book/Frontiers of computational fluid dynamics 2006 (D. A. Caughey, M. M. Hafez) (z-library.sk, 1lib.sk, z-lib.sk).pdf>] [851

]
</Volumes/SSD_LPF/sonicSolver/sonicSolver/papers/book/Frontiers of computational fluid dynamics 2006 (D. A. Caughey, M. M. Hafez) (z-library.sk, 1lib.sk, z-lib.sk).pdf, id=6230, page=424, 402.90524pt x 642.11896pt>
File: /Volumes/SSD_LPF/sonicSolver/sonicSolver/papers/book/Frontiers of computational fluid dynamics 2006 (D. A. Caughey, M. M. Hafez) (z-library.sk, 1lib.sk, z-lib.sk).pdf Graphic file (type pdf)
<use /Volumes/SSD_LPF/sonicSolver/sonicSolver/papers/book/Frontiers of computational fluid dynamics 2006 (D. A. Caughey, M. M. Hafez) (z-library.sk, 1lib.sk, z-lib.sk).pdf, page 424>
Package luatex.def Info: /Volumes/SSD_LPF/sonicSolver/sonicSolver/papers/book/Frontiers of computational fluid dynamics 2006 (D. A. Caughey, M. M. Hafez) (z-library.sk, 1lib.sk, z-lib.sk).pdf , page424 used on input line 1999.
(luatex.def)             Requested size: 435.95395pt x 694.83026pt.
 [852

</Volumes/SSD_LPF/sonicSolver/sonicSolver/papers/book/Frontiers of computational fluid dynamics 2006 (D. A. Caughey, M. M. Hafez) (z-library.sk, 1lib.sk, z-lib.sk).pdf>] [853

]
</Volumes/SSD_LPF/sonicSolver/sonicSolver/papers/book/Frontiers of computational fluid dynamics 2006 (D. A. Caughey, M. M. Hafez) (z-library.sk, 1lib.sk, z-lib.sk).pdf, id=6244, page=425, 407.24146pt x 644.28705pt>
File: /Volumes/SSD_LPF/sonicSolver/sonicSolver/papers/book/Frontiers of computational fluid dynamics 2006 (D. A. Caughey, M. M. Hafez) (z-library.sk, 1lib.sk, z-lib.sk).pdf Graphic file (type pdf)
<use /Volumes/SSD_LPF/sonicSolver/sonicSolver/papers/book/Frontiers of computational fluid dynamics 2006 (D. A. Caughey, M. M. Hafez) (z-library.sk, 1lib.sk, z-lib.sk).pdf, page 425>
Package luatex.def Info: /Volumes/SSD_LPF/sonicSolver/sonicSolver/papers/book/Frontiers of computational fluid dynamics 2006 (D. A. Caughey, M. M. Hafez) (z-library.sk, 1lib.sk, z-lib.sk).pdf , page425 used on input line 2004.
(luatex.def)             Requested size: 435.95395pt x 689.7441pt.
 [854

</Volumes/SSD_LPF/sonicSolver/sonicSolver/papers/book/Frontiers of computational fluid dynamics 2006 (D. A. Caughey, M. M. Hafez) (z-library.sk, 1lib.sk, z-lib.sk).pdf>] [855

]
</Volumes/SSD_LPF/sonicSolver/sonicSolver/papers/book/Frontiers of computational fluid dynamics 2006 (D. A. Caughey, M. M. Hafez) (z-library.sk, 1lib.sk, z-lib.sk).pdf, id=6258, page=426, 404.59155pt x 643.32245pt>
File: /Volumes/SSD_LPF/sonicSolver/sonicSolver/papers/book/Frontiers of computational fluid dynamics 2006 (D. A. Caughey, M. M. Hafez) (z-library.sk, 1lib.sk, z-lib.sk).pdf Graphic file (type pdf)
<use /Volumes/SSD_LPF/sonicSolver/sonicSolver/papers/book/Frontiers of computational fluid dynamics 2006 (D. A. Caughey, M. M. Hafez) (z-library.sk, 1lib.sk, z-lib.sk).pdf, page 426>
Package luatex.def Info: /Volumes/SSD_LPF/sonicSolver/sonicSolver/papers/book/Frontiers of computational fluid dynamics 2006 (D. A. Caughey, M. M. Hafez) (z-library.sk, 1lib.sk, z-lib.sk).pdf , page426 used on input line 2009.
(luatex.def)             Requested size: 435.95395pt x 693.23674pt.
 [856

</Volumes/SSD_LPF/sonicSolver/sonicSolver/papers/book/Frontiers of computational fluid dynamics 2006 (D. A. Caughey, M. M. Hafez) (z-library.sk, 1lib.sk, z-lib.sk).pdf>] [857

]
</Volumes/SSD_LPF/sonicSolver/sonicSolver/papers/book/Frontiers of computational fluid dynamics 2006 (D. A. Caughey, M. M. Hafez) (z-library.sk, 1lib.sk, z-lib.sk).pdf, id=6272, page=427, 402.90524pt x 642.11896pt>
File: /Volumes/SSD_LPF/sonicSolver/sonicSolver/papers/book/Frontiers of computational fluid dynamics 2006 (D. A. Caughey, M. M. Hafez) (z-library.sk, 1lib.sk, z-lib.sk).pdf Graphic file (type pdf)
<use /Volumes/SSD_LPF/sonicSolver/sonicSolver/papers/book/Frontiers of computational fluid dynamics 2006 (D. A. Caughey, M. M. Hafez) (z-library.sk, 1lib.sk, z-lib.sk).pdf, page 427>
Package luatex.def Info: /Volumes/SSD_LPF/sonicSolver/sonicSolver/papers/book/Frontiers of computational fluid dynamics 2006 (D. A. Caughey, M. M. Hafez) (z-library.sk, 1lib.sk, z-lib.sk).pdf , page427 used on input line 2013.
(luatex.def)             Requested size: 435.95395pt x 694.83026pt.
 [858

</Volumes/SSD_LPF/sonicSolver/sonicSolver/papers/book/Frontiers of computational fluid dynamics 2006 (D. A. Caughey, M. M. Hafez) (z-library.sk, 1lib.sk, z-lib.sk).pdf>] [859

]
</Volumes/SSD_LPF/sonicSolver/sonicSolver/papers/book/Frontiers of computational fluid dynamics 2006 (D. A. Caughey, M. M. Hafez) (z-library.sk, 1lib.sk, z-lib.sk).pdf, id=6285, page=428, 404.59155pt x 643.32245pt>
File: /Volumes/SSD_LPF/sonicSolver/sonicSolver/papers/book/Frontiers of computational fluid dynamics 2006 (D. A. Caughey, M. M. Hafez) (z-library.sk, 1lib.sk, z-lib.sk).pdf Graphic file (type pdf)
<use /Volumes/SSD_LPF/sonicSolver/sonicSolver/papers/book/Frontiers of computational fluid dynamics 2006 (D. A. Caughey, M. M. Hafez) (z-library.sk, 1lib.sk, z-lib.sk).pdf, page 428>
Package luatex.def Info: /Volumes/SSD_LPF/sonicSolver/sonicSolver/papers/book/Frontiers of computational fluid dynamics 2006 (D. A. Caughey, M. M. Hafez) (z-library.sk, 1lib.sk, z-lib.sk).pdf , page428 used on input line 2017.
(luatex.def)             Requested size: 435.95395pt x 693.23674pt.
 [860

</Volumes/SSD_LPF/sonicSolver/sonicSolver/papers/book/Frontiers of computational fluid dynamics 2006 (D. A. Caughey, M. M. Hafez) (z-library.sk, 1lib.sk, z-lib.sk).pdf>] [861

]
</Volumes/SSD_LPF/sonicSolver/sonicSolver/papers/book/Frontiers of computational fluid dynamics 2006 (D. A. Caughey, M. M. Hafez) (z-library.sk, 1lib.sk, z-lib.sk).pdf, id=6299, page=429, 404.10875pt x 642.84065pt>
File: /Volumes/SSD_LPF/sonicSolver/sonicSolver/papers/book/Frontiers of computational fluid dynamics 2006 (D. A. Caughey, M. M. Hafez) (z-library.sk, 1lib.sk, z-lib.sk).pdf Graphic file (type pdf)
<use /Volumes/SSD_LPF/sonicSolver/sonicSolver/papers/book/Frontiers of computational fluid dynamics 2006 (D. A. Caughey, M. M. Hafez) (z-library.sk, 1lib.sk, z-lib.sk).pdf, page 429>
Package luatex.def Info: /Volumes/SSD_LPF/sonicSolver/sonicSolver/papers/book/Frontiers of computational fluid dynamics 2006 (D. A. Caughey, M. M. Hafez) (z-library.sk, 1lib.sk, z-lib.sk).pdf , page429 used on input line 2022.
(luatex.def)             Requested size: 435.95395pt x 693.5219pt.
 [862

</Volumes/SSD_LPF/sonicSolver/sonicSolver/papers/book/Frontiers of computational fluid dynamics 2006 (D. A. Caughey, M. M. Hafez) (z-library.sk, 1lib.sk, z-lib.sk).pdf>] [863

]
</Volumes/SSD_LPF/sonicSolver/sonicSolver/papers/book/Frontiers of computational fluid dynamics 2006 (D. A. Caughey, M. M. Hafez) (z-library.sk, 1lib.sk, z-lib.sk).pdf, id=6312, page=430, 402.90524pt x 642.11896pt>
File: /Volumes/SSD_LPF/sonicSolver/sonicSolver/papers/book/Frontiers of computational fluid dynamics 2006 (D. A. Caughey, M. M. Hafez) (z-library.sk, 1lib.sk, z-lib.sk).pdf Graphic file (type pdf)
<use /Volumes/SSD_LPF/sonicSolver/sonicSolver/papers/book/Frontiers of computational fluid dynamics 2006 (D. A. Caughey, M. M. Hafez) (z-library.sk, 1lib.sk, z-lib.sk).pdf, page 430>
Package luatex.def Info: /Volumes/SSD_LPF/sonicSolver/sonicSolver/papers/book/Frontiers of computational fluid dynamics 2006 (D. A. Caughey, M. M. Hafez) (z-library.sk, 1lib.sk, z-lib.sk).pdf , page430 used on input line 2026.
(luatex.def)             Requested size: 435.95395pt x 694.83026pt.
 [864

</Volumes/SSD_LPF/sonicSolver/sonicSolver/papers/book/Frontiers of computational fluid dynamics 2006 (D. A. Caughey, M. M. Hafez) (z-library.sk, 1lib.sk, z-lib.sk).pdf>] [865

]
</Volumes/SSD_LPF/sonicSolver/sonicSolver/papers/book/Frontiers of computational fluid dynamics 2006 (D. A. Caughey, M. M. Hafez) (z-library.sk, 1lib.sk, z-lib.sk).pdf, id=6325, page=431, 403.38705pt x 642.35884pt>
File: /Volumes/SSD_LPF/sonicSolver/sonicSolver/papers/book/Frontiers of computational fluid dynamics 2006 (D. A. Caughey, M. M. Hafez) (z-library.sk, 1lib.sk, z-lib.sk).pdf Graphic file (type pdf)
<use /Volumes/SSD_LPF/sonicSolver/sonicSolver/papers/book/Frontiers of computational fluid dynamics 2006 (D. A. Caughey, M. M. Hafez) (z-library.sk, 1lib.sk, z-lib.sk).pdf, page 431>
Package luatex.def Info: /Volumes/SSD_LPF/sonicSolver/sonicSolver/papers/book/Frontiers of computational fluid dynamics 2006 (D. A. Caughey, M. M. Hafez) (z-library.sk, 1lib.sk, z-lib.sk).pdf , page431 used on input line 2030.
(luatex.def)             Requested size: 435.95395pt x 694.2371pt.
 [866

</Volumes/SSD_LPF/sonicSolver/sonicSolver/papers/book/Frontiers of computational fluid dynamics 2006 (D. A. Caughey, M. M. Hafez) (z-library.sk, 1lib.sk, z-lib.sk).pdf>] [867

]
</Volumes/SSD_LPF/sonicSolver/sonicSolver/papers/book/Frontiers of computational fluid dynamics 2006 (D. A. Caughey, M. M. Hafez) (z-library.sk, 1lib.sk, z-lib.sk).pdf, id=6340, page=432, 402.90524pt x 642.11896pt>
File: /Volumes/SSD_LPF/sonicSolver/sonicSolver/papers/book/Frontiers of computational fluid dynamics 2006 (D. A. Caughey, M. M. Hafez) (z-library.sk, 1lib.sk, z-lib.sk).pdf Graphic file (type pdf)
<use /Volumes/SSD_LPF/sonicSolver/sonicSolver/papers/book/Frontiers of computational fluid dynamics 2006 (D. A. Caughey, M. M. Hafez) (z-library.sk, 1lib.sk, z-lib.sk).pdf, page 432>
Package luatex.def Info: /Volumes/SSD_LPF/sonicSolver/sonicSolver/papers/book/Frontiers of computational fluid dynamics 2006 (D. A. Caughey, M. M. Hafez) (z-library.sk, 1lib.sk, z-lib.sk).pdf , page432 used on input line 2035.
(luatex.def)             Requested size: 435.95395pt x 694.83026pt.
 [868

</Volumes/SSD_LPF/sonicSolver/sonicSolver/papers/book/Frontiers of computational fluid dynamics 2006 (D. A. Caughey, M. M. Hafez) (z-library.sk, 1lib.sk, z-lib.sk).pdf>] [869

]
</Volumes/SSD_LPF/sonicSolver/sonicSolver/papers/book/Frontiers of computational fluid dynamics 2006 (D. A. Caughey, M. M. Hafez) (z-library.sk, 1lib.sk, z-lib.sk).pdf, id=6354, page=433, 406.6392pt x 642.2384pt>
File: /Volumes/SSD_LPF/sonicSolver/sonicSolver/papers/book/Frontiers of computational fluid dynamics 2006 (D. A. Caughey, M. M. Hafez) (z-library.sk, 1lib.sk, z-lib.sk).pdf Graphic file (type pdf)
<use /Volumes/SSD_LPF/sonicSolver/sonicSolver/papers/book/Frontiers of computational fluid dynamics 2006 (D. A. Caughey, M. M. Hafez) (z-library.sk, 1lib.sk, z-lib.sk).pdf, page 433>
Package luatex.def Info: /Volumes/SSD_LPF/sonicSolver/sonicSolver/papers/book/Frontiers of computational fluid dynamics 2006 (D. A. Caughey, M. M. Hafez) (z-library.sk, 1lib.sk, z-lib.sk).pdf , page433 used on input line 2040.
(luatex.def)             Requested size: 435.95395pt x 688.55048pt.
 [870

</Volumes/SSD_LPF/sonicSolver/sonicSolver/papers/book/Frontiers of computational fluid dynamics 2006 (D. A. Caughey, M. M. Hafez) (z-library.sk, 1lib.sk, z-lib.sk).pdf>] [871

]
</Volumes/SSD_LPF/sonicSolver/sonicSolver/papers/book/Frontiers of computational fluid dynamics 2006 (D. A. Caughey, M. M. Hafez) (z-library.sk, 1lib.sk, z-lib.sk).pdf, id=6369, page=434, 406.51875pt x 644.04515pt>
File: /Volumes/SSD_LPF/sonicSolver/sonicSolver/papers/book/Frontiers of computational fluid dynamics 2006 (D. A. Caughey, M. M. Hafez) (z-library.sk, 1lib.sk, z-lib.sk).pdf Graphic file (type pdf)
<use /Volumes/SSD_LPF/sonicSolver/sonicSolver/papers/book/Frontiers of computational fluid dynamics 2006 (D. A. Caughey, M. M. Hafez) (z-library.sk, 1lib.sk, z-lib.sk).pdf, page 434>
Package luatex.def Info: /Volumes/SSD_LPF/sonicSolver/sonicSolver/papers/book/Frontiers of computational fluid dynamics 2006 (D. A. Caughey, M. M. Hafez) (z-library.sk, 1lib.sk, z-lib.sk).pdf , page434 used on input line 2045.
(luatex.def)             Requested size: 435.95395pt x 690.70369pt.
 [872

</Volumes/SSD_LPF/sonicSolver/sonicSolver/papers/book/Frontiers of computational fluid dynamics 2006 (D. A. Caughey, M. M. Hafez) (z-library.sk, 1lib.sk, z-lib.sk).pdf>] [873

]
</Volumes/SSD_LPF/sonicSolver/sonicSolver/papers/book/Frontiers of computational fluid dynamics 2006 (D. A. Caughey, M. M. Hafez) (z-library.sk, 1lib.sk, z-lib.sk).pdf, id=6382, page=435, 404.10875pt x 642.84065pt>
File: /Volumes/SSD_LPF/sonicSolver/sonicSolver/papers/book/Frontiers of computational fluid dynamics 2006 (D. A. Caughey, M. M. Hafez) (z-library.sk, 1lib.sk, z-lib.sk).pdf Graphic file (type pdf)
<use /Volumes/SSD_LPF/sonicSolver/sonicSolver/papers/book/Frontiers of computational fluid dynamics 2006 (D. A. Caughey, M. M. Hafez) (z-library.sk, 1lib.sk, z-lib.sk).pdf, page 435>
Package luatex.def Info: /Volumes/SSD_LPF/sonicSolver/sonicSolver/papers/book/Frontiers of computational fluid dynamics 2006 (D. A. Caughey, M. M. Hafez) (z-library.sk, 1lib.sk, z-lib.sk).pdf , page435 used on input line 2049.
(luatex.def)             Requested size: 435.95395pt x 693.5219pt.
 [874

</Volumes/SSD_LPF/sonicSolver/sonicSolver/papers/book/Frontiers of computational fluid dynamics 2006 (D. A. Caughey, M. M. Hafez) (z-library.sk, 1lib.sk, z-lib.sk).pdf>] [875

]
</Volumes/SSD_LPF/sonicSolver/sonicSolver/papers/book/Frontiers of computational fluid dynamics 2006 (D. A. Caughey, M. M. Hafez) (z-library.sk, 1lib.sk, z-lib.sk).pdf, id=6395, page=436, 402.90524pt x 642.11896pt>
File: /Volumes/SSD_LPF/sonicSolver/sonicSolver/papers/book/Frontiers of computational fluid dynamics 2006 (D. A. Caughey, M. M. Hafez) (z-library.sk, 1lib.sk, z-lib.sk).pdf Graphic file (type pdf)
<use /Volumes/SSD_LPF/sonicSolver/sonicSolver/papers/book/Frontiers of computational fluid dynamics 2006 (D. A. Caughey, M. M. Hafez) (z-library.sk, 1lib.sk, z-lib.sk).pdf, page 436>
Package luatex.def Info: /Volumes/SSD_LPF/sonicSolver/sonicSolver/papers/book/Frontiers of computational fluid dynamics 2006 (D. A. Caughey, M. M. Hafez) (z-library.sk, 1lib.sk, z-lib.sk).pdf , page436 used on input line 2053.
(luatex.def)             Requested size: 435.95395pt x 694.83026pt.
 [876

</Volumes/SSD_LPF/sonicSolver/sonicSolver/papers/book/Frontiers of computational fluid dynamics 2006 (D. A. Caughey, M. M. Hafez) (z-library.sk, 1lib.sk, z-lib.sk).pdf>] [877

]
</Volumes/SSD_LPF/sonicSolver/sonicSolver/papers/book/Frontiers of computational fluid dynamics 2006 (D. A. Caughey, M. M. Hafez) (z-library.sk, 1lib.sk, z-lib.sk).pdf, id=6409, page=437, 406.03696pt x 643.56435pt>
File: /Volumes/SSD_LPF/sonicSolver/sonicSolver/papers/book/Frontiers of computational fluid dynamics 2006 (D. A. Caughey, M. M. Hafez) (z-library.sk, 1lib.sk, z-lib.sk).pdf Graphic file (type pdf)
<use /Volumes/SSD_LPF/sonicSolver/sonicSolver/papers/book/Frontiers of computational fluid dynamics 2006 (D. A. Caughey, M. M. Hafez) (z-library.sk, 1lib.sk, z-lib.sk).pdf, page 437>
Package luatex.def Info: /Volumes/SSD_LPF/sonicSolver/sonicSolver/papers/book/Frontiers of computational fluid dynamics 2006 (D. A. Caughey, M. M. Hafez) (z-library.sk, 1lib.sk, z-lib.sk).pdf , page437 used on input line 2057.
(luatex.def)             Requested size: 435.95395pt x 690.98349pt.
 [878

</Volumes/SSD_LPF/sonicSolver/sonicSolver/papers/book/Frontiers of computational fluid dynamics 2006 (D. A. Caughey, M. M. Hafez) (z-library.sk, 1lib.sk, z-lib.sk).pdf>] [879

]
</Volumes/SSD_LPF/sonicSolver/sonicSolver/papers/book/Frontiers of computational fluid dynamics 2006 (D. A. Caughey, M. M. Hafez) (z-library.sk, 1lib.sk, z-lib.sk).pdf, id=6423, page=438, 404.711pt x 641.75659pt>
File: /Volumes/SSD_LPF/sonicSolver/sonicSolver/papers/book/Frontiers of computational fluid dynamics 2006 (D. A. Caughey, M. M. Hafez) (z-library.sk, 1lib.sk, z-lib.sk).pdf Graphic file (type pdf)
<use /Volumes/SSD_LPF/sonicSolver/sonicSolver/papers/book/Frontiers of computational fluid dynamics 2006 (D. A. Caughey, M. M. Hafez) (z-library.sk, 1lib.sk, z-lib.sk).pdf, page 438>
Package luatex.def Info: /Volumes/SSD_LPF/sonicSolver/sonicSolver/papers/book/Frontiers of computational fluid dynamics 2006 (D. A. Caughey, M. M. Hafez) (z-library.sk, 1lib.sk, z-lib.sk).pdf , page438 used on input line 2062.
(luatex.def)             Requested size: 435.95395pt x 691.33395pt.
 [880

</Volumes/SSD_LPF/sonicSolver/sonicSolver/papers/book/Frontiers of computational fluid dynamics 2006 (D. A. Caughey, M. M. Hafez) (z-library.sk, 1lib.sk, z-lib.sk).pdf>] [881

]
</Volumes/SSD_LPF/sonicSolver/sonicSolver/papers/book/Frontiers of computational fluid dynamics 2006 (D. A. Caughey, M. M. Hafez) (z-library.sk, 1lib.sk, z-lib.sk).pdf, id=6436, page=439, 406.03696pt x 643.56435pt>
File: /Volumes/SSD_LPF/sonicSolver/sonicSolver/papers/book/Frontiers of computational fluid dynamics 2006 (D. A. Caughey, M. M. Hafez) (z-library.sk, 1lib.sk, z-lib.sk).pdf Graphic file (type pdf)
<use /Volumes/SSD_LPF/sonicSolver/sonicSolver/papers/book/Frontiers of computational fluid dynamics 2006 (D. A. Caughey, M. M. Hafez) (z-library.sk, 1lib.sk, z-lib.sk).pdf, page 439>
Package luatex.def Info: /Volumes/SSD_LPF/sonicSolver/sonicSolver/papers/book/Frontiers of computational fluid dynamics 2006 (D. A. Caughey, M. M. Hafez) (z-library.sk, 1lib.sk, z-lib.sk).pdf , page439 used on input line 2066.
(luatex.def)             Requested size: 435.95395pt x 690.98349pt.
 [882

</Volumes/SSD_LPF/sonicSolver/sonicSolver/papers/book/Frontiers of computational fluid dynamics 2006 (D. A. Caughey, M. M. Hafez) (z-library.sk, 1lib.sk, z-lib.sk).pdf>]
第十九章
[883



]
</Volumes/SSD_LPF/sonicSolver/sonicSolver/papers/book/Frontiers of computational fluid dynamics 2006 (D. A. Caughey, M. M. Hafez) (z-library.sk, 1lib.sk, z-lib.sk).pdf, id=6451, page=440, 406.03696pt x 644.04515pt>
File: /Volumes/SSD_LPF/sonicSolver/sonicSolver/papers/book/Frontiers of computational fluid dynamics 2006 (D. A. Caughey, M. M. Hafez) (z-library.sk, 1lib.sk, z-lib.sk).pdf Graphic file (type pdf)
<use /Volumes/SSD_LPF/sonicSolver/sonicSolver/papers/book/Frontiers of computational fluid dynamics 2006 (D. A. Caughey, M. M. Hafez) (z-library.sk, 1lib.sk, z-lib.sk).pdf, page 440>
Package luatex.def Info: /Volumes/SSD_LPF/sonicSolver/sonicSolver/papers/book/Frontiers of computational fluid dynamics 2006 (D. A. Caughey, M. M. Hafez) (z-library.sk, 1lib.sk, z-lib.sk).pdf , page440 used on input line 2073.
(luatex.def)             Requested size: 435.95395pt x 691.49971pt.
 [884

</Volumes/SSD_LPF/sonicSolver/sonicSolver/papers/book/Frontiers of computational fluid dynamics 2006 (D. A. Caughey, M. M. Hafez) (z-library.sk, 1lib.sk, z-lib.sk).pdf>] [885

]
</Volumes/SSD_LPF/sonicSolver/sonicSolver/papers/book/Frontiers of computational fluid dynamics 2006 (D. A. Caughey, M. M. Hafez) (z-library.sk, 1lib.sk, z-lib.sk).pdf, id=6465, page=441, 401.5793pt x 640.0703pt>
File: /Volumes/SSD_LPF/sonicSolver/sonicSolver/papers/book/Frontiers of computational fluid dynamics 2006 (D. A. Caughey, M. M. Hafez) (z-library.sk, 1lib.sk, z-lib.sk).pdf Graphic file (type pdf)
<use /Volumes/SSD_LPF/sonicSolver/sonicSolver/papers/book/Frontiers of computational fluid dynamics 2006 (D. A. Caughey, M. M. Hafez) (z-library.sk, 1lib.sk, z-lib.sk).pdf, page 441>
Package luatex.def Info: /Volumes/SSD_LPF/sonicSolver/sonicSolver/papers/book/Frontiers of computational fluid dynamics 2006 (D. A. Caughey, M. M. Hafez) (z-library.sk, 1lib.sk, z-lib.sk).pdf , page441 used on input line 2078.
(luatex.def)             Requested size: 435.95395pt x 694.87929pt.
 [886

</Volumes/SSD_LPF/sonicSolver/sonicSolver/papers/book/Frontiers of computational fluid dynamics 2006 (D. A. Caughey, M. M. Hafez) (z-library.sk, 1lib.sk, z-lib.sk).pdf>] [887

]
</Volumes/SSD_LPF/sonicSolver/sonicSolver/papers/book/Frontiers of computational fluid dynamics 2006 (D. A. Caughey, M. M. Hafez) (z-library.sk, 1lib.sk, z-lib.sk).pdf, id=6481, page=442, 401.5793pt x 640.0703pt>
File: /Volumes/SSD_LPF/sonicSolver/sonicSolver/papers/book/Frontiers of computational fluid dynamics 2006 (D. A. Caughey, M. M. Hafez) (z-library.sk, 1lib.sk, z-lib.sk).pdf Graphic file (type pdf)
<use /Volumes/SSD_LPF/sonicSolver/sonicSolver/papers/book/Frontiers of computational fluid dynamics 2006 (D. A. Caughey, M. M. Hafez) (z-library.sk, 1lib.sk, z-lib.sk).pdf, page 442>
Package luatex.def Info: /Volumes/SSD_LPF/sonicSolver/sonicSolver/papers/book/Frontiers of computational fluid dynamics 2006 (D. A. Caughey, M. M. Hafez) (z-library.sk, 1lib.sk, z-lib.sk).pdf , page442 used on input line 2084.
(luatex.def)             Requested size: 435.95395pt x 694.87929pt.
 [888

</Volumes/SSD_LPF/sonicSolver/sonicSolver/papers/book/Frontiers of computational fluid dynamics 2006 (D. A. Caughey, M. M. Hafez) (z-library.sk, 1lib.sk, z-lib.sk).pdf>] [889

]
</Volumes/SSD_LPF/sonicSolver/sonicSolver/papers/book/Frontiers of computational fluid dynamics 2006 (D. A. Caughey, M. M. Hafez) (z-library.sk, 1lib.sk, z-lib.sk).pdf, id=6494, page=443, 402.0611pt x 640.3112pt>
File: /Volumes/SSD_LPF/sonicSolver/sonicSolver/papers/book/Frontiers of computational fluid dynamics 2006 (D. A. Caughey, M. M. Hafez) (z-library.sk, 1lib.sk, z-lib.sk).pdf Graphic file (type pdf)
<use /Volumes/SSD_LPF/sonicSolver/sonicSolver/papers/book/Frontiers of computational fluid dynamics 2006 (D. A. Caughey, M. M. Hafez) (z-library.sk, 1lib.sk, z-lib.sk).pdf, page 443>
Package luatex.def Info: /Volumes/SSD_LPF/sonicSolver/sonicSolver/papers/book/Frontiers of computational fluid dynamics 2006 (D. A. Caughey, M. M. Hafez) (z-library.sk, 1lib.sk, z-lib.sk).pdf , page443 used on input line 2088.
(luatex.def)             Requested size: 435.95395pt x 694.32988pt.
 [890

</Volumes/SSD_LPF/sonicSolver/sonicSolver/papers/book/Frontiers of computational fluid dynamics 2006 (D. A. Caughey, M. M. Hafez) (z-library.sk, 1lib.sk, z-lib.sk).pdf>] [891

]
</Volumes/SSD_LPF/sonicSolver/sonicSolver/papers/book/Frontiers of computational fluid dynamics 2006 (D. A. Caughey, M. M. Hafez) (z-library.sk, 1lib.sk, z-lib.sk).pdf, id=6508, page=444, 406.03696pt x 644.04515pt>
File: /Volumes/SSD_LPF/sonicSolver/sonicSolver/papers/book/Frontiers of computational fluid dynamics 2006 (D. A. Caughey, M. M. Hafez) (z-library.sk, 1lib.sk, z-lib.sk).pdf Graphic file (type pdf)
<use /Volumes/SSD_LPF/sonicSolver/sonicSolver/papers/book/Frontiers of computational fluid dynamics 2006 (D. A. Caughey, M. M. Hafez) (z-library.sk, 1lib.sk, z-lib.sk).pdf, page 444>
Package luatex.def Info: /Volumes/SSD_LPF/sonicSolver/sonicSolver/papers/book/Frontiers of computational fluid dynamics 2006 (D. A. Caughey, M. M. Hafez) (z-library.sk, 1lib.sk, z-lib.sk).pdf , page444 used on input line 2093.
(luatex.def)             Requested size: 435.95395pt x 691.49971pt.
 [892

</Volumes/SSD_LPF/sonicSolver/sonicSolver/papers/book/Frontiers of computational fluid dynamics 2006 (D. A. Caughey, M. M. Hafez) (z-library.sk, 1lib.sk, z-lib.sk).pdf>] [893

]
</Volumes/SSD_LPF/sonicSolver/sonicSolver/papers/book/Frontiers of computational fluid dynamics 2006 (D. A. Caughey, M. M. Hafez) (z-library.sk, 1lib.sk, z-lib.sk).pdf, id=6522, page=445, 403.2656pt x 641.2748pt>
File: /Volumes/SSD_LPF/sonicSolver/sonicSolver/papers/book/Frontiers of computational fluid dynamics 2006 (D. A. Caughey, M. M. Hafez) (z-library.sk, 1lib.sk, z-lib.sk).pdf Graphic file (type pdf)
<use /Volumes/SSD_LPF/sonicSolver/sonicSolver/papers/book/Frontiers of computational fluid dynamics 2006 (D. A. Caughey, M. M. Hafez) (z-library.sk, 1lib.sk, z-lib.sk).pdf, page 445>
Package luatex.def Info: /Volumes/SSD_LPF/sonicSolver/sonicSolver/papers/book/Frontiers of computational fluid dynamics 2006 (D. A. Caughey, M. M. Hafez) (z-library.sk, 1lib.sk, z-lib.sk).pdf , page445 used on input line 2097.
(luatex.def)             Requested size: 435.95395pt x 693.28078pt.
 [894

</Volumes/SSD_LPF/sonicSolver/sonicSolver/papers/book/Frontiers of computational fluid dynamics 2006 (D. A. Caughey, M. M. Hafez) (z-library.sk, 1lib.sk, z-lib.sk).pdf>] [895

]
</Volumes/SSD_LPF/sonicSolver/sonicSolver/papers/book/Frontiers of computational fluid dynamics 2006 (D. A. Caughey, M. M. Hafez) (z-library.sk, 1lib.sk, z-lib.sk).pdf, id=6537, page=446, 402.0611pt x 640.3112pt>
File: /Volumes/SSD_LPF/sonicSolver/sonicSolver/papers/book/Frontiers of computational fluid dynamics 2006 (D. A. Caughey, M. M. Hafez) (z-library.sk, 1lib.sk, z-lib.sk).pdf Graphic file (type pdf)
<use /Volumes/SSD_LPF/sonicSolver/sonicSolver/papers/book/Frontiers of computational fluid dynamics 2006 (D. A. Caughey, M. M. Hafez) (z-library.sk, 1lib.sk, z-lib.sk).pdf, page 446>
Package luatex.def Info: /Volumes/SSD_LPF/sonicSolver/sonicSolver/papers/book/Frontiers of computational fluid dynamics 2006 (D. A. Caughey, M. M. Hafez) (z-library.sk, 1lib.sk, z-lib.sk).pdf , page446 used on input line 2103.
(luatex.def)             Requested size: 435.95395pt x 694.32988pt.
 [896

</Volumes/SSD_LPF/sonicSolver/sonicSolver/papers/book/Frontiers of computational fluid dynamics 2006 (D. A. Caughey, M. M. Hafez) (z-library.sk, 1lib.sk, z-lib.sk).pdf>] [897

]
</Volumes/SSD_LPF/sonicSolver/sonicSolver/papers/book/Frontiers of computational fluid dynamics 2006 (D. A. Caughey, M. M. Hafez) (z-library.sk, 1lib.sk, z-lib.sk).pdf, id=6551, page=447, 405.9155pt x 642.7202pt>
File: /Volumes/SSD_LPF/sonicSolver/sonicSolver/papers/book/Frontiers of computational fluid dynamics 2006 (D. A. Caughey, M. M. Hafez) (z-library.sk, 1lib.sk, z-lib.sk).pdf Graphic file (type pdf)
<use /Volumes/SSD_LPF/sonicSolver/sonicSolver/papers/book/Frontiers of computational fluid dynamics 2006 (D. A. Caughey, M. M. Hafez) (z-library.sk, 1lib.sk, z-lib.sk).pdf, page 447>
Package luatex.def Info: /Volumes/SSD_LPF/sonicSolver/sonicSolver/papers/book/Frontiers of computational fluid dynamics 2006 (D. A. Caughey, M. M. Hafez) (z-library.sk, 1lib.sk, z-lib.sk).pdf , page447 used on input line 2107.
(luatex.def)             Requested size: 435.95395pt x 690.29291pt.
 [898

</Volumes/SSD_LPF/sonicSolver/sonicSolver/papers/book/Frontiers of computational fluid dynamics 2006 (D. A. Caughey, M. M. Hafez) (z-library.sk, 1lib.sk, z-lib.sk).pdf>] [899

]
</Volumes/SSD_LPF/sonicSolver/sonicSolver/papers/book/Frontiers of computational fluid dynamics 2006 (D. A. Caughey, M. M. Hafez) (z-library.sk, 1lib.sk, z-lib.sk).pdf, id=6564, page=448, 401.5793pt x 640.0703pt>
File: /Volumes/SSD_LPF/sonicSolver/sonicSolver/papers/book/Frontiers of computational fluid dynamics 2006 (D. A. Caughey, M. M. Hafez) (z-library.sk, 1lib.sk, z-lib.sk).pdf Graphic file (type pdf)
<use /Volumes/SSD_LPF/sonicSolver/sonicSolver/papers/book/Frontiers of computational fluid dynamics 2006 (D. A. Caughey, M. M. Hafez) (z-library.sk, 1lib.sk, z-lib.sk).pdf, page 448>
Package luatex.def Info: /Volumes/SSD_LPF/sonicSolver/sonicSolver/papers/book/Frontiers of computational fluid dynamics 2006 (D. A. Caughey, M. M. Hafez) (z-library.sk, 1lib.sk, z-lib.sk).pdf , page448 used on input line 2111.
(luatex.def)             Requested size: 435.95395pt x 694.87929pt.
 [900

</Volumes/SSD_LPF/sonicSolver/sonicSolver/papers/book/Frontiers of computational fluid dynamics 2006 (D. A. Caughey, M. M. Hafez) (z-library.sk, 1lib.sk, z-lib.sk).pdf>] [901

]
</Volumes/SSD_LPF/sonicSolver/sonicSolver/papers/book/Frontiers of computational fluid dynamics 2006 (D. A. Caughey, M. M. Hafez) (z-library.sk, 1lib.sk, z-lib.sk).pdf, id=6577, page=449, 402.90524pt x 642.11896pt>
File: /Volumes/SSD_LPF/sonicSolver/sonicSolver/papers/book/Frontiers of computational fluid dynamics 2006 (D. A. Caughey, M. M. Hafez) (z-library.sk, 1lib.sk, z-lib.sk).pdf Graphic file (type pdf)
<use /Volumes/SSD_LPF/sonicSolver/sonicSolver/papers/book/Frontiers of computational fluid dynamics 2006 (D. A. Caughey, M. M. Hafez) (z-library.sk, 1lib.sk, z-lib.sk).pdf, page 449>
Package luatex.def Info: /Volumes/SSD_LPF/sonicSolver/sonicSolver/papers/book/Frontiers of computational fluid dynamics 2006 (D. A. Caughey, M. M. Hafez) (z-library.sk, 1lib.sk, z-lib.sk).pdf , page449 used on input line 2115.
(luatex.def)             Requested size: 435.95395pt x 694.83026pt.
 [902

</Volumes/SSD_LPF/sonicSolver/sonicSolver/papers/book/Frontiers of computational fluid dynamics 2006 (D. A. Caughey, M. M. Hafez) (z-library.sk, 1lib.sk, z-lib.sk).pdf>] [903



] [904]
</Volumes/SSD_LPF/sonicSolver/sonicSolver/papers/book/Frontiers of computational fluid dynamics 2006 (D. A. Caughey, M. M. Hafez) (z-library.sk, 1lib.sk, z-lib.sk).pdf, id=6594, page=450, 426.63289pt x 654.7662pt>
File: /Volumes/SSD_LPF/sonicSolver/sonicSolver/papers/book/Frontiers of computational fluid dynamics 2006 (D. A. Caughey, M. M. Hafez) (z-library.sk, 1lib.sk, z-lib.sk).pdf Graphic file (type pdf)
<use /Volumes/SSD_LPF/sonicSolver/sonicSolver/papers/book/Frontiers of computational fluid dynamics 2006 (D. A. Caughey, M. M. Hafez) (z-library.sk, 1lib.sk, z-lib.sk).pdf, page 450>
Package luatex.def Info: /Volumes/SSD_LPF/sonicSolver/sonicSolver/papers/book/Frontiers of computational fluid dynamics 2006 (D. A. Caughey, M. M. Hafez) (z-library.sk, 1lib.sk, z-lib.sk).pdf , page450 used on input line 2121.
(luatex.def)             Requested size: 435.95395pt x 669.08157pt.
 [905

</Volumes/SSD_LPF/sonicSolver/sonicSolver/papers/book/Frontiers of computational fluid dynamics 2006 (D. A. Caughey, M. M. Hafez) (z-library.sk, 1lib.sk, z-lib.sk).pdf>] [906

]
</Volumes/SSD_LPF/sonicSolver/sonicSolver/papers/book/Frontiers of computational fluid dynamics 2006 (D. A. Caughey, M. M. Hafez) (z-library.sk, 1lib.sk, z-lib.sk).pdf, id=6607, page=451, 401.5793pt x 640.0703pt>
File: /Volumes/SSD_LPF/sonicSolver/sonicSolver/papers/book/Frontiers of computational fluid dynamics 2006 (D. A. Caughey, M. M. Hafez) (z-library.sk, 1lib.sk, z-lib.sk).pdf Graphic file (type pdf)
<use /Volumes/SSD_LPF/sonicSolver/sonicSolver/papers/book/Frontiers of computational fluid dynamics 2006 (D. A. Caughey, M. M. Hafez) (z-library.sk, 1lib.sk, z-lib.sk).pdf, page 451>
Package luatex.def Info: /Volumes/SSD_LPF/sonicSolver/sonicSolver/papers/book/Frontiers of computational fluid dynamics 2006 (D. A. Caughey, M. M. Hafez) (z-library.sk, 1lib.sk, z-lib.sk).pdf , page451 used on input line 2125.
(luatex.def)             Requested size: 435.95395pt x 694.87929pt.
 [907

</Volumes/SSD_LPF/sonicSolver/sonicSolver/papers/book/Frontiers of computational fluid dynamics 2006 (D. A. Caughey, M. M. Hafez) (z-library.sk, 1lib.sk, z-lib.sk).pdf>]
第二十章
[908



]
</Volumes/SSD_LPF/sonicSolver/sonicSolver/papers/book/Frontiers of computational fluid dynamics 2006 (D. A. Caughey, M. M. Hafez) (z-library.sk, 1lib.sk, z-lib.sk).pdf, id=6622, page=452, 404.10875pt x 642.84065pt>
File: /Volumes/SSD_LPF/sonicSolver/sonicSolver/papers/book/Frontiers of computational fluid dynamics 2006 (D. A. Caughey, M. M. Hafez) (z-library.sk, 1lib.sk, z-lib.sk).pdf Graphic file (type pdf)
<use /Volumes/SSD_LPF/sonicSolver/sonicSolver/papers/book/Frontiers of computational fluid dynamics 2006 (D. A. Caughey, M. M. Hafez) (z-library.sk, 1lib.sk, z-lib.sk).pdf, page 452>
Package luatex.def Info: /Volumes/SSD_LPF/sonicSolver/sonicSolver/papers/book/Frontiers of computational fluid dynamics 2006 (D. A. Caughey, M. M. Hafez) (z-library.sk, 1lib.sk, z-lib.sk).pdf , page452 used on input line 2132.
(luatex.def)             Requested size: 435.95395pt x 693.5219pt.
 [909

</Volumes/SSD_LPF/sonicSolver/sonicSolver/papers/book/Frontiers of computational fluid dynamics 2006 (D. A. Caughey, M. M. Hafez) (z-library.sk, 1lib.sk, z-lib.sk).pdf>] [910

]
</Volumes/SSD_LPF/sonicSolver/sonicSolver/papers/book/Frontiers of computational fluid dynamics 2006 (D. A. Caughey, M. M. Hafez) (z-library.sk, 1lib.sk, z-lib.sk).pdf, id=6636, page=453, 407.96315pt x 644.28705pt>
File: /Volumes/SSD_LPF/sonicSolver/sonicSolver/papers/book/Frontiers of computational fluid dynamics 2006 (D. A. Caughey, M. M. Hafez) (z-library.sk, 1lib.sk, z-lib.sk).pdf Graphic file (type pdf)
<use /Volumes/SSD_LPF/sonicSolver/sonicSolver/papers/book/Frontiers of computational fluid dynamics 2006 (D. A. Caughey, M. M. Hafez) (z-library.sk, 1lib.sk, z-lib.sk).pdf, page 453>
Package luatex.def Info: /Volumes/SSD_LPF/sonicSolver/sonicSolver/papers/book/Frontiers of computational fluid dynamics 2006 (D. A. Caughey, M. M. Hafez) (z-library.sk, 1lib.sk, z-lib.sk).pdf , page453 used on input line 2137.
(luatex.def)             Requested size: 435.95395pt x 688.52504pt.
 [911

</Volumes/SSD_LPF/sonicSolver/sonicSolver/papers/book/Frontiers of computational fluid dynamics 2006 (D. A. Caughey, M. M. Hafez) (z-library.sk, 1lib.sk, z-lib.sk).pdf>] [912

]
</Volumes/SSD_LPF/sonicSolver/sonicSolver/papers/book/Frontiers of computational fluid dynamics 2006 (D. A. Caughey, M. M. Hafez) (z-library.sk, 1lib.sk, z-lib.sk).pdf, id=6650, page=454, 406.03696pt x 643.56435pt>
File: /Volumes/SSD_LPF/sonicSolver/sonicSolver/papers/book/Frontiers of computational fluid dynamics 2006 (D. A. Caughey, M. M. Hafez) (z-library.sk, 1lib.sk, z-lib.sk).pdf Graphic file (type pdf)
<use /Volumes/SSD_LPF/sonicSolver/sonicSolver/papers/book/Frontiers of computational fluid dynamics 2006 (D. A. Caughey, M. M. Hafez) (z-library.sk, 1lib.sk, z-lib.sk).pdf, page 454>
Package luatex.def Info: /Volumes/SSD_LPF/sonicSolver/sonicSolver/papers/book/Frontiers of computational fluid dynamics 2006 (D. A. Caughey, M. M. Hafez) (z-library.sk, 1lib.sk, z-lib.sk).pdf , page454 used on input line 2142.
(luatex.def)             Requested size: 435.95395pt x 690.98349pt.
 [913

</Volumes/SSD_LPF/sonicSolver/sonicSolver/papers/book/Frontiers of computational fluid dynamics 2006 (D. A. Caughey, M. M. Hafez) (z-library.sk, 1lib.sk, z-lib.sk).pdf>] [914

]
</Volumes/SSD_LPF/sonicSolver/sonicSolver/papers/book/Frontiers of computational fluid dynamics 2006 (D. A. Caughey, M. M. Hafez) (z-library.sk, 1lib.sk, z-lib.sk).pdf, id=6664, page=455, 406.51875pt x 644.04515pt>
File: /Volumes/SSD_LPF/sonicSolver/sonicSolver/papers/book/Frontiers of computational fluid dynamics 2006 (D. A. Caughey, M. M. Hafez) (z-library.sk, 1lib.sk, z-lib.sk).pdf Graphic file (type pdf)
<use /Volumes/SSD_LPF/sonicSolver/sonicSolver/papers/book/Frontiers of computational fluid dynamics 2006 (D. A. Caughey, M. M. Hafez) (z-library.sk, 1lib.sk, z-lib.sk).pdf, page 455>
Package luatex.def Info: /Volumes/SSD_LPF/sonicSolver/sonicSolver/papers/book/Frontiers of computational fluid dynamics 2006 (D. A. Caughey, M. M. Hafez) (z-library.sk, 1lib.sk, z-lib.sk).pdf , page455 used on input line 2146.
(luatex.def)             Requested size: 435.95395pt x 690.70369pt.
 [915

</Volumes/SSD_LPF/sonicSolver/sonicSolver/papers/book/Frontiers of computational fluid dynamics 2006 (D. A. Caughey, M. M. Hafez) (z-library.sk, 1lib.sk, z-lib.sk).pdf>] [916

]
</Volumes/SSD_LPF/sonicSolver/sonicSolver/papers/book/Frontiers of computational fluid dynamics 2006 (D. A. Caughey, M. M. Hafez) (z-library.sk, 1lib.sk, z-lib.sk).pdf, id=6677, page=456, 406.03696pt x 643.56435pt>
File: /Volumes/SSD_LPF/sonicSolver/sonicSolver/papers/book/Frontiers of computational fluid dynamics 2006 (D. A. Caughey, M. M. Hafez) (z-library.sk, 1lib.sk, z-lib.sk).pdf Graphic file (type pdf)
<use /Volumes/SSD_LPF/sonicSolver/sonicSolver/papers/book/Frontiers of computational fluid dynamics 2006 (D. A. Caughey, M. M. Hafez) (z-library.sk, 1lib.sk, z-lib.sk).pdf, page 456>
Package luatex.def Info: /Volumes/SSD_LPF/sonicSolver/sonicSolver/papers/book/Frontiers of computational fluid dynamics 2006 (D. A. Caughey, M. M. Hafez) (z-library.sk, 1lib.sk, z-lib.sk).pdf , page456 used on input line 2150.
(luatex.def)             Requested size: 435.95395pt x 690.98349pt.
 [917

</Volumes/SSD_LPF/sonicSolver/sonicSolver/papers/book/Frontiers of computational fluid dynamics 2006 (D. A. Caughey, M. M. Hafez) (z-library.sk, 1lib.sk, z-lib.sk).pdf>] [918

]
</Volumes/SSD_LPF/sonicSolver/sonicSolver/papers/book/Frontiers of computational fluid dynamics 2006 (D. A. Caughey, M. M. Hafez) (z-library.sk, 1lib.sk, z-lib.sk).pdf, id=6693, page=457, 406.03696pt x 643.56435pt>
File: /Volumes/SSD_LPF/sonicSolver/sonicSolver/papers/book/Frontiers of computational fluid dynamics 2006 (D. A. Caughey, M. M. Hafez) (z-library.sk, 1lib.sk, z-lib.sk).pdf Graphic file (type pdf)
<use /Volumes/SSD_LPF/sonicSolver/sonicSolver/papers/book/Frontiers of computational fluid dynamics 2006 (D. A. Caughey, M. M. Hafez) (z-library.sk, 1lib.sk, z-lib.sk).pdf, page 457>
Package luatex.def Info: /Volumes/SSD_LPF/sonicSolver/sonicSolver/papers/book/Frontiers of computational fluid dynamics 2006 (D. A. Caughey, M. M. Hafez) (z-library.sk, 1lib.sk, z-lib.sk).pdf , page457 used on input line 2156.
(luatex.def)             Requested size: 435.95395pt x 690.98349pt.
 [919

</Volumes/SSD_LPF/sonicSolver/sonicSolver/papers/book/Frontiers of computational fluid dynamics 2006 (D. A. Caughey, M. M. Hafez) (z-library.sk, 1lib.sk, z-lib.sk).pdf>] [920

]
</Volumes/SSD_LPF/sonicSolver/sonicSolver/papers/book/Frontiers of computational fluid dynamics 2006 (D. A. Caughey, M. M. Hafez) (z-library.sk, 1lib.sk, z-lib.sk).pdf, id=6707, page=458, 406.03696pt x 644.04515pt>
File: /Volumes/SSD_LPF/sonicSolver/sonicSolver/papers/book/Frontiers of computational fluid dynamics 2006 (D. A. Caughey, M. M. Hafez) (z-library.sk, 1lib.sk, z-lib.sk).pdf Graphic file (type pdf)
<use /Volumes/SSD_LPF/sonicSolver/sonicSolver/papers/book/Frontiers of computational fluid dynamics 2006 (D. A. Caughey, M. M. Hafez) (z-library.sk, 1lib.sk, z-lib.sk).pdf, page 458>
Package luatex.def Info: /Volumes/SSD_LPF/sonicSolver/sonicSolver/papers/book/Frontiers of computational fluid dynamics 2006 (D. A. Caughey, M. M. Hafez) (z-library.sk, 1lib.sk, z-lib.sk).pdf , page458 used on input line 2161.
(luatex.def)             Requested size: 435.95395pt x 691.49971pt.
 [921

</Volumes/SSD_LPF/sonicSolver/sonicSolver/papers/book/Frontiers of computational fluid dynamics 2006 (D. A. Caughey, M. M. Hafez) (z-library.sk, 1lib.sk, z-lib.sk).pdf>] [922

]
</Volumes/SSD_LPF/sonicSolver/sonicSolver/papers/book/Frontiers of computational fluid dynamics 2006 (D. A. Caughey, M. M. Hafez) (z-library.sk, 1lib.sk, z-lib.sk).pdf, id=6723, page=459, 406.03696pt x 643.56435pt>
File: /Volumes/SSD_LPF/sonicSolver/sonicSolver/papers/book/Frontiers of computational fluid dynamics 2006 (D. A. Caughey, M. M. Hafez) (z-library.sk, 1lib.sk, z-lib.sk).pdf Graphic file (type pdf)
<use /Volumes/SSD_LPF/sonicSolver/sonicSolver/papers/book/Frontiers of computational fluid dynamics 2006 (D. A. Caughey, M. M. Hafez) (z-library.sk, 1lib.sk, z-lib.sk).pdf, page 459>
Package luatex.def Info: /Volumes/SSD_LPF/sonicSolver/sonicSolver/papers/book/Frontiers of computational fluid dynamics 2006 (D. A. Caughey, M. M. Hafez) (z-library.sk, 1lib.sk, z-lib.sk).pdf , page459 used on input line 2168.
(luatex.def)             Requested size: 435.95395pt x 690.98349pt.
 [923

</Volumes/SSD_LPF/sonicSolver/sonicSolver/papers/book/Frontiers of computational fluid dynamics 2006 (D. A. Caughey, M. M. Hafez) (z-library.sk, 1lib.sk, z-lib.sk).pdf>] [924

]
</Volumes/SSD_LPF/sonicSolver/sonicSolver/papers/book/Frontiers of computational fluid dynamics 2006 (D. A. Caughey, M. M. Hafez) (z-library.sk, 1lib.sk, z-lib.sk).pdf, id=6736, page=460, 402.90524pt x 642.11896pt>
File: /Volumes/SSD_LPF/sonicSolver/sonicSolver/papers/book/Frontiers of computational fluid dynamics 2006 (D. A. Caughey, M. M. Hafez) (z-library.sk, 1lib.sk, z-lib.sk).pdf Graphic file (type pdf)
<use /Volumes/SSD_LPF/sonicSolver/sonicSolver/papers/book/Frontiers of computational fluid dynamics 2006 (D. A. Caughey, M. M. Hafez) (z-library.sk, 1lib.sk, z-lib.sk).pdf, page 460>
Package luatex.def Info: /Volumes/SSD_LPF/sonicSolver/sonicSolver/papers/book/Frontiers of computational fluid dynamics 2006 (D. A. Caughey, M. M. Hafez) (z-library.sk, 1lib.sk, z-lib.sk).pdf , page460 used on input line 2172.
(luatex.def)             Requested size: 435.95395pt x 694.83026pt.
 [925

</Volumes/SSD_LPF/sonicSolver/sonicSolver/papers/book/Frontiers of computational fluid dynamics 2006 (D. A. Caughey, M. M. Hafez) (z-library.sk, 1lib.sk, z-lib.sk).pdf>] [926

]
</Volumes/SSD_LPF/sonicSolver/sonicSolver/papers/book/Frontiers of computational fluid dynamics 2006 (D. A. Caughey, M. M. Hafez) (z-library.sk, 1lib.sk, z-lib.sk).pdf, id=6750, page=461, 405.31325pt x 643.56435pt>
File: /Volumes/SSD_LPF/sonicSolver/sonicSolver/papers/book/Frontiers of computational fluid dynamics 2006 (D. A. Caughey, M. M. Hafez) (z-library.sk, 1lib.sk, z-lib.sk).pdf Graphic file (type pdf)
<use /Volumes/SSD_LPF/sonicSolver/sonicSolver/papers/book/Frontiers of computational fluid dynamics 2006 (D. A. Caughey, M. M. Hafez) (z-library.sk, 1lib.sk, z-lib.sk).pdf, page 461>
Package luatex.def Info: /Volumes/SSD_LPF/sonicSolver/sonicSolver/papers/book/Frontiers of computational fluid dynamics 2006 (D. A. Caughey, M. M. Hafez) (z-library.sk, 1lib.sk, z-lib.sk).pdf , page461 used on input line 2177.
(luatex.def)             Requested size: 435.95395pt x 692.26009pt.
 [927

</Volumes/SSD_LPF/sonicSolver/sonicSolver/papers/book/Frontiers of computational fluid dynamics 2006 (D. A. Caughey, M. M. Hafez) (z-library.sk, 1lib.sk, z-lib.sk).pdf>] [928

]
</Volumes/SSD_LPF/sonicSolver/sonicSolver/papers/book/Frontiers of computational fluid dynamics 2006 (D. A. Caughey, M. M. Hafez) (z-library.sk, 1lib.sk, z-lib.sk).pdf, id=6764, page=462, 404.10875pt x 642.84065pt>
File: /Volumes/SSD_LPF/sonicSolver/sonicSolver/papers/book/Frontiers of computational fluid dynamics 2006 (D. A. Caughey, M. M. Hafez) (z-library.sk, 1lib.sk, z-lib.sk).pdf Graphic file (type pdf)
<use /Volumes/SSD_LPF/sonicSolver/sonicSolver/papers/book/Frontiers of computational fluid dynamics 2006 (D. A. Caughey, M. M. Hafez) (z-library.sk, 1lib.sk, z-lib.sk).pdf, page 462>
Package luatex.def Info: /Volumes/SSD_LPF/sonicSolver/sonicSolver/papers/book/Frontiers of computational fluid dynamics 2006 (D. A. Caughey, M. M. Hafez) (z-library.sk, 1lib.sk, z-lib.sk).pdf , page462 used on input line 2181.
(luatex.def)             Requested size: 435.95395pt x 693.5219pt.
 [929

</Volumes/SSD_LPF/sonicSolver/sonicSolver/papers/book/Frontiers of computational fluid dynamics 2006 (D. A. Caughey, M. M. Hafez) (z-library.sk, 1lib.sk, z-lib.sk).pdf>] [930

]
</Volumes/SSD_LPF/sonicSolver/sonicSolver/papers/book/Frontiers of computational fluid dynamics 2006 (D. A. Caughey, M. M. Hafez) (z-library.sk, 1lib.sk, z-lib.sk).pdf, id=6778, page=463, 406.03696pt x 643.56435pt>
File: /Volumes/SSD_LPF/sonicSolver/sonicSolver/papers/book/Frontiers of computational fluid dynamics 2006 (D. A. Caughey, M. M. Hafez) (z-library.sk, 1lib.sk, z-lib.sk).pdf Graphic file (type pdf)
<use /Volumes/SSD_LPF/sonicSolver/sonicSolver/papers/book/Frontiers of computational fluid dynamics 2006 (D. A. Caughey, M. M. Hafez) (z-library.sk, 1lib.sk, z-lib.sk).pdf, page 463>
Package luatex.def Info: /Volumes/SSD_LPF/sonicSolver/sonicSolver/papers/book/Frontiers of computational fluid dynamics 2006 (D. A. Caughey, M. M. Hafez) (z-library.sk, 1lib.sk, z-lib.sk).pdf , page463 used on input line 2186.
(luatex.def)             Requested size: 435.95395pt x 690.98349pt.
 [931

</Volumes/SSD_LPF/sonicSolver/sonicSolver/papers/book/Frontiers of computational fluid dynamics 2006 (D. A. Caughey, M. M. Hafez) (z-library.sk, 1lib.sk, z-lib.sk).pdf>] [932

]
</Volumes/SSD_LPF/sonicSolver/sonicSolver/papers/book/Frontiers of computational fluid dynamics 2006 (D. A. Caughey, M. M. Hafez) (z-library.sk, 1lib.sk, z-lib.sk).pdf, id=6792, page=464, 404.711pt x 641.5167pt>
File: /Volumes/SSD_LPF/sonicSolver/sonicSolver/papers/book/Frontiers of computational fluid dynamics 2006 (D. A. Caughey, M. M. Hafez) (z-library.sk, 1lib.sk, z-lib.sk).pdf Graphic file (type pdf)
<use /Volumes/SSD_LPF/sonicSolver/sonicSolver/papers/book/Frontiers of computational fluid dynamics 2006 (D. A. Caughey, M. M. Hafez) (z-library.sk, 1lib.sk, z-lib.sk).pdf, page 464>
Package luatex.def Info: /Volumes/SSD_LPF/sonicSolver/sonicSolver/papers/book/Frontiers of computational fluid dynamics 2006 (D. A. Caughey, M. M. Hafez) (z-library.sk, 1lib.sk, z-lib.sk).pdf , page464 used on input line 2191.
(luatex.def)             Requested size: 435.95395pt x 691.07553pt.
 [933

</Volumes/SSD_LPF/sonicSolver/sonicSolver/papers/book/Frontiers of computational fluid dynamics 2006 (D. A. Caughey, M. M. Hafez) (z-library.sk, 1lib.sk, z-lib.sk).pdf>] [934

]
</Volumes/SSD_LPF/sonicSolver/sonicSolver/papers/book/Frontiers of computational fluid dynamics 2006 (D. A. Caughey, M. M. Hafez) (z-library.sk, 1lib.sk, z-lib.sk).pdf, id=6808, page=465, 405.9155pt x 642.4803pt>
File: /Volumes/SSD_LPF/sonicSolver/sonicSolver/papers/book/Frontiers of computational fluid dynamics 2006 (D. A. Caughey, M. M. Hafez) (z-library.sk, 1lib.sk, z-lib.sk).pdf Graphic file (type pdf)
<use /Volumes/SSD_LPF/sonicSolver/sonicSolver/papers/book/Frontiers of computational fluid dynamics 2006 (D. A. Caughey, M. M. Hafez) (z-library.sk, 1lib.sk, z-lib.sk).pdf, page 465>
Package luatex.def Info: /Volumes/SSD_LPF/sonicSolver/sonicSolver/papers/book/Frontiers of computational fluid dynamics 2006 (D. A. Caughey, M. M. Hafez) (z-library.sk, 1lib.sk, z-lib.sk).pdf , page465 used on input line 2197.
(luatex.def)             Requested size: 435.95395pt x 690.03525pt.
 [935

</Volumes/SSD_LPF/sonicSolver/sonicSolver/papers/book/Frontiers of computational fluid dynamics 2006 (D. A. Caughey, M. M. Hafez) (z-library.sk, 1lib.sk, z-lib.sk).pdf>] [936

]
</Volumes/SSD_LPF/sonicSolver/sonicSolver/papers/book/Frontiers of computational fluid dynamics 2006 (D. A. Caughey, M. M. Hafez) (z-library.sk, 1lib.sk, z-lib.sk).pdf, id=6821, page=466, 401.5793pt x 640.0703pt>
File: /Volumes/SSD_LPF/sonicSolver/sonicSolver/papers/book/Frontiers of computational fluid dynamics 2006 (D. A. Caughey, M. M. Hafez) (z-library.sk, 1lib.sk, z-lib.sk).pdf Graphic file (type pdf)
<use /Volumes/SSD_LPF/sonicSolver/sonicSolver/papers/book/Frontiers of computational fluid dynamics 2006 (D. A. Caughey, M. M. Hafez) (z-library.sk, 1lib.sk, z-lib.sk).pdf, page 466>
Package luatex.def Info: /Volumes/SSD_LPF/sonicSolver/sonicSolver/papers/book/Frontiers of computational fluid dynamics 2006 (D. A. Caughey, M. M. Hafez) (z-library.sk, 1lib.sk, z-lib.sk).pdf , page466 used on input line 2201.
(luatex.def)             Requested size: 435.95395pt x 694.87929pt.
 [937

</Volumes/SSD_LPF/sonicSolver/sonicSolver/papers/book/Frontiers of computational fluid dynamics 2006 (D. A. Caughey, M. M. Hafez) (z-library.sk, 1lib.sk, z-lib.sk).pdf>] [938



] (./Frontiers_CFD_2006_zh.aux)
 ***********
LaTeX2e <2025-11-01>
L3 programming layer <2022/07/14>
 ***********


Package rerunfilecheck Warning: File `Frontiers_CFD_2006_zh.out' has changed.
(rerunfilecheck)                Rerun to get outlines right
(rerunfilecheck)                or use package `bookmark'.

Package rerunfilecheck Info: Checksums for `Frontiers_CFD_2006_zh.out':
(rerunfilecheck)             Before: <no file>
(rerunfilecheck)             After:  8AAF0885C9496E4B6BB645E2F5089CB6;42040.
)

Here is how much of LuaTeX's memory you used:
 25743 strings out of 476076
 125096,1144653 words of node,token memory allocated
 1165 words of node memory still in use:
   10 hlist, 2 vlist, 2 rule, 1 local_par, 6 glue, 4 kern, 2 penalty, 3 glyph, 232 attribute, 61 glue_spec, 31 attribute_list, 1 write, 11 user_defined nodes
   avail lists: 1:3,2:31048,3:358,4:209,5:108,6:22,7:4450,8:1,9:1894,10:67,11:96,12:1
 45140 multiletter control sequences out of 65536+600000
 74 fonts using 51016847 bytes
 90i,11n,115p,2825b,434s stack positions out of 10000i,1000n,20000p,200000b,200000s
</usr/local/texlive/2026/texmf-dist/fonts/opentype/public/lm/lmroman12-bold.otf></usr/local/texlive/2026/texmf-dist/fonts/opentype/public/fandol/FandolSong-Bold.otf></usr/local/texlive/2026/texmf-dist/fonts/opentype/public/lm/lmroman10-regular.otf></usr/local/texlive/2026/texmf-dist/fonts/opentype/public/lm/lmroman12-regular.otf></usr/local/texlive/2026/texmf-dist/fonts/opentype/public/lm/lmroman17-regular.otf></usr/local/texlive/2026/texmf-dist/fonts/opentype/public/fandol/FandolSong-Regular.otf>
Output written on Frontiers_CFD_2006_zh.pdf (942 pages, 23915564 bytes).

PDF statistics: 6929 PDF objects out of 7423 (max. 8388607)
 4699 compressed objects within 47 object streams
 1217 named destinations out of 1440 (max. 1048576)
 1 words of extra memory for PDF output out of 10000 (max. 100000000)

